ID;Institution;academic_year;location;programme;study_mode;cohort;Would you like to give your institution any other feedback on the content and organisation of your course programme?;Would you like to give your institution any other feedback on the link with professional practice / professional careers?;Would you like to give your institution any other feedback on the teachers on your course programme?;Would you like to give your institution any other feedback on support/mentoring?;Would you like to give your institution any other feedback on examination and assessment?;Would you like to give your institution any other feedback on engagement and contact?;Would you like to give your institution any other feedback on studying under special circumstances?
1;1;2026/27;Eindhoven;Software Engineering;Full-time;First-year;Ik voel me echt uitgedaagd en de kennis die ik opdoe is van zeer hoog niveau.;Meer workshops over het behalen van gespecialiseerde certificaten zouden onze carrièrestrajecten enorm versterken.;Het is moeilijk om diepgang te vinden zonder meer één-op-één sessies.;I need more specific guidelines on what 'good progress' actually looks like for this course.;The assessments sometimes test information that was not given enough dedicated time in class.;Het zou fijn zijn als de feedbackloop op vragen wat sneller en meer gestructureerd was.;Meer duidelijkheid over de criteria voor uitstel zou de stressniveau aanzienlijk kunnen verlagen.
2;1;2026/27;Tilburg;Cyber Security;Full-time;Second-year;Het is lastig om op korte termijn hulp te krijgen, ze lijken altijd al boord.;Het zou super nuttig zijn als er meer gekoppelde bedrijven voor stages beschikbaar zouden zijn.;Kunnen we meer tijd krijgen voor individuele feedback? Het is nu te overzichtelijk.;They could improve by recognizing that academic success looks different across cultures.;Meer nadruk leggen op het materiaal uit de weekonderwerpen, want dat miste in de toetsing.;Some lecturers are always available, but others take forever to answer questions.;Meer workshops over time management zijn welkom voor studenten met zorgtaken.
3;1;2026/27;Den Bosh;Artificial Intelligence;Full-time;Third-year;It was difficult to gauge success because the parameters for grading were constantly shifting.;Het zou echt waardevol zijn om te oefenen met complexe communicatie binnen een multidisciplinair team.;Het voelt alsof we meer als luisteraars zijn in plaats van actieve deelnemers aan discussies.;Zou een grotere mentorpool helpen bij betere bereikbaarheid?;Zou het mogelijk zijn om een betere afstemming te maken tussen de modules en de examenstof?;We need a clearer system for confirming location changes so we don't miss class entirely.;Ik zou graag meer keuzemogelijkheden willen zien qua modulevolgorde en diepte.
4;1;2026/27;Venlo;ICT & Business;Full-time;Fourth-year;Honestly, I feel that [NAME] is grading way too slowly, and we deserve prompt results.;Het zou helpen als de vakken meer de *soft skills* benadrukten, zoals effectief presenteren en onderhandelen.;I feel completely unsupported because getting replies takes far too long, weeks in fact.;The current interval between support meetings feels too long for me to manage effectively.;The wording used in the problem sets was confusing, making it hard to pinpoint the exact solution path.;Het zou nuttig zijn met een centrale contactpagina met alle relevante personen.;Meer begrip voor de mentale belasting van internationale wedstrijden zou gewaardeerd worden.
5;1;2026/27;Eindhoven;HBO-ICT;Full-time;First-year;Overall, the material is good, but could benefit from some clearer structural outlines.;Having frequent guest speakers would help bridge the gap between theory and practice effectively.;Het is teleurstellend dat we zo weinig diepgaand, individueel advies krijgen.;Alumni talks were wonderful, hearing real-world career journeys was very inspiring for me.;De aanpassingen voor mensen met leerstoornissen zijn echt een enorme verbetering.;A dedicated student lounge with more collaborative spaces would greatly enhance the feeling of belonging.;Could there be clearer pathways on campus that are suitable for everyone?
6;2;2026/27;Tilburg;Software Engineering;Full-time;Second-year;Het is teleurstellend dat we zo weinig sessies hebben om de materie volledig te bestrijken.;Het zou fantastisch zijn als we meer kansen kregen om echte werkplekken te bekijken en de processen te zien.;I wish the instructors spent less time on slides and more time discussing real-world case studies.;Het zou fijn zijn om meer informatie over diverse carrières na afstuderen te ontvangen.;The feedback felt very general, like 'improve your writing,' but didn't help much.;Ik hoop dat er meer flexibiliteit is in de bereikbaarheid van de professoren na 17:00 uur.;Het zou waardevol zijn om de keuzes binnen de studie meer te kunnen personaliseren.
7;2;2026/27;Den Bosh;Cyber Security;Full-time;Third-year;De uitleg van de complexere onderwerpen was soms te snel en miste voldoende concrete voorbeelden.;Dedicated workshops on professional branding and networking etiquette would be very beneficial.;We missen meer 'informele' ontmoetingsplekken online, wat essentieel is voor een goed gevoel van gemeenschap.;De communicatie over aanpassingen is vaak traag en ik weet niet wie ik moet aanspreken.;Ik zou graag zien dat er een strakkere deadline komt voor het ontvangen van de eindbeoordelingen.;The online forums could use clearer moderation and more student-to-student discussion prompts.;Nog meer aandacht voor de sociale aspecten, niet alleen het studiemateriaal, alsjeblieft.
8;1;2026/27;Venlo;Artificial Intelligence;Full-time;Fourth-year;Waarom is [NAME] zo langzaam met het teruggeven van onze examens? Dit is slecht.;Het zou fijn zijn als de koppeling met bedrijven meer verplicht was voor alle studenten.;Ik voel me soms wat verloren in de massa, meer persoonlijke aandacht zou geweldig zijn.;Het zou geweldig zijn als er een expliciet stappenplan was voor elke cursus, met duidelijke mijlpalen.;It feels like the exams test advanced concepts without proper foundational preparation.;"De begeleiding was inconsistent; het voelde alsof ik op het laatste moment vergeet te vragen.";"The counselors need more empathy; it felt transactional and rushed during my appointment."
9;1;2026/27;Eindhoven;ICT & Business;Part-time;First-year;Het vakgebied wordt zo goed belicht dat ik me nu zeker voel voor mijn toekomstige carrièrepad.;Graag zou ik meer projecten willen doen die vereisen dat we commerciële tools en workflows toepassen.;It is tough to get specific feedback because the teaching style feels very general and broadcasted.;Deze peer supportnetwerken hebben echt bijgedragen aan een positieve en ondersteunende sfeer.;Zou het mogelijk zijn om een centraal punt te creëren voor alle toegankelijkheidsinformatie?;Could we have more structured group sessions with coaches? It would boost motivation.;Their empathy made the whole experience much less stressful and much more manageable.
10;1;2026/27;Tilburg;HBO-ICT;Full-time;Second-year;Ik heb ervaren dat de digitale toetsmaterialen soms niet goed functioneren of niet beschikbaar zijn.;Het is fijn, maar meer begeleiding bij het vinden van grotere, internationale stages zou beter zijn.;De wachttijd voor een reactie van de begeleiding is problematisch en vermindert de studentervaring.;It’s great having a supportive peer community, it truly enhances the educational journey here.;A mix of practical skills and theoretical knowledge would be much fairer for grading.;Perhaps a single directory with clear roles and responsibilities would solve this confusion.;I wish there was a clearer roadmap for special grant eligibility criteria.
11;1;2026/27;Den Bosh;Software Engineering;Full-time;Third-year;Could we get more real-world case studies? De theorie staat soms los van de praktijk.;More structured paths to industry-standard certifications would be greatly beneficial for graduates.;Deze hoge mentor-overloop is erg slordig en ondermijnt het leerproces volledig.;Perhaps moving to bi-weekly support sessions would provide much-needed continuity and guidance.;Het helpt enorm als we binnen twee weken na het examen de resultaten kunnen zien.;I really appreciate the resources, but the human connection sometimes feels missing and automated.;Het is prima, maar de links in de syllabus leiden soms naar verouderde of niet-bestaande pagina's.
12;2;2026/27;Venlo;Cyber Security;Full-time;Fourth-year;It feels like the teaching load is too light, we need more time in the classroom.;Ik pleit voor meer simulaties die echte bedrijfsprocessen nabootsen en data gebruiken.;Ik voel me erg gesteund door de docenten die altijd hulp aanbieden zonder dat we vragen.;Het was fijn dat er een vertrouwenspersoon was, dat gaf me veel rust.;"De communicatie over aanpassingen is inconsistent; we hebben meer duidelijkheid nodig.";I really wish we had more organized social events for different student groups.;Het personeel was erg attent en gaf mij de ruimte die ik nodig had voor mijn gezondheid.
13;2;2026/27;Eindhoven;Artificial Intelligence;Full-time;First-year;We really need more efficient grading, [NAME]'s assessments are taking too long to grade.;Het zou nuttig zijn als de gastcolleges meer gericht zijn op specifieke carrières.;Het is echt frustrerend dat ik weken moet wachten op een reactie op mijn dringende e-mails.;Het is een goede start, maar het gebrek aan culturele bewustzijn zorgt soms voor uitsluiting.;Het gevoel is dat sommige beoordelingen te subjectief waren zonder duidelijke richtlijnen.;De materiële hulp was goed, maar het gebrek aan menselijk contact maakte het minder effectief.;I appreciate the understanding, but the load of academic work occasionally clashes with my performance demands.
14;1;2026/27;Tilburg;ICT & Business;Full-time;Second-year;Could the teachers provide more varied teaching methods besides just slide presentations?;Het zou nuttig zijn om meer workshops te houden over professioneel presenteren en publieke spraakvaardigheden.;Ik denk dat meer aandacht voor de interdisciplinaire verbanden zou een grote verbetering zijn.;Ik zou meer flexibiliteit willen zien in de beschikbaarheid van de begeleiders, vooral na school.;I suggest checking all required software compatibility before the actual exam day.;The lack of consistent updates on Zoom links is a major headache for attendance.;Please ensure that all restroom facilities meet current universal design standards across the campus.
15;2;2026/27;Den Bosh;HBO-ICT;Full-time;Third-year;It would be great if there was a dedicated office hour with clearer guidelines.;Het zou helpen met extra workshops over staartvaardigheden en netwerken.;De technische ondersteuning moet verbeteren, online lessen vallen te vaak uit elkaar.;Sometimes emotional support feels like an afterthought when grades are the main focus.;The latency issues really impacted my ability to answer quickly and accurately.;The platform needs better real-time alerts for any necessary changes to the coursework.;"Mijn docent nam de tijd om het materiaal op een andere manier uit te leggen; dat was fijn."
16;2;2026/27;Venlo;Software Engineering;Full-time;Fourth-year;De frequentie en duur van de lessen zijn echt te minimaal voor een zo rijk programma.;Dutch: Het zou helpen om de software die we leren te matchen met de tools in de industrie.;It's frustrating how long it takes to get a simple clarification on the module requirements.;More workshops on mindfulness would really help students manage anxiety effectively.;Het zou veel waard zijn als de feedback gepersonaliseerd was naar mijn individuele leerachterstanden.;We zouden meer praktische sessies moeten hebben om de stof echt te kunnen toepassen.;Could we have more options to adjust the intensity of the coursework? It feels too demanding.
17;1;2026/27;Eindhoven;Cyber Security;Full-time;First-year;I hope [NAME] can improve the grading timeline, we are waiting far too long for results.;Het zou fijn zijn als de technologie in de klas dichter bij de werkvloer zou komen, bijvoorbeeld met Jira.;Meer aandacht voor het behoud van het docententeam is cruciaal voor succes.;I really valued the personalized academic roadmap created for my program.;Het is vaak onduidelijk of we theoretisch of praktisch moeten antwoorden bij die specifieke vraag.;A centralized notification system for all course updates would be a massive improvement for students.;"De ondersteuning die ik kreeg was uitmuntend; ze keken echt om me heen als student."
18;1;2026/27;Tilburg;Artificial Intelligence;Part-time;Second-year;Ik voelde dat er simpelweg te weinig uren waren om de stof grondig te kunnen behandelen.;Het zou helpen om meer alumni-panels te organiseren voor directe carrièreraden.;De docenten lijken meer bezig te zijn met de administratie dan met daadwerkelijke begeleiding van de studenten.;The guidance on selecting elective courses was incredibly helpful for my overall degree plan.;It would be beneficial to see clearer guidelines on the expected depth of critical analysis for higher grades.;Het voelt soms alsof ik alleen maar een dossiernummer ben, zonder echt menselijk contact.;Betere communicatie over gemiste lessen zou mijn academische voortgang echt helpen.
19;1;2026/27;Den Bosh;ICT & Business;Full-time;Third-year;De docenten zijn experts en hun passie voor het vak straalt echt door in de lessen.;Het zou super zijn als er meer georganiseerde uitstapjes naar diverse sectoren waren.;I think the proactive mentorship approach elevates the entire educational quality here significantly.;More specialized workshops on interview techniques, especially behavioral questions, would be excellent.;Ik denk dat een betere verdeling van de examens en het coursework meer zou helpen.;Het zou fantastisch zijn als er een mentorprogramma was, om meer directe begeleiding te krijgen.;"Ik waardeerde de open communicatie; niemand voelde zich gestoord met mijn situatie."
20;2;2026/27;Venlo;HBO-ICT;Full-time;Fourth-year;I suggest improving the reliability of the technical tools provided for coursework.;Our assignments feel disconnected because the technology we use here isn't market-relevant.;They seem disconnected from the practical realities students face outside the lecture hall.;De peer support groepen waren super waardevol, het voelde echt goed om met medestudenten te kunnen praten.;Zou een groter aandeel van het eindcijfer kunnen komen uit projecten en presentaties?;Ik zou meer contact willen met oudere studenten die tips kunnen geven en een gevoel van verbondenheid creëren.;The lack of alt-text on diagrams makes some modules nearly impossible to grasp fully.
21;1;2026/27;Eindhoven;Software Engineering;Full-time;First-year;Ik heb moeite met de inconsistentie in de feedback, soms is het vaag en onduidelijk.;Could we have more diverse speakers covering different sectors of the industry?;I wish there was a clearer pathway to mentoring specifically designed for distance learners.;Het zou helpen als de mentoruren consistent en duidelijk gecommuniceerd werden voor iedereen.;Some assessments feel like they are based on material that was supplementary, not core.;It would be helpful to know if office hours are properly advertised and followed.;I suggest reviewing the accessibility of the lecture halls for diverse needs.
22;2;2026/27;Tilburg;Cyber Security;Full-time;Second-year;We need more consistent updates, because the communication from different sources is mixed.;Misschien meer gastcolleges van mensen die al in de industrie werken over carrièrepaden.;Zou het niet kunnen dat er een alternatief voor dit falende boekingssysteem komt?;Ik waardeer de openheid, maar ik hoop op meer erkenning en validatie van mijn culturele ervaringen.;Could we please see more resources for managing high-stakes assessment anxiety?;Ik zou graag meer interactie willen hebben over de praktijktoepassing van de theorie.;Providing clearer timelines for financial aid decisions would greatly reduce student anxiety.
23;2;2026/27;Den Bosh;Artificial Intelligence;Full-time;Third-year;Het is jammer dat de colleges zo kort zijn, we hebben meer diepgang nodig.;"We moeten de bereikbaarheid van de carrièrecentrale verbeteren; het is momenteel te lastig.";We really need more dedicated virtual office hours, the online students feel completely forgotten.;De sfeer van samenwerking tussen studenten is fantastisch en ik wil dat meer zijn.;Kunt u de evaluatiemethoden iets diversifiëren? Een mix van praktijk en theorie is ideaal.;I think personalized outreach, maybe workshops, would boost engagement far more than another online questionnaire.;Het is lastig om op tijd te komen als de hellingen soms erg steil zijn en een rolstoel nodig hebben.
24;2;2026/27;Venlo;ICT & Business;Full-time;Fourth-year;Could the department improve communication regarding teacher availability outside class?;Could you organize more industry talks to guide our internship search effectively?;Het is echt vervelend dat er altijd een foutmelding verschijnt bij het boeken.;Ik wil meer weten over het vinden van gespecialiseerde vacatures en het sollicitatieproces daartoe.;The grading process was mostly fine, but some aspects felt more like educated guessing than objective assessment.;I felt completely overlooked during my recent one-on-one tutoring session.;My professors handled my specific needs with professionalism and genuine care.
25;1;2026/27;Eindhoven;HBO-ICT;Full-time;First-year;Why is [NAME] always taking so long with grading? It impacts our academic planning significantly.;Ik vind het goed, maar het zou beter zijn als de experts dieper ingingen op case studies.;De begeleiding voelt meer als een massa-uitzending dan individueel advies, wat frustrerend is.;Kunt u meer uitleggen wat het verschil is tussen 'goed' en 'uitmuntend' in dit vak?;"De mentale belasting van deze examens is te hoog; flexibelere deadlines zijn nodig.";I wish the teaching staff could be more readily available for quick questions outside of class hours.;The counselors should offer more flexible scheduling options for their meetings.
26;1;2026/27;Tilburg;Software Engineering;Full-time;Second-year;We zouden baat kunnen hebben bij extra collegezalen voor betere begrip.;Could the coursework incorporate real-world client scenarios instead of hypothetical ones?;The assessment methods don't seem to align with the skills we actually need in the job market.;I appreciate the thoughtful direction on maximizing my academic potential throughout the program.;Offering alternative assessment options, like pitches, would be highly beneficial for us.;Could the institution provide clearer hours for staff availability so we know when to reach out?;Het zou fijn zijn met een meer gestructureerd plan voor langdurige begeleiding naast de initiële hulp.
27;1;2026/27;Den Bosh;Cyber Security;Part-time;Third-year;Het lijkt alsof de docenten overbelast zijn en niet genoeg tijd voor studenten hebben.;Het zou nuttig zijn om projecten te koppelen aan echte lokale bedrijven in de regio.;Maybe the institution could organize formal workshops for the student mentors themselves.;We need better emotional literacy training integrated into the student experience overall.;Can the institution please communicate better about the grade release schedule and expected delays?;De reactiesnelheid op platforms zoals Teams zou echt verbeterd kunnen worden, dan voelt het minder gefragmenteerd.;Allowing us to tailor the study pace would help us absorb complex material more thoroughly.
28;1;2026/27;Venlo;Artificial Intelligence;Full-time;Fourth-year;The faculty provides insightful perspectives that extend beyond the textbook material.;More assignments utilizing anonymized data from established companies would be extremely valuable.;De docenten zorgen ervoor dat we nooit het gevoel hebben dat we een vraag moeten ophopen.;Could we perhaps organize more sessions focusing on industry-specific skills and job market trends?;Kunt u specifieker zijn over de zwakke punten in mijn redenering? Dat zou enorm helpen.;Het zou fijn zijn om een keer een seminar te hebben waar we echt uitgebreid kunnen brainstormen.;Het is duidelijk dat het personeel de studenten echt wil helpen, wat heel waardevol is.
29;1;2026/27;Eindhoven;ICT & Business;Full-time;First-year;Ze communiceren niet goed genoeg over de verwachtingen voor het examen, we weten het niet zeker.;Het zou geweldig zijn om een mentor te hebben van een professional die ons door case-studies leidt.;It makes us doubtful when the personal advice contradicts what the department handbook says.;Ik vind de kans om informeel met medestudenten te netwerken enorm waardevol voor de algemene ervaring.;The connection between the exam question and the required material was sometimes unclear.;Having a dedicated FAQ page for logistical changes would save so much confusion and wasted time.;De docenten waren heel begripvol en boden veel flexibiliteit met de deadlines.
30;2;2026/27;Tilburg;HBO-ICT;Full-time;Second-year;Het zou fijn zijn als de colleges meer case studies bevatten in plaats van alleen theorie.;We zouden meer tijd moeten besteden aan het opzetten van een realistisch portfolio dat we aan potentiële werkgevers kunnen tonen.;They need clearer guidelines on how to handle academic doubts from students.;Kunnen de begeleiders laten zien hoe ik mijn vaardigheden echt kan verbeteren?;Ik denk dat sommige examens te veel leunen op mondelinge vaardigheden, wat ongelijk kan zijn.;De responstijd op vragen van studenten, zeker buiten collegeuren, is soms te langzaam.;Could the specialized labs provide more flexible and adaptable workspaces for everyone?
31;1;2026/27;Den Bosh;Software Engineering;Full-time;Third-year;Het zou nuttig zijn als we de theorieën meer kunnen koppelen aan actuele bedrijfsvoorbeelden.;Graag meer hulp bij het schrijven van cv's en het voorbereiden op die moeilijke sollicitatiegesprekken voor stages.;De docenten zorgen ervoor dat wij ons niet overweldigd voelen, altijd met een oog voor ons welzijn.;Ik waardeer de middelen, maar ik zou meer praktische tools voor veerkracht willen.;De terminologie in sommige vraagstukken was onduidelijk en kon leiden tot verkeerde interpretaties.;Ik hoop op meer bijeenkomsten die rekening houden met verschillende culturele achtergronden.;Het is cruciaal dat de technische ruimtes ook aangepaste, toegankelijke werkplekken bieden voor iedereen.
32;2;2026/27;Venlo;Cyber Security;Full-time;Fourth-year;Kunt u het beleid over de beoordeling van [NAME] aanpassen? Het duurt oneindig lang.;"Graag meer excursies naar diverse sectoren; het zien van de werkvloer is onbetaalbaar.";Kunnen we alsjeblieft één vaste mentor krijgen? De turnover is onacceptabel.;I really need a system to better track mentor availability and book timely slots.;De beoordelingscriteria waren duidelijk, maar de uiteindelijke score voelde soms willekeurig aan.;When staff are quick to respond, I feel much more supported in my academic journey.;De toiletten op de begane grond zouden meer universeel ontworpen moeten zijn.
33;1;2026/27;Eindhoven;Artificial Intelligence;Full-time;First-year;The turnaround time for feedback is simply too slow for us to make timely improvements.;Could we have smaller, more focused meetups instead of large general career expos?;Could they please stabilize the teaching staff? The high turnover is seriously disrupting my whole experience.;Het contact met de begeleiders is oké, maar ze moeten beter afstemmen op de unieke studentbehoeften.;The delayed feedback significantly impacts my ability to understand my weaknesses and improve.;Kunnen we een vaste communicatiemethode hebben voor wijzigingen, dan weet ik wat ik kan verwachten?;Could there be better designated study areas that are fully accessible to wheelchair users?
34;2;2026/27;Tilburg;ICT & Business;Full-time;Second-year;Overall, the teaching style is engaging, but slowing down on the core concepts would really help.;It would really help to incorporate live data from actual businesses into our assignments.;Het voelt alsof we alleen maar geluisterd worden naar, zonder daadwerkelijke interactie of feedback.;De peer support sessies waren heel nuttig en hielpen mij om meer enthousiast te raken over mijn studie.;Ik hoop echt op een betere en snellere manier om beoordeling en feedback te ontvangen.;Het is nog niet duidelijk wie ik raadpleeg moet voor mijn financiële vragen versus academisch advies.;Ik merk soms dat de online leesmateriaal te zwaar is voor een schermlezer, wat frustrerend is.
35;1;2026/27;Den Bosh;HBO-ICT;Full-time;Third-year;Er is meer duidelijkheid nodig over de gewichten van de verschillende gedeelten van het examen.;Het zou fijn zijn als er een mentorprogramma was met ervaren professionals die ons begeleiden.;Honestly, the difficulty in securing a slot is a major time sink for students like me.;I found the tailored workshops on professional skills genuinely impactful.;Some topics tested in the final exam were barely touched upon during class time.;I think a simple contact directory distinguishing roles would make things much smoother for students.;Ik denk dat betere communicatie tussen de counselors en de docenten nodig is voor een completer beeld.
36;2;2026/27;Venlo;Software Engineering;Part-time;Fourth-year;We need more clarity on how much emphasis should be placed on the practical versus theory.;Het zou helpen om meer simulaties te doen met de tools die echt in het beroepsleven worden ingezet.;Wat helpt het studieverloop als de begeleiders constant veranderen?;Het is moeilijk om te voelen dat de faculteit echt reageert op de zorgen van de studentenpopulatie.;Overall, the assessment felt fair, but I suggest standardizing the weighting across modules.;A clearer protocol for urgent student contacts would greatly improve the overall student experience.;"Het is lastig om te navigeren door de financiële hulp; meer overzicht wordt gewaardeerd."
37;2;2026/27;Eindhoven;Cyber Security;Full-time;First-year;Het is heel moeilijk om afspraken te krijgen, de docenten zijn bijna nooit bereikbaar.;Het zou nuttig zijn om meer praktische oefeningen met commerciële, professionele tools te krijgen.;It would be fantastic to have dedicated time for personalized academic support, not just group lectures.;I really appreciate the one-on-one sessions with the alumni network, it was very insightful.;Ik zou graag meer nadruk zien op het afstemmen van de toetsing op de werkelijke leerdoelen.;Graag meer gekoppelde activiteiten met andere studierichtingen om de netwerkbanden te versterken.;Kunnen jullie meer ondersteuning bieden bij het regelen van kinderopvang tijdens campusdagen?
38;1;2026/27;Tilburg;Artificial Intelligence;Full-time;Second-year;I really need timely grades, [NAME], because this slow grading is causing me unnecessary stress.;Het zou super zijn als we meer werken met echte, complexe bedrijfsprojecten in de cursus.;Het is moeilijk om echt persoonlijke vragen te stellen bij een zo groot publiek.;Ik zou graag een systeem willen waar we kunnen zien wanneer een mentor beschikbaar is.;Ik zou meer gewicht moeten leggen op continue beoordeling dan op grote tentamens.;Graag meer internationale student-specifieke mentorprogramma's om de integratie te vergroten.;Their dedication is clear, but I feel the emotional support sometimes outweighs the actionable advice.
39;1;2026/27;Den Bosh;ICT & Business;Full-time;Third-year;De verwachtingen rondom het aantal te leveren projecten zijn te hoog voor ons.;Het zou super zijn als de guest lectures frequenter georganiseerd zouden worden.;I wish the instructors offered more one-on-one sessions instead of just large lectures.;Het advies over cv-optimalisatie hielp me enorm bij mijn sollicitaties.;The weighting between different parts of the assessment needs clearer explanation to prevent confusion.;Het zou mooi zijn als de faculteit meer nadruk legt op het gevoel van collectieve betrokkenheid.;It would really help if the scholarship options were more transparent for students.
40;1;2026/27;Venlo;HBO-ICT;Full-time;Fourth-year;The pace of feedback is really slow, which significantly delays my ability to progress.;Het zou fijn zijn als we meer projecten konden doen met industry-standard software, net als in het veld.;Het zou beter zijn als er meer ruimte was voor kritische vragen die niet meteen worden afgerond.;De psychologische hulp was echt waardevol, ik voelde me erg gehoord en gesteund.;Ik vind dat de focus te veel ligt op één examen en dat is overweldigend.;Kleine workshops of activiteiten naast de studie zou de sociale cohesie enorm verbeteren.;The learning management system feels clunky and doesn't always work with assistive technologies.
41;1;2026/27;Eindhoven;Software Engineering;Full-time;First-year;[NAME] is erg deskundig, hoewel de theorie soms wat te abstract voelt voor mij.;More mentorship from recent graduates who have successfully completed their careers.;Ik waardeer de hulp enorm, maar soms voelt het alsof de mentoren zelf ook worstelen met de stof.;Het feedbackgesprek met de alumni was geweldig en gaf me veel inspiratie voor mijn loopbaan.;De examensdruk voelt echt overweldigend en ik zou meer mentale steun willen.;Soms voelt de ondersteuning te algemeen en niet direct toepasbaar op mijn vakgebied.;Meer contactmomenten met docenten, zodat het begrip persoonlijker wordt.
42;2;2026/27;Tilburg;Cyber Security;Full-time;Second-year;Kunnen we meer duidelijkheid krijgen over hoe het gewicht van de verschillende onderdelen wordt bepaald?;Meer cursussen over het navigeren door de complexe jobmarkt na de afstudering zouden zeer waardevol zijn.;De communicatie van de begeleiders is te traag, het belemmert ons studieproces enorm.;Een kleine erkenning van de inspanningen is al genoeg om mij gemotiveerd te houden.;Having to troubleshoot technical errors while taking a test is genuinely stressful and unfair.;I think some extra office hours for personalized questions would be really helpful.;They need more workshops on self-advocacy skills, not just academic adjustments.
43;1;2026/27;Den Bosh;Artificial Intelligence;Full-time;Third-year;Smith’s grading turnaround time is unacceptable and greatly undermines our ability to learn effectively.;Graag meer gekoppelde projecten waarbij we echt mee kunnen denken met professionele teams.;The current setup lacks the intimacy needed for true academic mentorship.;The resources available for anxiety are helpful, although I wish they were more widely publicized.;"Het is moeilijk te navigeren welke accommodatie precies van toepassing is; meer uitleg is nodig.";De technische infrastructuur en de wifi op afstand moet echt flink verbeterd worden, het is frustrerend.;Could the library consider elevating the entrance area for easier access for wheelchairs?
44;1;2026/27;Venlo;ICT & Business;Full-time;Fourth-year;Communication from some lecturers is often unclear, making it hard to follow the course material.;Het zou nuttig zijn met meer sectie-specifieke carrièregidsen voor bachelorstudenten.;I feel like the instructors just read slides and didn't engage us with practical examples.;Ik voelde me soms genegeerd toen ik vragen stelde aan mijn mentor, een sneller antwoord zou fijn zijn.;"Het was moeilijk om de exacte scope van vraag drie te bepalen; de instructies waren dubbelzinnig.";Meer uitdagingen die directe, korte online interactie vereisen zouden de leerervaring intensiever maken.;Het zou helpen als de afdelingen meer coördineren over de verschillende verplichte aanpassingen.
45;1;2026/27;Eindhoven;HBO-ICT;Part-time;First-year;We struggle to get timely help because the teachers are rarely present outside of lectures.;Could the coursework integrate more with real-world professional tools, making the transition smoother?;Het is moeilijk om gemotiveerd te blijven als men zo lang niets hoort.;Het zou helpen als we vaker, misschien wekelijks, de voortgang van de studenten konden bespreken.;More specific examples within the prompt would greatly help with interpreting the scope of the required answer.;Kunt u specifieker zijn over wie verantwoordelijk is voor het inschrijven voor electieve vakken?;The ramp leading to the science block gets very slippery when it rains, which is a safety issue.
46;1;2026/27;Tilburg;Software Engineering;Full-time;Second-year;A little more dedicated time for group projects would significantly improve our understanding.;Could we organize more employer panel discussions that cover varied career paths within our field?;This slow pace of mentor responses seriously hampers our ability to progress effectively.;Having a centralized booking system for all available mentors would be super helpful.;De toetsing voelt momenteel te ver verwijderd van de dagelijkse cursusdiscussies.;"Wat een verbetering met de updates; ik weet altijd wat de nieuwe details zijn.";Ik voelde me enorm gesteund door het personeel wat betreft mijn tijdelijke uitvalperiodes.
47;2;2026/27;Den Bosh;Cyber Security;Full-time;Third-year;I wish there was a more reliable system for accessing the professors outside of class time.;I hope the institution considers offering certifications from leading industry bodies.;Meer contact met ervaren mentoren die in de praktijk werken, dat zou geweldig zijn.;Ik hoop dat er meer informele bijeenkomsten zijn waar we casual kunnen netwerken met elkaar.;Ik denk dat korte, frequente beoordelingen beter zijn dan één grote eindtoets.;"Mijn mentor nam de tijd voor mij; hij gaf mij echt het gevoel dat ik persoonlijk werd begeleid.";Could the institution consider extending hours for drop-in mental wellness services?
48;2;2026/27;Venlo;Artificial Intelligence;Full-time;Fourth-year;It feels like the faculty truly understands the cutting edge of this field.;Ik zou graag zien dat we onze vaardigheden testen met casussen uit diverse sectoren.;Ik heb al drie keer gemist dat ik een slot kon boeken door systeemfouten. Dit moet beter.;Het beleid is goed, maar er is meer behoefte aan culturele competentie bij de docenten.;Please consider reducing the sheer number of high-stakes exams in one grading period.;De updates via e-mail zijn altijd te laat en te vaag, wat echt frustrerend is.;We need a more standardized procedure so that everyone is treated fairly regarding extensions.
49;2;2026/27;Eindhoven;ICT & Business;Full-time;First-year;Was de beoordeling gebaseerd op inhoud of meer op de presentatiekwaliteit, dat is onduidelijk.;Wij zouden graag meer industriebezoeken willen, want het zien van de operatie is echt onbetaalbaar voor de leercurve.;Kortom, meer connectiepunten met de arbeidsmarkt maken ons studeren completer.;Het zou nuttig zijn om na elke sessie een korte opsomming te krijgen van de actiepunten voor thuis.;Misschien meer gekoppeld leerwerk dat minder afhankelijk is van memorisatie en meer van toepassing.;I wish there were more casual, informal meetups that welcome students from all backgrounds.;Ik voelde me gehoord en gesteund door de begeleiders tijdens dit moeilijke jaar.
50;1;2026/27;Tilburg;HBO-ICT;Full-time;Second-year;Het is frustrerend dat we vaak moeten wachten op de verplichte online hand-outs.;Het zou waardevol zijn om de diverse werkvormen in de industrie te zien via een aantal extra excursies.;Ik weet niet wat ik moet geloven, de tips van de docent gaan tegen de dept. regels in.;Het zou helpen als meer docenten de nuances van verschillende culturen begrijpen.;We ask for a definite policy regarding the maximum waiting time for assessment outcomes.;Kunt u het aantal contactpersonen per cursus vergroten? Het is te overweldigend soms.;De flexibiliteit van de cursusplanning is echt cruciaal om mijn zorgverantwoordelijkheden te managen.
51;1;2026/27;Den Bosh;Software Engineering;Full-time;Third-year;The group discussions are excellent, making the complex material much easier to grasp overall.;Het zou geweldig zijn met verplichte praktijkdagen of shadowing programma's al tijdens de studie.;De interactie was minimaal, en het leek meer een verplichte, ingevulde cursus dan een echte les.;Ik zou graag zien dat mentoren meer flexibele afspraken konden maken.;De examenvragen vereisten meer context om echt goed te kunnen beantwoorden.;"I really appreciate the proactive emails regarding the syllabus adjustments; it was very helpful.";Ik zou graag meer ruimte willen voor diepere verkenning van specifieke onderwerpen.
52;2;2026/27;Venlo;Cyber Security;Full-time;Fourth-year;Het zou veel nuttiger zijn als we meer praktijksessies zouden krijgen, de theorie alleen volstaat niet.;Could the institution collaborate with industry bodies to streamline certification recognition?;De structuur van de mentorbegeleiding heeft veel potentie, maar vereist professionelere begeleiding.;Ik waardeerde de complimenten over mijn werk enorm, het gaf me een extra boost.;Generally fair, but some grading felt arbitrary compared to the exam performance.;Meer reactiviteit van de assistenten zou de leerervaring aanzienlijk verbeteren, echt.;It would be greatly helpful to know the application process for emergency funding.
53;2;2026/27;Eindhoven;Artificial Intelligence;Full-time;First-year;De quizplatformen werken vaak slecht, wat het leren heel erg frustrerend maakt.;More focus on agile development practices would make the connection to the tech industry much more relevant.;The focus seems heavily weighted towards theory, neglecting the hands-on skill development we require.;Ik hoop dat jullie meer workshops over stressmanagement aanbieden, dat zou helpen.;Verander de focus van memorisatie naar uitgebreide projectmatig werken, alstublieft.;Het contact met docenten buiten collegeuren zou de leerervaring veel persoonlijker maken.;Het personeel reageerde met veel begrip en was altijd bereid om alternatieve oplossingen te zoeken.
54;1;2026/27;Tilburg;ICT & Business;Part-time;Second-year;We zouden meer structuur willen zien in de feedback, het is nu vaak te vaag.;Could the coursework incorporate more real-world data from actual industry partners?;Ik zou graag meer persoonlijke sessies willen in plaats van deze grootschalige presentaties.;Ik zou meer sessies over specifieke sectorvaardigheden, zoals data-analyse, willen volgen.;We zouden enorm profiteren van een snellere en transparante publicatie van de examencijfers.;Ik zou graag meer gevarieerde interactieve quizzen zien die onze kennis direct testen tijdens de sessies.;De counselors waren behulpzaam, maar ik zou meer gepersonaliseerde planningssessies willen over studiemogelijkheden.
55;1;2026/27;Den Bosh;HBO-ICT;Full-time;Third-year;The quality of instruction makes me feel genuinely prepared for the demanding professional world.;We really need more guidance on professional communication, especially via email and formal report writing.;De studentenmentoren zijn een pluspunt, maar de kwaliteit wisselt enorm.;It would be great if there was a rotating pool of mentors so the load isn't always on the same people.;A balance between comprehensive exams and ongoing assignments would really improve the learning process.;I wish the teaching staff were more readily available for quick consultation outside of class time.;De lift in het studentenhuis is soms kapot, wat het moeilijk maakt voor mensen met mobiliteitsproblemen.
56;1;2026/27;Venlo;Software Engineering;Full-time;Fourth-year;It would be greatly appreciated if the course acknowledged diverse sexual orientations more openly.;Ik zou echt meer sitebezoeken willen om te zien hoe de industrie in het echt werkt.;Ik denk dat er een manuele back-up optie zou helpen bij de boekingsproblemen.;Mijn mentor gaf duidelijke stappen om mijn carrièredoelen te bereiken, wat super was.;De vragen waren vaak te vaag, ik had meer duidelijke instructies nodig over de scope.;De communicatie over de opzet van het examen was traag en onduidelijk, meer anticipatie is gewenst.;Ik merk dat de huidige processen te complex zijn om snel een aanpassing te krijgen.
57;1;2026/27;Eindhoven;Cyber Security;Full-time;First-year;De docent spreekt zo snel dat ik moeite heb om alle informatie goed bij te houden.;It would be great to have more industry guests sharing real-world career insights with us.;Could you stabilize the mentor pool? We're already struggling with the curriculum itself.;De kans om van oudere studenten te leren was onbetaalbaar, echt goede initiatief.;De toetsing lijkt soms af te wijken van de primaire leerdoelen die in de syllabus staan.;Het zou fijn zijn als docenten sneller reageren op e-mails, vooral voor dringende vragen.;Het zou fijn zijn als er meer duidelijke bewegwijzering naar de aangepaste klaslokalen was.
58;1;2026/27;Tilburg;Artificial Intelligence;Full-time;Second-year;Could the curriculum incorporate more voices from non-Western scholars for a better global view?;I feel like the current resources are a bit outdated compared to what employers expect.;We hebben echt meer gepersonaliseerde aandacht nodig om het materiaal volledig te beheersen.;Zou het kunnen dat we vaker korte check-ins doen in plaats van één grote sessie?;The grading criteria were clear, making the assessment process feel quite fair overall.;Ik word te vaak verrast door laatste-minuut wijzigingen, wat zeer onprofessioneel voelt.;Het zou waardevol zijn om een grotere groep studenten in de counseling te laten zien.
59;1;2026/27;Den Bosh;ICT & Business;Full-time;Third-year;I feel like reaching the instructors is nearly impossible unless you show up at random times.;Ik zou graag workshops volgen over het presenteren van onderzoeksresultaten in een zakelijke setting.;Zou de docent wat meer enthousiasme kunnen tonen, het was wat vlak.;Could the office provide a dedicated scheduling system to make it easier?;The assessment process was fair, yet some students felt the final score was arbitrary.;We could really use more opportunities for cross-cohort social interaction and shared activities.;Meer flexibiliteit in het inleveren van assignments zou de stress enorm verminderen voor alle studenten.
60;2;2026/27;Venlo;HBO-ICT;Full-time;Fourth-year;The commitment to high academic standards is genuinely commendable and helpful for us.;Meer aandacht voor het geven van duidelijke, zakelijke presentaties zou mijn CV flink opwaarderen.;Het is moeilijk om te studeren als de antwoorden na weken komen, dit is een groot probleem.;I appreciate the detailed advice regarding elective courses and potential research tracks.;Sommige assessments waren eerlijk, maar de mix van beoordelingsmethoden verwarrend.;Graag een duidelijker overzicht van de veranderingen in de locatie, zodat we ons niet verliezen.;Het zou nuttig zijn om vroege aankondigingen te doen over mogelijke wijzigingen in examenschema's.
61;2;2026/27;Eindhoven;Software Engineering;Full-time;First-year;De docenten lijken erg overbelast, waardoor feedback moeilijk te krijgen is.;Het zou een cursus over salarisonderhandeling en carrièredoelen na studie nuttig zijn.;Er is behoefte aan een dedicated online helpdesk die technische en emotionele ondersteuning biedt.;Het zou helpen als er duidelijke mijlpaal-doelen zijn voor elk vak.;Ik waardeer de coursework, maar de opeenstapeling van grote examens voelt overweldigend.;Perhaps dedicating some time solely to Q&A sessions would help us clarify complex topics.;It would be great if all readings were also available in an audio format for better accessibility.
62;1;2026/27;Tilburg;Cyber Security;Full-time;Second-year;Het is moeilijk om alle modules te combineren met zo'n zware werklast. (It is difficult to combine all modules with such a heavy workload.);De link met het werkveld zou sterker zijn als we meer praktijkervaring konden opdoen in een echte bedrijfssetting.;Het is moeilijk om feedback te geven, maar de structuur van de lessen leek te veranderen te vaak.;Ik vond de peer mentoring superhandig, het was een geweldige manier om te leren van elkaar.;"Het was lastig te begrijpen wat de precieze focus moest zijn; de opdracht was te breed.";De bereikbaarheid van de docenten buiten de lesuren is essentieel voor goede ondersteuning.;More understanding regarding family emergencies would significantly reduce my academic stress level.
63;1;2026/27;Den Bosh;Artificial Intelligence;Part-time;Third-year;They rarely seem available for quick questions, making self-study feel isolating.;I appreciate the talks, but perhaps increasing the frequency would be beneficial.;I wish the instructors could dedicate more focused time to addressing our unique struggles.;Ik hoop echt op meer geplande contactmomenten, de inconsistentie is lastig.;Het zou beter zijn als de examens directer aansluiten op de stof die we echt bespraken.;Could you clarify if Student Services handles degree transcripts or only basic advising?;De hellingen naar de bibliotheek zijn te steil en moeilijk te gebruiken met een rolstoel.
64;2;2026/27;Venlo;ICT & Business;Full-time;Fourth-year;Zelfs simpele vragen blijven dagen hangen zonder duidelijke reactie.;Het zou helpen als er duidelijker was hoe deze certificaten gekoppeld zijn aan de loopbaanpaden.;De begeleiding van de student mentoren was prima, maar een beetje meer structuur zou goed zijn.;Het zou helpen als er meer gesprekken waren over hoe we verschillende culturele perspectieven kunnen samenbrengen.;We zouden meer feedback op het leerproces zelf waarderen, niet alleen op het eindresultaat.;Een duidelijke, vaste communicatielijn voor alle belangrijke veranderingen zou fantastisch zijn.;Could you please ensure that all required video content is offered with at least two different caption formats?
65;2;2026/27;Eindhoven;HBO-ICT;Full-time;First-year;I was very impressed by how thoroughly the advanced topics were covered in the curriculum.;Het zou fijn zijn als er meer praktijkgerichte sessies over vacaturesearch waren.;Helaas, het systeem crasht altijd als er veel studenten tegelijk proberen een slot te boeken.;De workshops over studievaardigheden waren zeer behulpzaam, ik voel mij nu sterker in mijn academische vaardigheden.;Het zou helpen als de toetsing dichter bij de behandelingen van de week blijft, zo voelen we ons beter.;They need a single, clear flow chart showing who handles which kind of student issue.;De docenten waren zeer begripvol en gaven mij de extra tijd die ik nodig had.
66;1;2026/27;Tilburg;Software Engineering;Full-time;Second-year;We need better turnaround time, [NAME]'s grading pace is seriously holding back our progress.;Het zou nuttig zijn als er meer gespecialiseerde sessies waren voor specifieke carrièresector-interviews.;Extra modules over de nieuwste trends en carrièrepaden in ons vakgebied zijn waardevol.;The campus needs more accessible, low-stakes spaces for just relaxing and being present.;Het zou echt goed zijn als er meer gewicht op de tussentijdse assignments en minder op één groot examen kwam.;Meer diverse studentenvertegenwoordiging in de organisatie van campusactiviteiten is gewenst.;The university should offer dedicated workshops on balancing high-level training with academic rigour.
67;1;2026/27;Den Bosh;Cyber Security;Full-time;Third-year;It’s getting ridiculous how long it takes [NAME] to return our evaluated papers.;Het zou nuttig zijn met een verdieping in het geschreven Nederlands en professionele correspondentie.;Ik heb het gevoel dat de docenten de syllabus volgen, maar de studenten niet echt zien.;Het creëerde een geweldig gevoel van gemeenschap dat ik thuis mist.;Het zou nuttig zijn om te weten welke specifieke vaardigheden ik moet aanscherpen voor volgende keer.;I wish the department organized more interactive workshops on complex topics.;The guidance provided by the specialized counselors was genuinely helpful and very reassuring.
68;1;2026/27;Venlo;Artificial Intelligence;Full-time;Fourth-year;I struggle to understand the weighting of different components in the final grading rubric.;Ik zou meer modules willen over het geven van feedback aan collega's en het oplossen van teamconflicten.;Het zou prettiger zijn als de feedback minder academisch en meer praktisch toepasbaar was.;Meer mogelijkheden om mentors te spreken buiten de campusuren zouden een enorme verandering zijn.;Overall, the grading rubric was quite clear, yet the weighting of practical vs written components felt inconsistent.;Het zou geweldig zijn als de wijzigingen direct op het studentenportaal stonden, niet alleen per e-mail.;Could we get more guidance on using the specialized software for the reading materials, please?
69;1;2026/27;Eindhoven;ICT & Business;Full-time;First-year;De handleidingen voor de nieuwe tools zijn verouderd en helpen nauwelijks bij de uitvoering.;Het zou helpen als we meer praktische inbreng zien van mensen die nu daadwerkelijk in de sector werken.;Het constant wisselen van docenten zorgt voor onzekerheid en vermindert het gevoel van betrokkenheid.;I wish there was a dedicated time slot just for quick, unscheduled questions.;Ik vind het cruciaal dat de IT-infrastructuur betrouwbaarder is tijdens beoordelingen.;Het is lastig om mijzelf betrokken te voelen als de communicatie te veel via formele e-mails verloopt.;Kortom, een duidelijker stappenplan voor het verlengen van deadlines zou enorm nuttig zijn voor studenten.
70;2;2026/27;Tilburg;HBO-ICT;Full-time;Second-year;Wat waren de exacte gewichten per onderdeel? Ik ben onzeker over de definitieve beoordeling.;Het zou helpen als we vaker naar werkplekken konden gaan om een realistisch beeld te krijgen.;Zouden de mentoren een duidelijke overzichtsessie willen houden om deze inconsistenties te verhelpen?;Please clarify the difference between constructive criticism and vague suggestions for improvement during review sessions.;"Het rooster is te intensief; meer ruimte voor herstel is cruciaal voor ons.";Could the outreach efforts be more visible and targeted towards non-Western student communities?;Zou het mogelijk zijn om het tempo van de lesstof aan te passen na een periode van uitval?
71;1;2026/27;Den Bosh;Software Engineering;Full-time;Third-year;Zou het helpen als er na de theorie meer case studies waren om mee te oefenen?;Het zou geweldig zijn om naast de colleges ook praktijkgerichte uitstapjes naar bedrijven te doen.;Could the institution please improve the booking platform? It frequently glitches during high-demand periods.;Ik hoop dat de school de verwachtingen van de mentoren wat realistischer kan maken qua beschikbaarheid.;I think establishing clearer deadlines for grade releases would greatly benefit the student body.;Kunt u de planning wijzigingen ook eens via de leeromgeving plaatsen, dan is het overzichtelijker.;Zou een FAQ-sectie over alle financiële regelingen nuttig zijn voor studenten?
72;1;2026/27;Venlo;Cyber Security;Part-time;Fourth-year;I think the readings could benefit from including more non-Western philosophical perspectives.;Het zou fantastisch zijn als de opdrachten meer aansluiten bij de realiteit van de arbeidsmarkt.;Wachten op een reply van de begeleiders is een groot probleem, we hebben snellere communicatie nodig.;Graag meer sessies over carrièreplanning, maar de studieadviezen waren al top.;Ik zou graag meer specifiek advies willen ontvangen over de zwakke punten in mijn opstellen vaardigheden.;It feels like our suggestions disappear into a black hole after we fill out these surveys.;More accessible guides explaining the nuances of different student grants would be great.
73;1;2026/27;Eindhoven;Artificial Intelligence;Full-time;First-year;The consistency of the provided technology support needs significant improvement, honestly.;Vooral interessante zou zijn om te zien hoe bekende bedrijven hun marketingstrategieën in de praktijk uitvoeren.;Zonder twijfel de beste begeleiding, ze zijn altijd klaar om te helpen.;I need clearer guidelines on how much self-directed study is actually required versus classroom work.;Het zou fantastisch zijn om meer praktische projecten in plaats van enkel tentamens.;I appreciate the resources, but I need more direct, one-on-one conversations with a human.;Ik stel voor meer specifieke, rustige studieplekken voor studenten met sensorische overgevoeligheid.
74;2;2026/27;Tilburg;ICT & Business;Full-time;Second-year;De uitleg was te snel en de docenten aarzelden vaak, wat de leerervaring behoorlijk negatief maakte.;Meer diverse sprekers uit verschillende sectoren zou onze kijk op de arbeidsmarkt vergroten.;Zou het goed zijn als de mentors meer ingewikkelde academische onderwerpen behandelen?;Het zou nuttig zijn om een buddy-systeem te introduceren als back-up voor de mentor.;Ik zou meer gespecialiseerde feedback willen over mijn structuur en argumentatie binnen de essays.;Misschien een betere manier om snelle, informele vragen te stellen, zoals een chatfunctie.;I really wish the financial aid options were easier to find and understand.
75;2;2026/27;Den Bosh;HBO-ICT;Full-time;Third-year;Ze geven niet alleen theorie, maar ook een realistisch beeld van de werkvloer.;More case studies using actual company data would significantly improve our practical skills.;I wish there were more personalized check-ins, the mentoring feels like a public address system.;Bedankt voor de goede tips, ik weet nu wat ik voor mijn scriptie moet doen.;Can the institution provide clearer guidelines regarding extended time accommodations?;We need more chances to really discuss the material beyond just absorbing the information passively.;More specialized training for counselors in dealing with anxiety-related academic deferrals is needed.
76;1;2026/27;Venlo;Software Engineering;Full-time;Fourth-year;Het gevoel dat de ondersteunende digitale middelen onvolledig zijn, haalt de draad van het leren.;Meer focus op soft skills, zoals projectmanagement en communiceren, wordt enorm gewaardeerd in banen.;I highly value the initiative the mentors take, they make learning feel less intimidating.;The personalized career guidance offered has given me clear next steps.;Could the institution communicate more clearly about grading timelines?;Could the department provide a clearer guide on expected response times for different types of inquiries?;It helps that my coaches coordinate with the academic coordinator, but sometimes it breaks down.
77;2;2026/27;Eindhoven;Cyber Security;Full-time;First-year;The effort to reach the teachers outside of class time is genuinely challenging right now.;More guest talks focusing on emerging technologies would be extremely valuable for our future careers.;Ze najaagt proactief ons op als er twijfels zijn, wat veel rust geeft.;I found the module on professional communication extremely helpful for my upcoming internship.;De criteria zijn goed vastgelegd, maar de uitleg over hoe individuele fouten worden meegenomen is te kort.;More personalized communication, maybe through student representative groups, would be beneficial.;Perhaps more personalized tutoring sessions could help adjust the overall pace.
78;2;2026/27;Tilburg;Artificial Intelligence;Full-time;Second-year;De diepgang van de stof die docent [NAME] behandelt, is echt indrukwekkend en heel relevant.;Meer betaalde stages en een betere koppeling met lokale, middelgrote bedrijven zou de kansen vergroten.;Please streamline the feedback process, weeks of waiting time is just too much.;Ik vond het overzicht van carrièreperspectieven heel duidelijk en behapbaar.;Het zou helpen als er meer nadruk lag op leerprocessen in plaats van alleen eindtoetsen.;Getting updates scattered across multiple platforms is incredibly stressful for students.;Ik merk dat de communicatie over aanpassingen soms te laat of te onduidelijk is voor studenten.
79;1;2026/27;Den Bosh;ICT & Business;Full-time;Third-year;Could the institution organize designated times when teachers are reliably available to students?;Kunnen we meer praktijkgerichte modules krijgen die direct toepasbaar zijn in een werkomgeving?;Meer kleine sessies waarin we echt kunnen praten met de docent over ons specifieke traject.;Meer informele bijeenkomsten zouden het gevoel van gemeenschap nog sterker maken.;Ik merkte op dat de instructies voor de praktische opdracht te algemeen waren, concreet voorbeeldmateriaal ontbreekt.;Ik heb meer behoefte aan feedbackmechanismen die niet alleen tijdens grote colleges worden gebruikt.;Het is geweldig dat er een mentor is, maar ik zou meer persoonlijke luisteruren waarderen.
80;2;2026/27;Venlo;HBO-ICT;Full-time;Fourth-year;Could you please improve the clarity of instructions? The feedback is often vague.;Dutch: Zou het nuttig zijn om praktijkopdrachten met echt gebruikte bedrijfstechnologieën te doen?;It's disappointing when the teacher's advice seems read from a manual rather than experience.;Het zou beter zijn met een proactief adviesgesprek over mijn studiepad en doelen.;Exam instructions should be broken down into smaller, more manageable steps for clarity.;I wish we had more chances to talk about career paths with the lecturers.;Could we get a dedicated workshop covering financial aid for special circumstances?
81;1;2026/27;Eindhoven;Software Engineering;Part-time;First-year;Kunnen we meer ondersteuning krijgen? De docenten lijken overbelast en bereikbaarheidsdiensten zijn minimaal.;Het zou super zijn als we vaker gastcolleges van mensen uit de industrie konden hebben, bijvoorbeeld over AI.;We really need more consistent teaching staff, the turnover rate is a serious concern.;Het zou helpen als er meer laagdrempelige spreekuren voor mentale gezondheid waren.;Could the institution incorporate more low-stakes assessments to reduce performance anxiety?;The availability of the tutors is great, but the guidance feels a little too standardized.;Het is nuttig dat er een contactpersoon is die alle afspraken coördineert voor mij.
82;2;2026/27;Tilburg;Cyber Security;Full-time;Second-year;More structured support sessions, not just sporadic office hours, would be beneficial.;We need more focused help with technical job applications and ATS optimization.;Het is onacceptabel dat cruciale vragen dagenlang zonder antwoord blijven liggen.;Over het algemeen was de academische richting duidelijk, en de begeleiding voldeed aan mijn verwachtingen.;More clarification on the weighting of different sections would greatly improve my approach to studying.;Het zou fijn zijn als we regelmatig updates krijgen over welke feedback punten worden opgepakt.;Ik zou graag zien dat de ondersteuning voor specifieke leerstoornissen meer op maat gemaakt wordt.
83;1;2026/27;Den Bosh;Artificial Intelligence;Full-time;Third-year;We really need more sessions to solidify the material and reduce the feeling of being rushed.;It would be helpful to incorporate more real-world data analysis into the coursework.;Ik ben echt gefrustreerd door het gebrek aan continuïteit van de docenten.;Kunnen we meer concrete voorbeelden krijgen van waar we op moeten letten in onze essays?;I wish there was a clearer timeline for when students could expect to receive their final grades.;Het zou helpen als er meer ruimte was voor student-georganiseerde evenementen, zodat we zelf kunnen bijdragen.;De toiletten op de begane grond zijn niet altijd volledig toegankelijk, dat is een probleem.
84;2;2026/27;Venlo;ICT & Business;Full-time;Fourth-year;Het rooster en de hoeveelheid werk voelt te gehaast aan, waardoor ik weinig tijd voor zelfstudie heb.;More dedicated career fairs focused solely on tech and sustainability internships would be amazing.;Het mist de diepgang van één-op-één coaching, we hebben echt begeleiding nodig.;Could the advising incorporate more sensitivity regarding non-Western educational experiences?;The accessibility resources provided are fantastic, greatly supporting students with diverse needs.;Het zou fijn zijn als er meer mogelijkheden waren om met docenten buiten de lesuren te sparren.;I think clearer pathways and fewer construction obstacles would significantly improve flow.
85;1;2026/27;Eindhoven;HBO-ICT;Full-time;First-year;Seriously, we need more lectures to properly grasp all the theory covered in this programme.;Could the department update the software used in class to reflect current industry practices?;The feedback provided about the teaching staff was somewhat generic and didn't feel personal.;Het zou helpen met meer workshops over stressmanagement en veerkracht voor studenten.;Algemeen gezien is het prima, maar het is moeilijk te zien hoe specifieke punten worden behaald.;Ik zou graag meer spontane bijeenkomsten willen, zodat we echt een grotere band kunnen opbouwen.;Het is geweldig dat ze er zijn, maar meer praktische vaardigheidstraining is nodig.
86;2;2026/27;Tilburg;Software Engineering;Full-time;Second-year;Ik kreeg te weinig begeleiding, en de docenten waren niet vaak aanwezig om vragen te beantwoorden.;Ik denk dat de focus op specifieke, niche-beroepen een goed idee is, maar de timing zou flexibeler kunnen.;Ik vond de hulp van mijn mentor nuttig, maar ze hadden meer training nodig qua vakinhoud.;Getting to talk with peers about study stress helped me feel less alone.;Kunnen we een duidelijker tijdschema krijgen voor wanneer de beoordelingen en feedback te verwachten zijn?;"De feedback over de online leerplatform is cruciaal; het moet intuïtiever en gebruiksvriendelijker worden.";Could the institution provide a clearer process for requesting late submissions without penalty?
87;1;2026/27;Den Bosh;Cyber Security;Full-time;Third-year;De communicatie van bepaalde sprekers is vaak vaag, wat het moeilijk maakt om het materiaal te volgen.;It would be excellent to have dedicated employer information sessions outside of the annual career fair.;They spoke in such academic terms that it was difficult to relate to our current needs.;Ik zou graag een overzicht krijgen van de vaardigheden die we na dit jaar moeten beheersen.;Het zou helpen als de feedback meer specifiek ging over mijn structuur en argumentatie.;Could the department offer more flexible times for quick check-ins outside of scheduled hours?;Het is cruciaal dat quiz-interface elementen volledig toetsenbordnavigeerbaar zijn.
88;2;2026/27;Venlo;Artificial Intelligence;Full-time;Fourth-year;Ik waardeer de manier waarop de docenten de meest recente academische ontwikkelingen toelichten.;Could the institution partner with industry bodies for recognized professional training?;I feel like we are constantly playing catch-up because of the changing instructors, its exhausting.;It would really help if there was a centralized system for checking mentor availability.;De opdrachtomschrijvingen waren te vaag, waardoor we onzeker waren over de scope.;Zou het mogelijk zijn om een keer per week een vrijetijdse sessie in te plannen met de docent?;De lift naar de bibliotheek is vaak kapot, wat het moeilijk maakt voor rolstoelgebruikers.
89;2;2026/27;Eindhoven;ICT & Business;Full-time;First-year;De faculteit straalt een enorme expertise uit die de stof zeer begrijpelijk maakt.;Het zou helpen om een database van lokale bedrijven met vacatures te creëren.;Ik heb meer structurele ondersteuning nodig, want de responstijden zijn vaak onacceptabel traag.;I think bi-weekly check-ins would provide much-needed structure and continuous academic support.;Het is lastig om goed voorbereid te zijn als de examens te breed zijn.;Het is prima als de updates duidelijk, kort en direct naar ons gestuurd worden.;It would really help if special circumstances were viewed with a more understanding, flexible approach.
90;1;2026/27;Tilburg;HBO-ICT;Part-time;Second-year;We need a more realistic schedule, the assignment load is simply unmanageable for most students.;Het zou goed zijn als we meer gestructureerde en betaalbare certificeringstrajecten krijgen.;Het is moeilijk om op de cursus te focussen als ik zo lang wacht op basisinformatie.;Ik heb het gevoel dat mijn vragen over studiemateriaal soms te langzaam worden beantwoord.;"I really need quicker turnaround time for grades; the wait is making it hard to plan my next semester.";It would be beneficial if the coaches could offer resources for mental wellness, not just academic ones.;De online leerervaring is verbeterd, maar ik raad aan om de video-opnames altijd te voorzien van een transcript.
91;2;2026/27;Den Bosh;Software Engineering;Full-time;Third-year;It would be helpful if [NAME] could manage the grading load more efficiently, please.;More practical workshops focused on negotiating internship terms and salary expectations.;The lack of quick feedback is hindering my ability to complete the module assignments on time.;We really need clearer guidelines on how often and how long check-ins should be.;I recommend more standardized practice exams to better gauge what the actual grading expectations are.;I think targeted communication for non-Dutch speaking students would be beneficial.;Please ensure that all uploaded video lectures include accurate and synced captions.
92;1;2026/27;Venlo;Cyber Security;Full-time;Fourth-year;Seriously, [NAME] needs to improve his feedback timeline, this constant delay is stressful.;Het zou prettig zijn als de technische middelen beter aansloten bij wat we in de praktijk tegenkomen.;Zij zijn erg behulpzaam, maar soms voelt het een beetje als een one-sided conversation.;Could we have more student groups dedicated to specific cultural communities?;De vertraging in het ontvangen van assessments maakt het lastig om te weten wat beter moet.;Zou de organisatie van evenementen net buiten campus kunnen komen? Dat voelt meer vrij.;Het is moeilijk om te combineren als de faciliteiten te ver weg zijn van de sportlocatie.
93;1;2026/27;Eindhoven;Artificial Intelligence;Full-time;First-year;Wanneer kunnen we een duidelijker schema krijgen voor de evaluaties?;More focus on soft skills like advanced presentation and critical thinking would significantly boost employability.;De praktijkkennis van de docenten is echt goud waard voor mijn toekomstige carrièrepad.;De beschikbaarheid van de mentoren lijkt soms wat beperkt te zijn.;The long delay in receiving feedback makes it hard to improve for the next module.;Ik zou een toegankelijke online platform willen voor feedback en suggesties.;I suggest establishing a formal liaison between the athletic department and the academic dean's office.
94;1;2026/27;Tilburg;ICT & Business;Full-time;Second-year;The lack of representation for different abilities in professional examples is noticeable and concerning.;We zouden meer directe contactmogelijkheden met lokale bedrijven voor stages willen, zodat de match beter is.;Ik zou graag meer lessen over de 'soft skills' vereist in de moderne werkplek ontvangen.;Ik waardeer de focus op de soft skills, dat is cruciaal voor elke functie.;Ik wil graag weten welke aspecten van mijn werk goed waren, en wat de zwakke plekken zijn.;De frequente updates over de lessen zijn een groot pluspunt voor mijn studieplanning.;De ondersteuning voor mijn sportcarrière is grotendeels goed, maar meer flexibiliteit op het gebied van deadlines helpt.
95;2;2026/27;Den Bosh;HBO-ICT;Full-time;Third-year;Ik vond de verrijking door de vakinhoud zeer waardevol en direct toepasbaar.;Het zou nuttig zijn met een centrale, actuele database van stageplaatsen in verschillende sectoren.;Sommige mentors lijken niet volledig op de hoogte van de actuele interne procedures van de school.;De aandacht en het complimentele feedback waren echt goud waard voor mijn academische reis.;Zou het mogelijk zijn om het aantal grote tentamens te verminderen en meer opbouwende opdrachten te doen?;The mentoring was supportive, yet I wish there was clearer follow-up regarding career paths.;"Het was erg fijn om te horen dat mijn worstelingen begrepen worden; de counselor was zo empathisch."
96;2;2026/27;Venlo;Software Engineering;Full-time;Fourth-year;De uitleg was te vaag, en ik moest drie e-mails sturen om het juiste antwoord te krijgen.;Ik zou meer opdrachten willen die gebaseerd zijn op recente markttrends.;I really appreciate that the professors proactively offer extra resources and support.;The resources are good, but building a stronger community feel would be great.;Het gevoel van constante druk tijdens examens is erg belastend voor zowel de student als de docent.;Het zou fijn zijn als de docenten meer vaste momenten voor informele vragen hadden.;The academic staff handled my unique situation with professionalism and genuine care.
97;1;2026/27;Eindhoven;Cyber Security;Full-time;First-year;Ik zou graag zien dat er meer aandacht komt voor de culturele achtergronden van de auteurs die we bestuderen.;Meer oefening in het hanteren van kritische vragen tijdens presentaties zou mijn zelfvertrouwen enorm verhogen.;The current structure makes personalized help feel unattainable for students who need extra attention.;It would be helpful if we had more regular check-ins, maybe bi-weekly or so.;I think there should be clearer indication of what specific topics will be assessed.;We zouden meer diverse soorten evenementen kunnen organiseren, niet alleen de grote feesten.;Meer op de hoogte blijven van kraamvrouwenprogramma's zou zeer nuttig zijn voor nieuwe moeders.
98;1;2026/27;Tilburg;Artificial Intelligence;Full-time;Second-year;Could we please get more hands-on practice sessions, the current amount is insufficient.;Het zou goed zijn met meer workshops over het structureren van een sollicitatiegesprek.;Honestly, the instability of the teaching staff is quite a major drawback right now.;Ik ben dankbaar voor de hulp, maar het voelt nog te incidenteel en niet structureel genoeg.;Het voelt alsof alle waarde van mijn studie op één paar dagen neerkomt, wat enorm veel druk geeft.;Ik zou graag meer gepland, informele sessies willen voor diepergaand discussie.;Kunt u de betrouwbaarheid van de documenten checken op hun toegankelijkheid voor visueel beperkten?
99;1;2026/27;Den Bosh;ICT & Business;Part-time;Third-year;De online platforms zijn echt frustrerend, de opnames werken vaak niet goed.;Zou het helpen als meer projecten echte bedrijfsgegevens of recente markttrends gebruiken?;Seriously, the booking system crashes during peak hours, so I almost missed my class.;Zou een keer per week kort spreken over mijn voortgang erg nuttig zijn?;Please consider integrating more continuous assessment methods to ease the exam burden.;Het zou een verbetering zijn om kleine, informele 'check-in' virtuele momenten te creëren voor de studenten.;More transparency about the eligibility criteria for special financial aid would be helpful.
100;2;2026/27;Venlo;HBO-ICT;Full-time;Fourth-year;Zou het kunnen dat de docenten meer tijd vrijmaken voor studentenbegeleiding?;I really need better resources on salary negotiation strategies before I graduate.;The pace of the course sometimes feels too fast, making deep understanding difficult to achieve.;Meer groepsactiviteiten zouden helpen om de sociale druk en isolatie te verminderen.;De feedback was waardevol, maar de gradatie moest voor iedereen objectiever zijn.;Het is prima, zolang ik weet waar ik de meest betrouwbare en up-to-date informatie kan vinden.;De docenten waren heel begripvol over mijn beperking, wat een enorme opluchting was.
101;2;2026/27;Eindhoven;Software Engineering;Full-time;First-year;Het rooster is echt te krap, we hebben gewoon meer tijd nodig om de stof goed te verwerken.;Meer aandacht voor internationale projecten zou mijn professionele profiel veel sterker maken.;De mentoren zijn echt top, ze bereiken ons zelfs voordat we het probleem zien!;Maybe a mandatory quick check-in every other week would really help me stay on track.;Ik wil graag meer zien van het beoordelen van al uw geleerde vaardigheden, niet alleen memoriseren.;Could the department please use a dedicated portal instead of relying solely on group emails?;Consider offering subsidized counseling services tailored for caregivers returning to school.
102;2;2026/27;Tilburg;Cyber Security;Full-time;Second-year;Het is lastig om te weten waar we precies op moeten letten bij het nakomen van de opdrachtvereisten.;Ik zou graag zien dat er meer simulaties zijn van echte werksituaties en druk.;De begeleiders waren soms te algemeen en gaven geen diepgaande inzichten.;Het creëren van meer gemengde groepen voor studie-uitwisseling zou de samenhang verbeteren.;Please give us actionable feedback that helps us revise our approach to difficult topics.;Soms voelt het alsof het antwoord op een bericht dagen duurt, wat best lastig is.;The process for requesting extensions feels inconsistent and sometimes overly complicated to navigate.
103;2;2026/27;Den Bosh;Artificial Intelligence;Full-time;Third-year;Ik ben verward over of de bronnenlijst een groter gewicht heeft dan de analyse.;We zouden meer modules kunnen hebben over het geven van constructieve feedback aan teamleden.;Soms miste het een soort persoonlijke touch, alsof we maar een nummer waren.;Meer gekoppeld worden aan andere studenten zou de sfeer op de campus versterken.;The question phrasing was ambiguous, making it hard to know the exact scope of the answer required.;De individuele aandacht die ik kreeg, was enorm waardevol voor mijn academische groei.;Het zou fijn zijn als de leerplekken meer ergonomische stoelen hadden, vooral voor langere sessies.
104;1;2026/27;Venlo;ICT & Business;Full-time;Fourth-year;The communication from some instructors is often unclear, making it hard to follow the material.;Ik zou graag meer feedback willen over mijn professionele netwerkstrategieën en pitch vaardigheden.;Sometimes the lessons felt very impersonal, like we were just numbers in a class roster.;Ik waardeer de tijd die besteed is aan het bespreken van cv-optimalisatie en de sectorkeuzes.;Het zou geweldig zijn als feedback ook suggesties bevat over extra literatuur of bronnen.;Het zou fijn zijn als er meer interactieve leerervaringen en praktijkgerichte modules waren.;We hebben meer duidelijke richtlijnen nodig over hoe we bepaalde grants kunnen aanvragen.
105;2;2026/27;Eindhoven;HBO-ICT;Full-time;First-year;Really disappointed with how slow [NAME] is grading, we need timely evaluations.;Het zou fijn zijn als de beurzen meer variatie in sectoren boden, buiten de grote namen.;Het voelt alsof niemand echt beschikbaar is. Een snellere reactie zou enorm helpen.;Het is fijn om te weten dat mijn inzet wordt gezien, dat motiveert enorm.;"Ik zou graag meer uitleg willen over hoe de uiteindelijke cijfers worden berekend; dat voelt wat mysterieus.";Het is lastig om te weten of de IT-helpdesk ook vragen over cursusregistratie kan beantwoorden.;A personalized curriculum path would greatly improve the learning experience overall.
106;1;2026/27;Tilburg;Software Engineering;Full-time;Second-year;Sometimes it feels too fast, slowing down the pace on complex mathematical derivations would be beneficial.;Een bezoek aan een bedrijf zou de stof uit de les zaal een stuk tastbaarder maken.;Geweldig dat we deze directe band hebben met de professionele wereld om ons heen.;Could we get clearer guidelines on who to contact and when, to avoid excessive frustration?;Please clarify the weight and relationship between the different sections of the final exam.;"Too many people send conflicting information; please centralize all course updates immediately.";De faciliteit voor mindfulness oefeningen en rustmomenten op de campus is een groot tekort.
107;2;2026/27;Den Bosh;Cyber Security;Full-time;Third-year;De deadline voor projecten is echt overweldigend, ik heb meer tijd nodig om dit te verwerken.;Het zou nuttig zijn om bedrijven te bezoeken om te zien hoe de processen in de praktijk worden toegepast.;Soms geven docenten advies dat echt botst met de officiële richtlijnen van de faculteit.;Het netwerk van mede-studenten gaf me veel praktische tips die ik alleen niet had gevonden.;A clearer guide outlining all available academic accommodations would be beneficial.;I appreciate the workshops, but more targeted support for international students would be really helpful.;Everyone from the administration to the faculty was surprisingly thoughtful and helpful.
108;1;2026/27;Venlo;Artificial Intelligence;Part-time;Fourth-year;Het is onduidelijk wat de beoordelingscriteria zijn voor de essays, dat frustreert.;Scheduled visits to different industry sectors would provide unmatched professional insight.;There seems to be an inconsistency in the practical knowledge shared by the various instructors.;Ik zou graag meer workshops willen zien over interculturele communicatie en diversiteit.;Ik zou meer gewicht moeten geven aan projecten en coursework dan aan de zware tentamens.;I think more hands-on lab sessions, even if they are shorter, would improve our practical interaction significantly.;Het is belangrijk dat de apparatuur in de leeromgeving ook toegankelijk is voor iedereen.
109;1;2026/27;Eindhoven;ICT & Business;Full-time;First-year;Ik zou graag willen dat de docenten proactiever waren met het geven van updates.;Could we get more support in tailoring our skills to meet industry-specific job requirements?;Can the administration please ensure mentor continuity? Three people in one year is excessive.;Het advies over vakkenkeuze was precies wat ik nodig had om mijn studie te verdiepen.;Kortom, een evenwichtiger mix van examens en opdrachten zou de leerervaring verbeteren.;Het is goed, maar we zouden meer laagdrempelige activiteiten willen die iedereen kan bijwonen.;Ik vind het lastig om een alternatief examenritme te krijgen zonder veel administratief gedoe.
110;1;2026/27;Tilburg;HBO-ICT;Full-time;Second-year;I wish there were more supplementary lectures to cover all the required depth.;Het helpt enorm als we gesimuleerd kunnen werken met de software die professionals dagelijks gebruiken.;The feedback is that the teaching style felt very impersonal and general.;Ik raad de peer-to-peer ondersteuning ten zeerste aan voor nieuwe studenten.;The grading criteria felt quite subjective in my recent assessments, making it hard to know where I stood.;Soms voelt het alsof het antwoord op een vraag een week duurt, wat frustrerend is.;Giving students more autonomy in managing their academic load would be beneficial.
111;2;2026/27;Den Bosh;Software Engineering;Full-time;Third-year;Smith's grading turnaround time is a major issue, we need clear deadlines for results.;Ik zou graag meer begeleiding willen zien bij het zoeken naar relevante stageplaatsen in mijn vakgebied.;Nog meer aandacht voor online studenten support zou enorm helpen, we voelen ons soms geïsoleerd.;It would be greatly appreciated if follow-up on submitted grievances was timely.;Please improve the clarity regarding which accommodations are actually approved for different courses.;Korte, directe nieuwsbrieven over campusgebeurtenissen zouden de betrokkenheid vergroten.;Het is geweldig dat er begrip is, maar het beleid zou sterker moeten zijn in het omgaan met onverwachte levensgebeurtenissen.
112;2;2026/27;Venlo;Cyber Security;Full-time;Fourth-year;Soms voelt het alsof er te veel informatie wordt gegeven zonder duidelijke structuur, en communicatie mist.;Een uitgebreidere voorbereiding op het netwerken, zoals rolspelletjes, zou echt waardevol zijn.;This slow response rate suggests mentors are overburdened or not prioritizing student needs.;They provided great insights into the required skills for the job market right now.;Het is goed dat het systeem digitaal is, maar de afweging van de verschillende onderdelen was onduidelijk.;We need more opportunities for hands-on activities and practical application outside of lectures.;The current guidelines feel inconsistent across different departments, which causes a lot of confusion.
113;1;2026/27;Eindhoven;Artificial Intelligence;Full-time;First-year;Kunnen we meer duidelijkheid krijgen over waarom [NAME] feedback zo lang duurt?;More guest lectures from industry professionals would greatly enhance our understanding.;The quality of mentorship really varies depending on which student I speak to.;Could we host guest speakers from different international backgrounds to enrich our learning?;Kunnen we meer specificiteit krijgen over de verwachtingen? Dan kan ik mij beter op de beoordeling voorbereiden.;De coach was geweldig, maar de beschikbaarheid buiten kantooruren is lastig.;Het gebouw zou meer duidelijke en universele ontwerpen voor ramen moeten overwegen, zodat het gevoel van ruimte groter is.
114;1;2026/27;Tilburg;ICT & Business;Full-time;Second-year;Meer praktijkuren zouden echt helpen om het geleerde te consolideren.;Meer praktijkgerichte bezoeken aan bedrijven zouden onze carrièreoriëntatie enorm verbeteren en helpen.;De begeleiders zijn echt uitmuntend, ze zorgen ervoor dat niemand achterblijft, fantastisch.;Ik voel me soms wat geïsoleerd, betere mentorenkoppeling zou echt helpen.;I think clearer framing of the questions would really help students understand what exactly is expected.;It would be helpful if staff were more visible in common areas during the day.;Het aanvraagproces voor uitstel voelt momenteel overweldigend en te ingewikkeld.
115;2;2026/27;Den Bosh;HBO-ICT;Full-time;Third-year;Het zou fijn zijn als meer diverse auteurs uit de geschiedenis werden opgenomen in de lesmateriaal.;Het zou helpen om meer informatie te krijgen over de functies na de stage. (Dutch);The delay in mentor responses makes it very difficult to keep up with my coursework.;It was really helpful connecting with people who understand the specific challenges here.;Een mix van tentamens en meer gebaseerde opdrachten zou ons meer rust geven qua stressniveau.;Ik heb meer overzicht nodig van wie ik moet spreken als ik een carrièreadvies zoek versus een praktische inschrijvingsvraag.;Het zou helpen als de docenten de toegankelijkheid van de materialen meer zouden benadrukken.
116;2;2026/27;Venlo;Software Engineering;Full-time;Fourth-year;The assignments really help, yet the theoretical explanations feel too abstract sometimes.;We need more opportunities to apply theoretical knowledge using authentic industry examples.;Het is onrealistisch om zo lang te moeten wachten op een antwoord van de begeleiders.;Het is lastig om hulp te krijgen als de contactpersonen niet goed bereikbaar zijn buiten kantooruren.;Het zou nuttig zijn om tussentijdse kleine toetsen te doen, in plaats van één gigantisch examen aan het einde.;Graag meer activiteiten die niet direct gekoppeld zijn aan examens, alleen voor plezier.;De communicatie over de aanvraagprocedure voor examens is momenteel te gefragmenteerd.
117;1;2026/27;Eindhoven;Cyber Security;Part-time;First-year;The teachers are masters at explaining complex topics in a way that is both rigorous and accessible.;Zouden er workshops kunnen komen die de overgang naar een professionele baan beter begeleiden?;De mentorresponstijd is echt een probleem. Het belemmert mijn leerproces aanzienlijk.;Afspraken over begeleiding zijn vaak lastig te krijgen, wat mij in de problemen brengt met mijn voortgang.;Generally speaking, the assessments are solid, but the criteria need more granular detail.;I think dedicated 'community hours' could help students connect outside of mandatory study sessions.;Het zou fijn zijn met meer proactieve check-ins, niet alleen als er problemen zijn.
118;2;2026/27;Tilburg;Artificial Intelligence;Full-time;Second-year;Ik hoop echt dat [NAME] de feedback kan versnellen, we wachten al te lang.;Het is nuttig als de universiteit meer industrie-partnerships opbouwt, zodat stageplaatsen makkelijker zijn.;It would be extremely helpful if the program assigned a single primary mentor.;Het zou helpen als we vaker feedback kregen over onze concepten, niet pas aan het eind.;Het is lastig om te zeggen, maar sommige cijfers lijken te variëren zonder duidelijke reden.;Zouden de docenten eens kijken naar een meer bereikbare structuur voor studentencontact?;Ik zou meer behoefte hebben aan een coach die echt kan helpen met carrièreplanning.
119;1;2026/27;Den Bosh;ICT & Business;Full-time;Third-year;I feel like my understanding of the subject has reached a new, much deeper level thanks to them.;Misschien zouden we een vaste reeks van industriële gastsprekers kunnen zien.;We zouden meer individuele feedback en begeleiding van de docenten waarderen.;The wait time for appointment scheduling is too long, which makes addressing concerns very difficult.;I think clearer guidance on the scope of the answers would improve overall assessment fairness.;"De studiecoach was echt geweldig; het hielp me enorm bij het structureren van mijn deadlines.";I think dedicated workshops on managing academic anxiety would be extremely helpful.
120;2;2026/27;Venlo;HBO-ICT;Full-time;Fourth-year;Could the institution ensure the learning management system is stable for all students?;Ik zou meer gespecialiseerde workshops over het optimaliseren van een modern cv willen zien.;Het zou helpen als de docenten meer tips konden geven over het navigeren door de arbeidsmarkt.;The frequency needs a boost, we need more predictable touchpoints to guide us better.;Kunt u ervoor zorgen dat de examenvragen meer de hoofdthema's van de modules behandelen?;We zouden meer gezamenlijke projecten moeten doen om de samenwerking en betrokkenheid te vergroten.;Ik hoop op meer flexibiliteit, vooral met betrekking tot de bijwerkbare deadlines van groepsopdrachten.
121;1;2026/27;Eindhoven;Software Engineering;Full-time;First-year;Kan iemand mij vertellen waarom [NAME] feedback zo traag is? Ik moet dit cijfer nu echt weten.;Ik zou graag meer mogelijkheden zien om professionele examens te doen terwijl ik mijn graad volg, dit helpt bij de carrièrekansen.;Het voelt alsof er geen directe ondersteuning is, de reactietijd van de docenten is te lang.;De begeleiding is erg goed, maar het mist soms een dieper niveau van culturele sensitiviteit.;Zouden jullie de beoordelingsmatrix voor dit type praktijkexamen kunnen publiceren voordat we beginnen?;Waar moet ik echt bellen? De juiste contactinformatie is moeilijk te vinden.;Het zou helpen als er een campus coach is die begrijpt wat het is om te zorgen.
122;2;2026/27;Tilburg;Cyber Security;Full-time;Second-year;Ik zou meer flexibiliteit willen zien in de deadline's, het huidige schema is te strak.;Het is een goede start, maar meer gespecialiseerde hulp per vakgebied zou fantastisch zijn.;Ik hoop op meer directe feedback en begeleiding, niet alleen algemene informatievoorziening.;Het is goed dat dit onderwerp aandacht krijgt, maar het mist diepgang en persoonlijk contact.;The scope of the exam felt broader than the core material covered in the practical seminars.;Het is erg frustrerend dat soms via de website en soms via de docent andere informatie komt.;More choice in module sequencing would make the learning process much better.
123;1;2026/27;Den Bosh;Artificial Intelligence;Full-time;Third-year;We really need [NAME] to speed up the grades, we can't wait this long for feedback.;Zouden meer projecten gebruik maken van echte bedrijfsproblematiek om ons voor te bereiden?;Could the institution provide more notice about newly opened booking slots?;Thank you for the detailed insights into advanced research opportunities available to undergraduates.;Ik zou graag meer inzicht willen hebben in welke vaardigheden ik precies moet verbeteren.;Wij vinden het belangrijk dat er een snelle reactie is op academische of praktische problemen.;Het zou helpen als er duidelijker communicatie was over welke ondersteuningsdiensten beschikbaar zijn.
124;2;2026/27;Venlo;ICT & Business;Full-time;Fourth-year;Ik ben erg teleurgesteld over het beperkte aantal collegeuren, het is echt te weinig.;Ik zou graag meer vaardigheid willen ontwikkelen in het overtuigend presenteren van complexe materie.;Het is fijn dat er altijd iemand is om vragen te stellen, die proactiviteit is top.;Het is lastig om een afspraak te krijgen, meer bereikbaarheid zou enorm helpen.;Het zou fijn zijn als de beoordeling meer verspreid zou zijn over het hele semester.;Could we possibly have more structured feedback loops on our assignments?;Het zou fijn zijn als er meer 'chill-out' ruimtes waren op de campus om even bij te komen.
125;1;2026/27;Eindhoven;HBO-ICT;Full-time;First-year;Kunt u de betrouwbaarheid van de gebruikte software verbeteren? Het werkt vaak niet goed.;Knowing practical career paths from experts would be incredibly helpful for us.;Overall, the mentoring sessions were helpful, though more structure would improve the quality significantly.;The lack of timely follow-up on my department suggestions makes me feel like my input is meaningless.;Het is erg frustrerend om weken te wachten op een simpel cijfer zonder enige begeleiding.;"Ik waardeer de duidelijke updates via het studentenportaal; het helpt enorm.";More clarity on the application process for hardship grants would be greatly appreciated.
126;1;2026/27;Tilburg;Software Engineering;Part-time;Second-year;We really wish there were more hands-on labs because the theory alone is overwhelming.;Zou het mogelijk zijn om deze gastlectures meer interdisciplinair te maken?;Het is lastig om echte vragen te stellen als iedereen tegelijk spreekt.;Ik denk dat meer formele peer-to-peer sessies nuttig zouden zijn in de toekomst.;We need timely results to plan our next semester effectively, so speed is important.;Kleine, informele netwerkevenementen buiten de lesuren zouden het studentenleven enorm verbeteren.;It would be wonderful if the counseling department better understood professional athletic pressures.
127;1;2026/27;Den Bosh;Cyber Security;Full-time;Third-year;Ik had gehoopt op meer sessies per week, het tempo was te hoog voor zo weinig tijd.;Het zou helpen als we meer assignments kregen die echte, actuele businesscases gebruiken.;Het ontvangen van tips over het sollicitatieproces van ervaren professionals was fantastisch.;I appreciate the positive words, it makes the demanding curriculum feel much more manageable.;Het zou nuttig zijn als de beoordelaars specifieke voorbeelden gaven van waar mijn argumentatie tekortschoot.;Ik wil dat we makkelijker contact kunnen opnemen als we dringende hulp nodig hebben.;More regular group sessions led by counselors would help build community and reduce feelings of isolation.
128;2;2026/27;Venlo;Artificial Intelligence;Full-time;Fourth-year;When I need help, getting a prompt response is almost impossible, making study difficult.;Het zou helpen als er meer sector-specifieke netwerkevenementen worden georganiseerd.;Could the faculty offer more personalized guidance outside of scheduled lecture times?;De docenten waren erg toegankelijk en gaven uitgebreide advies over vakkeuze.;"The current feedback format is unhelpful; more detailed explanations would greatly assist my learning process.";"Soms voelt het wat eenzijdig; meer interactieve elementen van de docenten zouden de flow verbeteren.";Het zou helpen als de criteria voor het aanvragen van extra tijd per vak duidelijker waren.
129;2;2026/27;Eindhoven;ICT & Business;Full-time;First-year;Ik ben echt teleurgesteld over het kleine aantal collegeuren dat we krijgen dit semester.;Organizing workshops on interview skills and company networking would be excellent.;De reactietijd is te laag voor een moderne studie, we verwachten snellere feedback van het personeel.;I felt the guidance was tailored to my specific learning style and goals, which is fantastic.;A better distribution of assessment types across the curriculum would be much more beneficial.;My mentor always listened and tailored advice to my specific needs, which was amazing.;Ze waren heel flexibel en hielpen mij om een loopbaanplan te maken, dat was geweldig.
130;1;2026/27;Tilburg;HBO-ICT;Full-time;Second-year;De vertraging in de beoordeling door [NAME] is erg demotiverend voor de studenten.;Het zou nuttig zijn met meer gespecialiseerde experts die de laatste trends delen.;I feel very supported by the professors who check in regularly, making learning easier.;Een betere communicatie over beschikbare emotionele hulp zou echt een verbetering zijn.;Could the exams better reflect the primary learning objectives set out in the syllabus?;Ik waardeer het snelle bericht over de locatiewijziging, bedankt voor de duidelijke communicatie.;Het parkeren van mensen met een beperking is momenteel te moeilijk en de plekken zijn te ver.
131;1;2026/27;Den Bosh;Software Engineering;Full-time;Third-year;Het is jammer dat de planning zo strak is, we hebben meer tijd nodig voor verwerking.;It would be helpful to dedicate time to preparing students for major professional examinations.;I feel overwhelmed by the slow response rate, critical information is always delayed by weeks.;Het traject met de alumni-connectie was perfect, ik heb al een stagegelegenheid gevonden.;Ik pleit voor meer projectmatig leren, omdat dat beter aansluit bij de werkvloer.;Het zou fijn zijn als we meer groepswerk zouden krijgen om samen te discussiëren.;Het was duidelijk dat ze rekening hielden met mijn persoonlijke omstandigheden.
132;2;2026/27;Venlo;Cyber Security;Full-time;Fourth-year;Er zou meer tijd moeten zijn voor projecten, de huidige uren zijn te beperkt.;I'd really appreciate more advanced workshops led by people actually working in the field.;Could the institution please stabilize the faculty assignments? It's causing undue stress for the students.;Graag meer zichtbare manier van vieren, zodat we allemaal zien dat we worden gewaardeerd.;Ik stel voor dat er meer mondelinge verantwoordingen zijn, zoals visuele tentoonstellingen.;It would really improve my learning if the tutors could provide quicker feedback on my submitted work.;Ze waren heel geduldig en namen de tijd om mij bij te spijkeren, dat waardeerde ik enorm.
133;1;2026/27;Eindhoven;Artificial Intelligence;Full-time;First-year;Smith's grading speed is absolutely unacceptable, we need a more prompt assessment turnaround, please.;Ik zou graag willen dat we meer vakken hebben die draaien om de tools die we in het werkveld nodig hebben.;We hebben echt behoefte aan meer persoonlijke aandacht buiten de grote collegezalen.;Het is fijn om te weten dat mijn inzet opgemerkt wordt, dat is een enorme motivatie.;It would be beneficial to incorporate more practical assessments alongside theory exams.;I wish there were more designated times for informal discussions with teaching staff.;Het zou handig zijn om meer aangepaste zitplekken in de gemeenschappelijke leesruimtes te plaatsen.
134;1;2026/27;Tilburg;ICT & Business;Full-time;Second-year;Some lecture recordings are missing or were uploaded several days after class.;Ik wil graag meer sessies over het sollicitatieproces en bedanken bij professionals.;Het gevoel van betrokkenheid is groot, mede dankzij de docenten die initiatief nemen.;Het zou helpen om naast de grote momenten ook kleine, frequente check-ins te krijgen.;I think clarifying the connection between the theory and the assessment question would be beneficial.;Nog een betere communicatie zou geweldig zijn, vooral bij technische problemen.;Het zou fijn zijn als er meer bronnen zijn voor tijdmanagement tussen studie en gezin.
135;2;2026/27;Den Bosh;HBO-ICT;Part-time;Third-year;The pace is generally good, yet I would appreciate more detailed breakdowns of the advanced modules.;More dedicated career paths or industry immersion days would significantly enhance our experience.;De lesgeefmethode voelt te passief, ik mis echt individuele aandacht.;Ik vond de interacties met oudere studenten heel nuttig, vooral qua studieaanpassingen en tips.;It felt like the grading criteria were unclear because the questions were so open-ended.;Het is belangrijk dat de communicatie over engagement daadwerkelijk cultureel inclusief is.;Een meer modulair systeem zou mij de ruimte geven om mij te richten op mijn sterke punten.
136;1;2026/27;Venlo;Software Engineering;Full-time;Fourth-year;De docenten stimuleren echt kritisch denken en geven ons een goed inzicht in de huidige markt.;The quality of the guest speakers was excellent, but they could come more often.;Ik raad af om te boeken op grote momenten vanwege de extreme technische problemen.;De complimenten van het personeel zorgden voor een enorme boost in mijn zelfvertrouwen.;The scope of the final exam feels much broader than what was covered in the last few weeks.;Could the institution offer more networking events specifically for first-generation students?;Het zou fijn zijn als er meer focus kwam op praktische copingmechanismen buiten de studieruimte.
137;2;2026/27;Eindhoven;Cyber Security;Full-time;First-year;Ik waardeerde de balans tussen theoretische kennis en de praktische, actuele case studies enorm.;More emphasis on ethical considerations and responsible technology use would make our graduates more valuable.;Thank you for linking us to industry professionals, these mentors are truly a huge asset.;Het zou nuttig zijn met groepsdiscussies over angst, naast de individuele sessies.;Kunnen we een overzicht krijgen van de beschikbare digitale hulpmiddelen voor verschillende soorten handicaps?;Het is nuttig, maar de coaches zouden meer ruimte moeten geven voor spontane, diepgaande discussies.;Developing tailored study plans would better accommodate different learning speeds and needs.
138;1;2026/27;Tilburg;Artificial Intelligence;Full-time;Second-year;Zijn er meer richtlijnen voor de praktische opdracht? De criteria waren te algemeen.;The gap between academic software and professional tools is quite noticeable and needs addressing.;Could the institution organize workshops for mentors about active listening techniques?;I appreciate the guidance, but perhaps more resources regarding advanced research methods would help.;"Het voelt alsof de belasting te veel op de examens ligt; coursework kan een grotere rol spelen.";We could benefit greatly from more one-on-one tutoring options outside of class time.;Could the institution offer more flexible academic scheduling for athletes with competition travel?
139;1;2026/27;Den Bosh;ICT & Business;Full-time;Third-year;I appreciate the academic rigor paired with practical application across all courses.;It zou geweldig zijn om meer gastcolleges van professionals te hebben die in de industrie werken.;Could the institution please address the glacial pace of mentor email replies?;I felt truly heard regarding my academic anxieties and career path concerns.;Het zou fijn zijn als we sneller feedback op de examens zouden ontvangen, zo snel mogelijk na het afnemen.;Zou het mogelijk zijn met meer snelle office hours om vragen te stellen?;They really listened to my concerns and adjusted my workload without any fuss, thank you.
140;1;2026/27;Venlo;HBO-ICT;Full-time;Fourth-year;We could really use extra tutorials, the current schedule is far too demanding.;Kunnen we meer ondersteuning krijgen bij het opstellen van CV's en motivatiebrieven specifiek voor de industrie?;Kunnen ze bitte een meer constante begeleiding garanderen, we zijn echt verward.;We zouden meer behoefte hebben aan groepsbijeenkomsten om mentoren te raadplegen, want dat is makkelijker.;The feedback felt too general and didn't suggest specific areas I could actually improve on.;Sometimes these surveys feel like just box-ticking exercises with no real impact.;Could you ensure all academic buildings meet current universal design standards, particularly regarding entrances?
141;1;2026/27;Eindhoven;Software Engineering;Full-time;First-year;Kunt u het beleid voor feedback aanpassen? [NAME]'s grading turnaround time is simply unacceptable.;Het zou helpen met meer groepsopdrachten om samenwerken en communiceren te oefenen.;Ik denk dat de mentoring meer structuur zou kunnen hebben om echt effectief te zijn.;Mijn zorgen over de cursusbelasting werden niet direct opgepakt, waardoor ik twijfelde.;Generally speaking, de examens waren best goed, maar het proces was soms te willekeurig.;Could the department ensure a quick turnaround time for academic inquiries via email?;My tutors were very empathetic, which made the whole process much less stressful.
142;1;2026/27;Tilburg;Cyber Security;Full-time;Second-year;De uitleg van de concepten is vaak te snel en mist soms meer praktische voorbeelden.;It would be helpful if the curriculum incorporated advanced data analysis tools used by companies.;De reactietijd van de mentoren is onacceptabel, wij wachten weken op eenvoudige antwoorden.;De sessies waren informatief en hebben mij een goed overzicht gegeven van de rest van mijn studie.;Ik vond het lastig om te begrijpen wat precies gevraagd werd bij de essayvraag.;I wish the coaching staff communicated their availability more reliably and proactively.;I wish the specialized computer labs were equipped with adjustable-height desks for varied needs.
143;2;2026/27;Den Bosh;Artificial Intelligence;Full-time;Third-year;De uitleg is altijd zo accuraat en toont een diepgaande expertise op het gebied.;Ik hoop op workshops over het schrijven van sterke motivatiebrieven voor multinationals.;Their real-world anecdotes make the curriculum so much more relevant to jobs.;Kunnen jullie meer duidelijkheid geven over wat precies 'beter' presteren betekent in dit vak?;Ik waardeer de flexibiliteit in tentamenplanning, maar de communicatie was te traag.;Could the department implement a clearer policy on email response times?;Could more modules be offered online so I can complete coursework while traveling for my sport?
144;1;2026/27;Venlo;ICT & Business;Part-time;Fourth-year;Could we get a more detailed breakdown of the assessment? [NAME] is.;Het is lastig om het curriculum te koppelen aan de actuele eisen van de arbeidsmarkt.;Het duurt te lang voordat iemand antwoord geeft, ik verwacht snellere reacties op dringende zaken.;Het erkennen van onze pogingen, zelfs de kleine, is de beste vorm van motivatie die ik heb gevoeld.;Ik hoop dat er meer aandacht komt voor het geven van constructieve, actiegerichte opmerkingen.;Could the tutoring sessions incorporate more practical, real-world application examples?;The parking facilities need better designated spots for people with mobility challenges.
145;1;2026/27;Eindhoven;HBO-ICT;Full-time;First-year;De uitleg was zeer helder, maar ik zou meer praktijkvoorbeelden willen zien in de toekomst.;I wish we could work on projects using actual industry case studies, not just hypotheticals.;Het duurt veel te lang voordat iemand reageert. Ik heb al drie weken gewacht op feedback.;Could the institution look into better scheduling systems so we can connect when both parties are free?;Het feedback voelde vaak te vaag om echt bruikbaar te zijn voor mijn volgende poging.;Ik zou meer individuele sessies willen die zich richten op mijn specifieke carrièredoelen.;Could the program structure allow for more flexible progression and scheduling?
146;2;2026/27;Tilburg;Software Engineering;Full-time;Second-year;De feedbackloop rond [NAME] cijfers is te lang, het belemmert ons met de volgende vakken.;Het is belangrijk dat we leren om te omgaan met data-analyse op een niveau dat direct toepasbaar is.;The system needs better load management because it crashes during high traffic periods.;Understanding industry expectations through these sessions was extremely beneficial for my goals.;The feedback tends to focus on what went wrong rather than how to fix it.;The guidance was superficial, just repeating general advice without addressing my specific struggles.;I wish there was a clearer central point for all financial aid information.
147;1;2026/27;Den Bosh;Cyber Security;Full-time;Third-year;Their passion for the subject makes even the most complex topics engaging and understandable.;Zou het kunnen dat er meer projecten zijn die samenwerken met lokale ondernemingen?;De mentors zijn aardig, maar het voelt soms alsof ze zelf ook nog aan het leren zijn.;Could the department implement a more accessible channel for non-urgent but important feedback?;Zou het mogelijk zijn om een schatting te geven van wanneer we met de resultaten kunnen rekenen?;Please provide a clearer timeline when and how assignment details will be communicated to all students.;"Ik waardeerde de luisterhouding enorm; het voelde alsof ze echt naar mijn unieke behoeften keken."
148;1;2026/27;Venlo;Artificial Intelligence;Full-time;Fourth-year;Smith's delayed feedback makes it impossible for us to prepare for the next module.;Het zou helpen als we meer samenwerkingsprojecten met echte lokale bedrijven zouden krijgen.;I wasted hours trying to snag a spot, but the system just kept failing.;Meer frequente korte updates zouden het effectief maken en minder lastig zijn dan een lange sessie.;Some topics tested in the final exam weren't really covered in depth during the course.;De updates per e-mail zijn altijd zeer snel en helder, echt top gedaan door de faculteit.;De specifieke stille studieruimtes zijn soms moeilijk te vinden zonder voorafgaande kennis.
149;2;2026/27;Eindhoven;ICT & Business;Full-time;First-year;We feel unsupported because the teachers are so difficult to schedule time with.;Could we focus more on tackling actual business problems encountered in the field?;The lag time in communication from mentors is making us question the programmes support structure.;Misschien meer workshops over het herkennen en uiten van emotionele signalen.;Het is cruciaal om de instructies voor elke sectie explicieter te maken, alstublieft.;Improving general responsiveness from all staff members would greatly enhance the student experience.;I wish there was a clearer, centralized point of contact for mental health resources.
150;2;2026/27;Tilburg;HBO-ICT;Full-time;Second-year;De instructies voor de digitale projecten waren onduidelijk en te vaak gewijzigd.;We really need more assignments based on real companies' challenges, not hypothetical ones.;It feels like we are getting information broadcasted to everyone, not tailored support.;Het zou helpen als de response tijd op dringende academische vragen korter was.;Sometimes the final grade doesn't seem to fully reflect the effort put into the coursework.;Could the department improve communication flow, making staff more accessible when needed?;Het zou geweldig zijn als er meer rustige, toegankelijke studieruimtes op de begane grond waren.
151;2;2026/27;Den Bosh;Software Engineering;Full-time;Third-year;De werkdruk op dit moment is onhoudbaar en ik heb moeite om alles bij te houden.;Meer sessies over de soft skills die nodig zijn, vanuit het oogpunt van professionals, zouden helpen.;Kunt u meer online netwerkgelegenheden organiseren? We hebben sociale binding nodig.;Ik waardeerde de groepsdiscussies, het voelde alsof ik bij een echte community zat.;Het systeem van punten lijkt complex en niet altijd rechtvaardig verdeeld.;Het is prima als er een week voor de start van nieuwe modules gewaarschuwd wordt.;Ze waren heel begripvol en hielden rekening met mijn specifieke behoeften in de les.
152;1;2026/27;Venlo;Cyber Security;Full-time;Fourth-year;De communicatie van de docenten is vaak te traag, waardoor we ons afvragen of we wel de juiste hulp krijgen.;I wish there was a mandatory placement seminar to guide us through the job application process.;Kunt u meer case studies van echte bedrijven in de lessen integreren, alstublieft?;I really appreciated the chance to connect with other students and build a stronger sense of community here.;Overall assessment design is sound, but grading transparency needs significant improvement moving forward.;Kunnen we meer betaalbare en flexibele studiemogelijkheden krijgen? Dat is voor ons echt het belangrijkste.;De afspraken moeten meer gericht zijn op de studentbehoefte in plaats van een strikte institutionele standaard.
153;1;2026/27;Eindhoven;Artificial Intelligence;Part-time;First-year;De verwachtingen rondom de betoogstructuur waren onduidelijk, dus ik wist niet waar ik moest beginnen.;Could you integrate more real-world industry tools into the curriculum for better preparation?;Overall, the peer support system is decent, but quality control is lacking.;Een sterke peer-community is essentieel voor zowel academisch als persoonlijk succes.;Could we possibly get some advanced notification about the grade publication schedule?;Ik stel voor dat er meer duidelijke richtlijnen zijn voor de reactietijd van de docenten.;Could you please ensure all uploaded PDFs are tagged properly for screen-readers? It really helps.
154;1;2026/27;Tilburg;ICT & Business;Full-time;Second-year;Het academische niveau is zeer hoog, en de docenten weten hoe ze het relevant kunnen maken.;Integrating actual client project scenarios would make the learning much more relevant.;Het is frustrerend om zo snel door verschillende docenten te worden gemanaged, een vaste docent helpt enorm.;Het gevoel van community dat ik vond, was echt waardevol voor mijn mentale welzijn.;I think a dedicated online portal for immediate feedback would greatly improve the student experience.;Kunt u de responstijd voor vragen van studenten enigszins verkorten, alstublieft?;Meer follow-up en check-ins over de lange termijn, zodat ik echt een stabiel gevoel krijg.
155;2;2026/27;Den Bosh;HBO-ICT;Full-time;Third-year;Smith’s grading delay is seriously affecting our study pace, we need action.;Het zou helpen als er meer al vroeg in het curriculum aandacht kwam voor professionele netwerkopbouw.;De docenten lijken soms te lezen uit een script, het is niet persoonlijk genoeg.;I really wish there was a more immediate follow-up when I raised academic concerns to the advisor.;Ik merkte vaak haperingen op, waardoor ik het gevoel had dat ik niet goed beoordeeld werd.;Het zou nuttig zijn om de online platforms te verbeteren met meer tools voor peer-to-peer leren.;The lecturers' patience and understanding truly made a difference in my academic life.
156;1;2026/27;Venlo;Software Engineering;Full-time;Fourth-year;Zou kunnen de docenten iets duidelijker uitleggen wat ze precies met ‘diepte’ bedoelen?;Het zou nuttig zijn om meer informatie te krijgen over stageplekken via meer carrièrebeurzen.;We need clearer guidelines on expected response times for critical student matters.;Ik wil graag meer groepen zien die specifieke culturele ervaringen en perspectieven benaderen.;Some exam questions felt poorly defined, which made answering them very difficult.;Please send a comprehensive summary whenever there are multiple changes to the curriculum or schedule.;More notice about temporary facility closures would be appreciated by all students.
157;1;2026/27;Eindhoven;Cyber Security;Full-time;First-year;Het is moeilijk om goed te leren als de digitale middelen soms helemaal niet beschikbaar zijn.;Zou het beter zijn als we meer simulaties gebruiken die een bedrijfscontext hebben?;Ze houden de lengte van de lessen kort en duidelijk, en vragen daarna of we hulp nodig hebben.;Ik zou het waarderen als de ondersteuning iets vaker zou plaatsvinden, om grip te behouden.;I suggest establishing a faster process for both grading and detailed constructive criticism.;Zou het kunnen dat docenten sneller reageren op e-mails? We hebben vaak snel antwoord nodig.;We really need clearer guidelines on accessing mental health resources without feeling judged or stigmatized.
158;1;2026/27;Tilburg;Artificial Intelligence;Full-time;Second-year;I think more workshop time would make a massive difference to our learning.;Zou het goed zijn om meer gastcolleges van mensen uit de industrie te organiseren?;Meer interactie met professionals zou ons helpen om onze carrièredoelen scherper te stellen.;We zouden meer toegankelijke workshops over grenzen stellen en zelfzorg willen zien.;It would be great if the assessments covered the material discussed in the optional readings.;Het is nuttig om een vaste uren te hebben waarop de docenten echt beschikbaar zijn voor ons.;I noticed a real effort to keep me engaged despite my current challenges.
159;1;2026/27;Den Bosh;ICT & Business;Full-time;Third-year;Kunnen we niet sneller feedback krijgen? [NAME]’s marken zijn te langzaam, echt frustrerend.;Zou het helpen als meer assignments gebaseerd zijn op data van echte bedrijven?;Het persoonlijke contact ontbreekt, we hebben meer kleine groepsbijeenkomsten nodig.;Wat een geweldige ondersteuning met mijn studieregeling, ik weet nu wat ik moet doen.;Het gebrek aan tijdige feedback belemmert ons enorm bij het begrijpen van onze zwakke punten.;Ik zou graag meer zichtbare en toegankelijke hulp zien voor studenten met leerstoornissen.;Het zou helpen als de richtlijnen voor flexibele studievormen toegankelijker waren voor iedereen.
160;1;2026/27;Venlo;HBO-ICT;Full-time;Fourth-year;The practical projects really solidify the knowledge gained in the classroom settings.;Could the university establish stronger partnerships with local businesses for guaranteed internships?;Het duurt veel te lang voordat ik een reactie krijg, wat mijn studieverloop belemmert.;Ze gaven mij veel inzicht in de mogelijke studierichtingen buiten mijn hoofdstudie.;Wij zouden een systeem willen waarbij de feedback sneller en meer gedetailleerd is.;It would be really helpful if the department actually implemented some of the changes suggested in the student council meetings.;Ze waren enorm behulpzaam met de aanpassingen en namen de stress echt uit mijn schouders.
161;1;2026/27;Eindhoven;Software Engineering;Full-time;First-year;The current system for accessing teachers feels very restrictive and inconvenient for students.;Meer hulp bij het identificeren van relevante vacatures en het aanpassen van mijn portfolio zou helpen.;It would be great if the instructors could provide more personalized mentorship outside of class hours.;Het zou prettig zijn als de contactmogelijkheden van de mentoren duidelijker waren vastgelegd.;It would be beneficial to spread out the assessment weight across more varied tasks.;Het zou helpen als we vaker de recente onderwerpen kunnen bespreken in een groepssetting.;Het zou helpen met meer flexibele deadlines voor studenten die tegelijkertijd zorgen.
162;1;2026/27;Tilburg;Cyber Security;Part-time;Second-year;De diepgang van de stof en de case studies zijn werkelijk indrukwekkend, heel relevant voor de praktijk.;We need more hands-on help with tailoring applications for different job roles.;Better resources or clearer guidelines for the peer mentors would really improve the experience.;Het gevoel van waardering is superbelangrijk, blijkbaar hebben jullie hier echt een goede focus op.;Ik zou graag meer groepsopdrachten willen die ons laten samenwerken op een andere manier.;"Ik zou graag zien dat de docenten sneller reageren op e-mails; het maakt het studieproces soepeler.";The resources available for managing my time between art and school are surprisingly helpful.
163;1;2026/27;Den Bosh;Artificial Intelligence;Full-time;Third-year;Meer tijd voor discussies zou de kwaliteit van het lesgeven enorm kunnen verhogen.;Het zou helpen als de alumni dagen meer specifieke carrièresectoren zouden belichten.;The system keeps crashing during peak hours, making it almost impossible to schedule a slot.;Could the mentors provide more specific guidance regarding diverse cultural perspectives?;Het zou de leerervaring verbeteren met een grotere variatie in beoordelingsmethoden.;Ik zou een grotere focus willen op het creëren van een supportive peer-to-peer netwerk.;Ik vraag om meer proactieve communicatie over financiële aanpassingen en mogelijkheden.
164;2;2026/27;Venlo;ICT & Business;Full-time;Fourth-year;Zou de docent de betrouwbaarheid van de online [NAME] kunnen verbeteren?;We really need more exposure to professional project management tools like Trello or Asana during coursework.;Ik waardeer de aandacht voor de praktijkkansen, het helpt enorm bij mijn oriëntatie.;My mentor's input on elective choices was invaluable and made the curriculum feel more personalized.;"Ik vind de lange wachttijd erg frustrerend; efficiëntere beoordeling zou fantastisch zijn.";Het zou handig zijn met een flowchart die aangeeft wie te spreken.;Het gesprek was goed, maar meer middelen en contactpersoon zouden de begeleiding verbeteren.
165;2;2026/27;Eindhoven;HBO-ICT;Full-time;First-year;De docenten zijn erg deskundig en weten echt hoe de markt werkt.;Providing industry insights and guest speakers would significantly improve our job readiness.;I feel completely unsupported because I've had three different people trying to teach me this year.;Perhaps a virtual drop-in session would be more accessible than scheduled appointments.;The glitching was so distracting that I felt anxious and unable to perform to my actual ability.;A dedicated quick-contact channel for minor, urgent student questions would be beneficial.;Better signage detailing accessible routes throughout the campus is necessary.
166;2;2026/27;Tilburg;Software Engineering;Full-time;Second-year;Ik heb moeite gehad met het krijgen van opvolging van de docent na mijn e-mails.;Het zou goed zijn om een workshop over time management en deadline management te houden.;Het zou geweldig zijn om meer inzicht te krijgen in de dagelijkse uitdagingen van de sector.;I feel much more confident about my major now thanks to the structured advising sessions.;Please consider implementing a quicker turnaround time for all final grade submissions.;Meer spontane plekken om samen te komen, bijvoorbeeld een gezamenlijke koffiemoment in de bibliotheek.;Zouden er meer workshops over het combineren van studie en ouderschap georganiseerd kunnen worden?
167;2;2026/27;Den Bosh;Cyber Security;Full-time;Third-year;It would greatly help if the teaching staff could maintain a more regular communication rhythm.;Het zou heel nuttig zijn om te weten hoe de industrie denkt over onze studie en wat ze écht nodig hebben.;De manier waarop de docenten het ondersteuning aanbieden, is echt top en heel helpful.;Maybe integrating mindfulness techniques into the curriculum would be really helpful for wellbeing.;Het zou helpen als we feedback en eindcijfers sneller zouden ontvangen na het afronden van de examens.;It would be much better if a clear timeline was provided for any assignment modification.;Het is cruciaal dat de openbare ruimtes altijd goed onderhouden en vlak blijven.
168;2;2026/27;Venlo;Artificial Intelligence;Full-time;Fourth-year;Misschien meer aandacht voor de koloniale geschiedenis van de regio, in plaats van alleen de westerse visie.;Het zou geweldig zijn om meer echte bedrijfsgevallen te bestuderen in de praktijk.;Waarom is het zo dat de tips van de docent niet passen bij de regels van het instituut?;More frequent follow-ups would really help keep me on track with my assignments and goals.;De communicatie over wat er precies beoordeeld wordt, moet echt verbeterd worden.;Mijn studiegenoten en ik zouden meer één-op-één sessies willen over loopbaanontwikkeling.;It would be helpful to have clearer guidelines on reserving specialized equipment.
169;2;2026/27;Eindhoven;ICT & Business;Full-time;First-year;Zijn de docenten echt zo druk? We hebben meer directe ondersteuning nodig bij moeilijkheden.;Zouden jullie kunnen kijken naar een meer gestructureerd rooster van de gastsprekers?;De adviezen van de mentoren lijken soms te botsen met de officiële departementsregels, wat verwarrend is.;Please provide a clear roadmap for progression beyond the core curriculum modules.;The assessment was fair, but sometimes the criteria felt overly influenced by individual marker bias.;Het zou helpen als meer directe follow-up wordt gegeven na het indienen van deze feedback.;Ik zou graag zien dat er meer flexibele opties zijn voor het inleveren van opdrachten naast de standaard deadlines.
170;1;2026/27;Tilburg;HBO-ICT;Full-time;Second-year;The focus on only certain ethnic groups in history makes the program feel incomplete and limiting.;We zouden meer modules moeten krijgen over ethiek in technologie, want dat is een groot aandachtspunt nu.;Het zou super fijn zijn als we meer praktijkvoorbeelden van de industrie in de lessen zien.;Het voelde alsof mijn zorgen over het curriculum niet snel genoeg werden opgepakt door de juiste afdelingen.;Is er een mogelijkheid om een meer real-time feedbackmechanisme te overwegen voor de toetsen?;Het is moeilijk om het tempo vast te houden als reactietijd van de docenten zo variabel is.;Perhaps a dedicated academic support system specifically for professional artists would be helpful to implement.
171;2;2026/27;Den Bosh;Software Engineering;Part-time;Third-year;I’m getting very frustrated by [NAME]’s slow turnaround on grading the assignments.;More mentorship programs linking students with established professionals would be beneficial.;Ik zou meer persoonlijke begeleiding waarderen, het voelt nu te veel als een massale uitzending.;They gave excellent tips regarding salary negotiation and career growth.;Ik vind het nuttig dat er variatie zit, maar de differentiatie in de beoordeling mist consistentie.;"Graag een moment van individuele aandacht; ik wil meer diepgaand begeleiding.";De toegankelijkheid van de online leermaterialen is goed, maar meer begeleiding bij complexe databases zou helpen.
172;2;2026/27;Venlo;Cyber Security;Full-time;Fourth-year;De docenten reageren vaak niet op vragen, wat enorm frustrerend is.;De koppeling met de arbeidsmarkt zou sterker kunnen door middel van verplichte stages.;De instructie is te algemeen, een meer individuele aanpak zou helpen.;It would be great if there was a clearer protocol for emergency mentoring support.;Please consider implementing mandatory mental health breaks during peak examination weeks.;Het zou geweldig zijn met meer kleine groepjesdiscussies in plaats van alleen grote colleges.;Zelfs een anonimiteit enquête over studenten stressniveaus zou waardevolle data opleveren.
173;2;2026/27;Eindhoven;Artificial Intelligence;Full-time;First-year;It feels like there isn't enough time to properly study everything we are being asked.;Het zou nuttig zijn om training te krijgen in formele zakelijke presentaties en feedback.;Overall, the guidance felt a bit impersonal and lacked personalized attention to our struggles.;Kunnen we een betere online platform krijgen om sneller afspraken te maken met de begeleiders?;"Please consider speeding up the feedback loop; waiting too long makes it hard to learn.";Het zou helpen als docenten meer proactief contact zoeken met studenten die moeite hebben met stof.;The online portal needs clearer navigation and better compatibility with screen-reading software.
174;1;2026/27;Tilburg;ICT & Business;Full-time;Second-year;Het zou helpen als de docenten een duidelijke checklist hadden voor alle ingediende assignments.;More hands-on insights from professionals would really bridge the gap between theory and practice.;Its incredibly difficult to manage the teacher availability through this clunky platform.;When we raise issues, we need confirmation that someone is actively working on a resolution.;Could the institution consider implementing a system for quicker grade release after assessment?;Het zou helpen met meer activiteiten die de verbinding tussen verschillende studiejaar studenten creëren.;The restroom facilities require better universal design to accommodate various mobility needs.
175;1;2026/27;Den Bosh;HBO-ICT;Full-time;Third-year;De deadlines zijn te krap, het voelt alsof we altijd achter de feiten aanlopen.;Meer aandacht voor digitale marketingstrategieën zou de bruikbaarheid van ons diploma enorm vergroten.;We zouden graag meer diepgaande inzichten krijgen van gastlecturen uit relevante bedrijfstakken.;Could the institution consider offering virtual drop-in sessions for instant support?;Could the syllabus better guide students on what areas are prioritized for exams?;Could the faculty improve their accessibility? Sometimes I feel too hesitant to ask things.;We need clearer guidelines on how missed classes or assignments due to health issues are graded.
176;1;2026/27;Venlo;Software Engineering;Full-time;Fourth-year;Het is te veel werk, de hoeveelheid opdrachten maakt de tijdsplanning echt onmogelijk.;"Het huidige aanbod voelt wat te algemeen; meer nicheadvies zou super zijn.";De reactietijd is een groot probleem, we hebben kortere feedbackcycli nodig.;Het was fijn om een veilige plek te hebben om met anderen te praten over studieproblemen.;A blend of continuous assessment and larger final exams would be much more manageable for students.;It would be great if there was a clearer protocol for quick contact outside of office hours.;More designated quiet zones with accessible furniture would significantly enhance the study experience.
177;1;2026/27;Eindhoven;Cyber Security;Full-time;First-year;Seriously, [NAME] needs to speed up the grading, it's impacting my progress.;Integrating industry-standard platforms would significantly bridge the gap between theory and professional practice.;Het was lastig om vragen te stellen omdat de lesstructuur te strak was voor interactie.;Ik vond de individuele gesprekken over loopbaanpaden erg inspirerend en behulpzaam.;Ik vond de beoordelingscriteria heel duidelijk, maar de weging van de verschillende onderdelen was onduidelijk.;Ik waardeer de snelle en informatieve reacties van de docenten op het digitale platform.;Having specialized workshops on time management and study techniques would be incredibly helpful.
178;1;2026/27;Tilburg;Artificial Intelligence;Full-time;Second-year;We zouden meer sessies nodig hebben om de complexe onderwerpen echt goed te kunnen begrijpen.;Would integrating actual client briefs make the learning process feel much more relevant?;Zou meer focus willen op het geven van diepgaande, academische feedback.;Het was heel fijn om de carrièredoelen met een professional te bespreken en een plan te maken.;Het zou de motivatie enorm verhogen als we snel en uitgebreid kunnen zien wat we goed en slecht deden.;It would really help to have a single, easy-to-remember contact page for all student queries.;It would be very helpful if curriculum paths could be more customizable to individual interests.
179;2;2026/27;Den Bosh;ICT & Business;Full-time;Third-year;The pace is excellent, but I'd appreciate more guided practice sessions outside of lecture time.;De carrièrecentrale is goed, maar meer focus op industrie-specifieke netwerkgelegenheden zou beter zijn.;Honestly, the quality really depends on which mentor you get, perhaps a centralized training module is necessary.;Het is nuttig om te weten welke bedrijven specifiek met ons programma samenwerken.;Het zou prettig zijn om een deel van de cijfers te laten afhangen van een praktijkopdracht.;I think more cross-departmental student events would really boost overall campus spirit.;Better communication is needed regarding the nuances of special funding requirements.
180;1;2026/27;Venlo;HBO-ICT;Part-time;Fourth-year;I really appreciate how the professor breaks down complicated theories into manageable chunks.;Het zou helpen met het koppelen van theoretische lessen aan daadwerkelijke bedrijfspraktijken.;De reactietijd van de mentoren is echt frustrerend, ik wacht al te lang op een simpel antwoord.;I wish there was a more proactive way to check in with students who seem overwhelmed or struggling.;Het is goed dat het systeem feedback geeft, maar de basis voor 'goed' is niet altijd helder.;Ik ontvang te weinig meldingen over kleine aanpassingen in de opdrachten, dat is onduidelijk.;More standardized guidelines regarding alternative assessment methods would greatly improve student confidence.
181;2;2026/27;Eindhoven;Software Engineering;Full-time;First-year;Ik waardeer de enthousiasme van de docent, maar sommige concepten bleven te abstract voor echt begrip.;We need better practice in articulating complex thoughts concisely during job interviews.;Het voelt alsof de ondersteuning voor studenten die remote leren echt achterblijft ten opzichte van de fysieke groepen.;I feel like some mentors are too busy to provide the deep support we actually need right now.;The assessments seemed fair, but the feedback given was too general to be truly helpful.;Meer variatie in de contactmethoden zou de motivatie enorm kunnen verhogen.;We need more flexibility regarding deadlines that account for personal health variations.
182;2;2026/27;Tilburg;Cyber Security;Full-time;Second-year;Het is niet duidelijk wat precies verwacht wordt qua beoordelingscriteria voor dit vak.;Ik zou graag meer workshops over moderne CV-ontwerp en online portefeuilles willen zien.;Zou je kunnen kijken naar de retentie van de docenten? De wissel is te groot om te negeren.;Graag zou ik meer informele evenementen willen, zodat we op een andere manier elkaar kunnen aanmoedigen.;Het zou helpen als de zware toetsen werden afgewisseld met minder stressvolle, kleinere beoordelingen.;I wish the mentors could help us connect with alumni working in our desired fields.;Het is belangrijk om de studie aan te passen aan onze unieke leerstijlen en ritmes.
183;2;2026/27;Den Bosh;Artificial Intelligence;Full-time;Third-year;I found the material hard to follow because the explanations jumped between too many different topics.;Adding workshops on portfolio building and showcasing practical skills would be excellent.;Ik hoop dat jullie dit boekingsproces verbeteren, want het is nu onmogelijk.;Het was geweldig dat we deze informele, maar nuttige, connecties konden opbouwen.;"De vraagstelling moet duidelijker zijn; ik was echt in twijfel over de exacte scope.";Meer heldere richtlijnen over wanneer en hoe we de begeleiding kunnen vragen zouden helpen.;Ik waardeer het online materiaal, maar de video's missen soms synchronisatie van ondertiteling.
184;1;2026/27;Venlo;ICT & Business;Full-time;Fourth-year;Many instructors seem overloaded, leading to inconsistent and rather unhelpful responses.;Ik zou graag meer mogelijkheden willen om naast de beurs ook informele netwerkevents te volgen.;Het is onprofessioneel om de studenten met zoveel verschillende docenten te laten werken.;Ik vond de kans om met anderen te discussiëren over onze studie erg nuttig.;The assessment felt like it tested knowledge outside the scope of the course modules we followed.;My mentor never seemed to have enough time to genuinely address my concerns.;Het zou een grote verbetering zijn als er meer ergonomische werkplekken beschikbaar waren op verschillende locaties.
185;1;2026/27;Eindhoven;HBO-ICT;Full-time;First-year;Could someone clarify the rubric details? I'm confused about the grading expectations.;English: Integrating industry-standard tools would greatly enhance our understanding of professional workflows.;De mentoren nemen echt initiatief, wat super fijn is voor studeren.;This sense of belonging fostered by peers really improved my overall student experience at the school.;The transition between theoretical knowledge and practical application felt abrupt and confusing.;Ik stel voor om meer interactieve sessies in te bouwen in plaats van alleen grote lezingen.;Could we get more diverse counselors who understand different cultural backgrounds alongside special needs?
186;1;2026/27;Tilburg;Software Engineering;Full-time;Second-year;Honestly, meer tijd voor praktijkgerichte lessen zou het leren enorm verbeteren.;We should dedicate time to learning the specific enterprise software utilized in relevant job sectors.;It's impossible to establish a rapport when the instructor changes every few months.;Misschien zou een vaste 'open' consultatiedag per week helpen, zodat we flexibeler kunnen zijn.;Wij zouden een duidelijkere timeline willen zien voor het ontvangen van alle cijfers.;Ik zou graag zien dat de beschikbaarheid van de docenten beter wordt gecommuniceerd.;Het personeel reageerde met begrip en liet mij de tijd nemen die ik nodig had.
187;1;2026/27;Den Bosh;Cyber Security;Full-time;Third-year;Can they make their availability clearer? We often miss them when we need help most.;Could we get more time practicing on the exact software used by top companies right now?;I really feel that the response time from the mentors is a major issue.;De carrièreworkshops waren echt nuttig, ik weet nu precies welke paden ik kan bewandelen.;While I appreciate the effort, the grading seemed heavily dependent on the individual marker's mood.;More opportunities for unscheduled office hours would really help me keep up with the pace.;Ik merk op dat de staff altijd een luisterend oor bood, zelfs als het lastig was.
188;1;2026/27;Venlo;Artificial Intelligence;Full-time;Fourth-year;De contacturen waren te beperkt om de diepgang van het vakgebied voldoende te verkennen.;More emphasis on soft skills, like complex negotiation and team leadership, is highly recommended.;Het netwerk dat de docenten opbouwen is onbetaalbaar voor onze toekomstige loopbaan.;De begeleiding voelt heel ondersteunend, en ik voel me hier echt welkom.;Ik vond dat de examenvragen soms te ver afstonden van wat we in de lessen behandelden.;Het zou helpen als er meer proactieve workshops waren voor internationale studenten.;It would really help if the library hours extended slightly during the evening hours.
189;1;2026/27;Eindhoven;ICT & Business;Part-time;First-year;I think the workload distribution needs adjustment, some weeks are far too demanding.;Ik zou plezier hebben aan projecten die echte zakelijke uitdagingen nabootsen.;Meer individuele aandacht zou echt het leerproces verbeteren, dat is mijn feedback.;It would be amazing if you could organize more simulated job interviews with industry experts.;"Het evenwicht tussen tentamens en opdrachten voelt nu erg scheef; meer coursework zou fijn zijn.";I suggest integrating short, collaborative brainstorming sessions into the core curriculum content.;Ik hoop op meer individuele sessies om mijn studieplan echt te optimaliseren.
190;2;2026/27;Tilburg;HBO-ICT;Full-time;Second-year;Zou iemand kunnen vragen of [NAME] de beoordeling kan versnellen, please?;Het zou fijn zijn als de universiteit meer partners zou kunnen leggen met lokale bedrijven.;Het zou fijn zijn als er meer gekeken werd naar individuele leerstijlen en problemen.;Er zou meer aandacht kunnen zijn voor de balans tussen studeren en ontspannen.;Het zou enorm helpen als de feedback directer en sneller beschikbaar was na tentamens.;I suggest implementing an automated acknowledgement system for faster initial responses.;Could we get clearer guidelines on self-care practices that don't feel like just 'good advice'?
191;1;2026/27;Den Bosh;Software Engineering;Full-time;Third-year;The online submission system needs a major overhaul because it often times out.;Graag meer projecten die de complexiteit van echte bedrijfsvoering weerspiegelen.;Er is een duidelijke kloof tussen de fysieke en virtuele studentenservaring, die moet worden gedicht.;I really wish the check-ins happened more consistently, maybe bi-weekly.;Het systeem lijkt de stress die we voelen door te hoge inzet te negeren.;I think integrating more peer-to-peer discussion with occasional lecturer input would boost engagement.;Het is een stap vooruit, maar de video's moeten echt gecontroleerde, accurate ondertiteling krijgen.
192;1;2026/27;Venlo;Cyber Security;Full-time;Fourth-year;Ik vond de uitleg enthousiast, maar het miste soms wat diepgang in de details.;More exposure to the actual professional toolset, like industry CAD programs, would be invaluable for our careers.;Their advice sometimes felt generic, almost like it was read from a textbook.;Zou het mogelijk zijn om een meer flexibel en consistent check-in schema te hanteren?;Het stelsel lijkt te veel te focussen op scoren, wat de werkelijke leerervaring sterk ondermijnt.;Ik zou graag meer feedback ontvangen over mijn voortgang, niet alleen de eindbeoordeling.;Kortom, meer aandacht voor het onderhoud en de uniformiteit van de toegankelijke infrastructuur is gewenst.
193;2;2026/27;Eindhoven;Artificial Intelligence;Full-time;First-year;More study time is needed, otherwise the assignments feel overwhelming and impossible to finish.;It would be helpful to use industry-standard tools, like Figma, for our design projects.;De ondersteuning is top, het voelt alsof je altijd begeleid wordt door experts.;The guidance I received on electives was spot on and has improved my overall understanding.;De examensperiodes zijn ontzettend stressvol en het mentale welzijn gaat vaak verloren.;Ik voelde me soms meer als een nummer dan een student die geholpen kan worden.;A mandatory mental health literacy module at the start of the year would be beneficial.
194;1;2026/27;Tilburg;ICT & Business;Full-time;Second-year;Het is frustrerend dat feedback vaak dagenlang duurt voordat er een reactie komt.;Zou het mogelijk zijn om een vaste module te integreren voor professionele licenties?;Het is lastig om die verbinding te voelen als al het supportmateriaal voor de fysieke locatie is bedoeld.;Het zou helpen als er meer discussie was over work-life balance en grenzen stellen.;De beschikbaarheid van alternatieve beoordelingen is een echte blijk van begrip voor studenten.;Ik zou meer feedback op mijn deelname tijdens de online debatten willen, niet alleen op de inhoud.;More robust preventative mental health awareness campaigns would benefit the student body significantly.
195;1;2026/27;Den Bosh;HBO-ICT;Full-time;Third-year;Het is echt frustrerend hoe lang [NAME] feedback op de tentamens duurt.;Meer begeleiding bij het opstellen van een professioneel portfolio zou heel waardevol zijn.;Why do mentors take so long to respond? It seriously impacts my ability to keep up with coursework.;I think weekly check-ins would provide a much more steady sense of support.;We really need a more transparent timeline for receiving our final grades after the exams.;The mentors were wonderful, but scheduling the follow-up calls was always a nightmare.;Ik zou graag zien dat de informatie over beursopties duidelijker en minder verwarrend is.
196;1;2026/27;Venlo;Software Engineering;Full-time;Fourth-year;Could the instructors provide clearer guidelines? We struggle with the unwritten rules.;Having alumni networking events specifically for job leads would greatly improve our prospects.;It would greatly benefit us if the department could maintain a consistent teaching staff, it helps tremendously.;Creating more structured social events for different departments would be excellent.;"The connectivity issues were unacceptable; I lost valuable time trying to reconnect to the assessment platform.";Ik verwacht dat het personeel meer flexibel is en sneller bereikbaar tijdens piekperiodes.;Het personeel was erg ondersteunend en hielp met alternatieve leeroplossingen.
197;2;2026/27;Eindhoven;Cyber Security;Full-time;First-year;Nog steeds wachten op Smith's cijfers, dit tempo is echt te traag.;Meer opties om industriële certificaten te behalen zou mijn carrièrekansen verbeteren.;Could the institution please fix the scheduling system? It never works properly.;De peer support groepen hielpen me enorm om het studiemateriaal beter te begrijpen.;Adding more practical coursework would balance out the high stakes of the end-of-term exams.;Ik zou meer directe interactie met de docenten willen, misschien via korte virtuele kletsruimtes.;De docenten reageerden heel empathisch en gaven me de ruimte die ik nodig had.
198;1;2026/27;Tilburg;Artificial Intelligence;Part-time;Second-year;Het lijkt erop dat de lesroosters en verwachtingen niet altijd goed worden gecommuniceerd.;Ik zou graag meer feedback willen ontvangen over onze leerplannen, specifiek wat werkgevers eisen.;We need more prompt feedback from the teaching staff, waiting weeks for replies is unacceptable.;Having more readily available support options would alleviate much of the current stress.;The exam scope seemed wider than the content we spent sufficient time discussing in class.;Het zou fijn zijn met meer gezamenlijke studieavonden om een sterkere studiegroep-sfeer te creëren.;A dedicated workshop on navigating financial aid options would be truly beneficial for everyone.
199;2;2026/27;Den Bosh;ICT & Business;Full-time;Third-year;Het is onacceptabel dat de correcties van [NAME] zo lang duren voor zo'n vak.;I really appreciate it if the assignments could use real company data, not just hypothetical scenarios.;Het zou prettig zijn als de mentors meer flexibele en diepgaande discussies konden leiden.;De cursussen over persoonlijke branding waren super, ik voel me nu veel gerichter in mijn carrière.;Meer mondelinge presentaties zouden mij helpen om mijn kennis echt te bewijzen.;Please ensure all schedule changes are communicated at least two weeks in advance.;A personalized curriculum path would really help me manage the increased workload effectively.
200;2;2026/27;Venlo;HBO-ICT;Full-time;Fourth-year;Ik waardeer de hoge kwaliteit van de lesstof en de expertise die de docenten delen.;We need the course to utilize industry-recognized software so our skills are immediately relevant.;We need more individualized feedback sessions to genuinely improve our understanding.;Het zou fijn zijn als de mentoren meer flexibele kantooruren zouden hebben voor afspraken.;I wish the scope for analytical questions was more clearly delineated before the test.;I think dedicating time for unstructured student interaction would greatly improve community spirit.;Ik stel voor dat er workshops over stressmanagement en mindfulness worden aangeboden, naast de reguliere lessen.
201;1;2026/27;Eindhoven;Software Engineering;Full-time;First-year;Smith's grading speed is unacceptable, we need timely assessments to keep progressing.;I really want practical experience using industry-standard tools and real project data.;Kunt u ervoor zorgen dat de docenten meer op ons als individu ingaan tijdens de lessen?;I wish there were more casual, informal drop-in sessions for quick emotional check-ins.;Ik zou graag zien dat de examencomponenten worden ondersteund door meer praktische en gekwantificeerde opdrachten.;Het zou fijn zijn met wat meer kleine, informele momenten om te praten met de docenten buiten de lesuren.;More designated and maintained accessible pathways would greatly improve navigation for everyone.
202;1;2026/27;Tilburg;Cyber Security;Full-time;Second-year;Zou het kunnen dat we wat meer uren krijgen voor deze vakken, alstublieft?;Het zou helpen als de docenten meer actuele voorbeelden van de sector zouden gebruiken in hun lessen.;Het is echt frustrerend wanneer cruciale vragen wekenlang in de inbox blijven hangen.;Het is fijn dat er praatgroepen zijn, maar het voelt nog te weinig voor de dagelijkse stress.;Could the institution reduce the number of major written exams per module, please?;Could we get a dedicated mentor session, maybe once a month, to discuss career paths and course material?;Het is fijn, maar ik zou meer concrete tools en vaardigheden willen leren, niet alleen luisteren.
203;2;2026/27;Den Bosh;Artificial Intelligence;Full-time;Third-year;The programme could benefit from incorporating more discussions on global feminist theory.;I feel we need more structured guidance on workplace etiquette and professional boundaries.;Het wisselen van begeleiders is frustrerend en belemmert echt het leerproces van de studenten.;We zouden baat hebben bij een structuur die emotionele dumping erkent en beheert.;I think assessments should include some practical simulations to mimic real workplace scenarios.;I felt a bit lost between sessions, needing more structured guidance on the next steps.;Could the online system for requesting deadline extensions be simplified? It’s quite complicated right now.
204;2;2026/27;Venlo;ICT & Business;Full-time;Fourth-year;Ik voel echt dat de contacturen te weinig zijn om alle stof te kunnen behandelen, dat is teleurstellend.;Ik zou meer willen weten over de doorgroeimogelijkheden binnen diverse functies.;Overall helpful, but the quality varies significantly depending on who you get.;Could the mentors provide more specific examples of where I need to improve my critical thinking skills?;Het zou nuttig zijn als de vragen meer gestructureerd waren en minder dubbelzinnig.;Meer korte, gemixte brainstorm-sessies zouden onze vaardigheden en betrokkenheid enorm stimuleren.;Is there a centralized system where students can check their eligibility for special accommodations?
205;1;2026/27;Eindhoven;HBO-ICT;Full-time;First-year;Zou het mogelijk zijn om een paar extra sessies te plannen, want het is echt te weinig.;Het zou helpen als de stagebegeleiding verder ging dan alleen het zoeken naar plekken, en ook het navigeren van de industrie.;Zeker meer training over conflicthantering en academische verwachtingen voor de student-mentoren.;Soms voelt het alsof de mentoren niet echt tijd hebben, wat frustrerend is.;Some topics tested on the exam were quite different from what was covered in the readings or discussions.;Het zou fantastisch zijn met een gezamenlijk evenement om het gevoel van thuishoren te versterken.;Accessibility signage needs updating, especially in the older academic buildings across campus.
206;1;2026/27;Tilburg;Software Engineering;Full-time;Second-year;We need a clearer timeline for grading, [NAME]’s delays make it hard to progress.;Graag meer sessies met professionals uit andere, gerelateerde industrieën om perspectief te krijgen.;The quality of mentorship suffers significantly when the teachers keep changing every semester.;The responsiveness when academic conflicts arose was disappointingly slow and unhelpful.;I think there should be a closer link between lecture topics and the types of exam questions.;Ik hoop dat er meer buddy-programma's komen die ook andere culturele achtergronden omvatten.;Een grotere focus op het integreren van welzijnsdagen in het academische rooster zou prettig zijn.
207;1;2026/27;Den Bosh;Cyber Security;Part-time;Third-year;Smith's grading process seems unnecessarily slow, which is making the learning experience frustratingly difficult.;Het zou geweldig zijn als we meer industrie-standaard software konden gebruiken in de praktijk.;Het voelt alsof de docenten de stof gewoon afwerken zonder echt te interageren met ons.;Het zou geweldig zijn als we een mentor-pool hadden, zodat we iemand kunnen vinden die meer tijd heeft.;De druk op mijn mentale gezondheid tijdens examenperiodes is te groot voor de huidige structuur.;It would be great to have a mix of online and in-person interactions.;Het zou nuttig zijn als de counselors meer ingangen op de specifieke mentale aspecten van studeren.
208;2;2026/27;Venlo;Artificial Intelligence;Full-time;Fourth-year;Ik wacht al weken op feedback over mijn scriptie, het is erg frustrerend.;Could you connect us with alumni working in desirable industries for informal advice? (English);Ik had gehoopt op meer directe en snelle ondersteuning van de docenten en mentoren.;I appreciate the resources provided for advanced research skills, it greatly improved my approach.;Het zou fijn zijn als we meer fieldwork of excursies konden doen voor beoordeling.;Could we get more real-time assistance, perhaps through a drop-in support system in the library?;De liften in het gebouw zijn vaak kapot, wat het moeilijk maakt om de bovenste verdiepingen te bereiken.
209;1;2026/27;Eindhoven;ICT & Business;Full-time;First-year;Het tempo was te hoog en ik miste meer tijd om de complexe materie te verwerken.;Could we get more formalized support for pursuing external professional development certifications?;De focus op 'ter plaatse' lijkt de mensen op afstand te vergeten, wat frustrerend is.;Kunt u overwegen om de frequentie van de begeleidingsgesprekken iets te verhogen?;Graag feedback die uitlegt waarom bepaalde antwoorden fout waren, en hoe ze juist zouden zijn.;Ik weet niet of ik naar de juiste afdeling moet voor financiële hulp of voor hulp bij mijn studieplan.;Het is lastig om de bronnen te gebruiken als ze niet voldoen aan WCAG-richtlijnen.
210;1;2026/27;Tilburg;HBO-ICT;Full-time;Second-year;Ik denk dat er meer flexibiliteit in de beoordelingsschema's nodig is.;Graag meer specifieke, sectorgerichte workshops om mij beter voor te bereiden op de arbeidsmarkt.;Het is geweldig dat de begeleiders zo toegankelijk zijn en altijd bereid om te helpen.;Het netwerk evenement hielp me enorm bij het identificeren van potentiële stageplekken.;Consider implementing more low-stakes assessments to reduce overall pressure.;Het zou helpen als de website één heldere plek had voor alle vragen.;Het zou helpen als de ondersteuning ook echt rekening houdt met de variëteit aan zorgrollen.
211;2;2026/27;Den Bosh;Software Engineering;Full-time;Third-year;Smith’s grading speed is unacceptable, I really need better feedback on this module.;Kunt u meer focus leggen op de overgang van academische kennis naar industriële vaardigheden?;It's difficult to get meaningful help when the instruction is delivered to so many students.;De momenten van begeleiding zijn goed, maar de tussenperiodes zijn te lang voor een stabiel gevoel.;Kunt u meer aandacht besteden aan het optimaliseren van het systeem voor een grotere groep deelnemers?;Sometimes the guidance felt like checking boxes rather than actual deep academic conversation.;Een meer modulaire aanpak zou de studenten in staat stellen om hun tempo te bepalen.
212;2;2026/27;Venlo;Cyber Security;Full-time;Fourth-year;Ik raad aan de belasting van de keuzemodules te herzien, het is te veel voor één semester.;We need more opportunities to hear from professionals who are active in diverse fields.;Het gebrek aan interactie in de grotere colleges vermindert de leerervaring aanzienlijk.;Ik hoop dat de beschikbaarheid van mentoren tijdens piekuren iets verbeterd kan worden.;The breadth of the exam covered material we only briefly glimpsed during lectures.;Perhaps more student representation on key decision-making committees would be beneficial.;Ik hoop op meer groepsactiviteiten die gericht zijn op het heropbouwen van sociale vaardigheden.
213;2;2026/27;Eindhoven;Artificial Intelligence;Full-time;First-year;Het is jammer dat het contact nog zo weinig is, we zouden meer oefening kunnen gebruiken.;Het zou nuttig zijn om feedbackrondes met professionals te organiseren die de nieuwste trends bespreken.;I recommend refreshing the curriculum for student mentors to improve depth.;More focused sessions on specific industries, like tech, would be beneficial.;Overall, het proces was redelijk, maar de uitleg over de hoge A-grades was te minimalistisch.;A structured peer-review system for group projects would significantly improve the learning experience overall.;Ik hoop dat de richtlijnen voor uitstel van opdrachten iets meer consistent worden voor alle studenten.
214;1;2026/27;Tilburg;ICT & Business;Full-time;Second-year;Could we please get more in-person time? The current schedule feels too spread out.;Het zou helpen om de link tussen academische projecten en potentiële werkplekken te verduidelijken.;Could the communication turnaround time for academic advising be drastically improved?;De begeleiding bij het kiezen van vakken was precies wat ik nodig had op dit moment.;Ik vind dat de druk van de eindbeoordeling soms onnodig hoog is, waardoor de leerplezier verloren gaat.;I found the academic advice solid, but the emotional support felt superficial at times.;Graag meer betaalbare en toegankelijke printfaciliteiten op elk collegegebouw.
215;2;2026/27;Den Bosh;HBO-ICT;Full-time;Third-year;Could the teachers dedicate more time to addressing our basic conceptual misunderstandings?;"Graag meer nadruk op de interactie tijdens deze gastlessen; meer Q&A tijd.";I wish there was a more supportive, smaller-scale mentoring structure available.;De kleine blijkjes van complimenten maken het hele leerproces veel leuker en positiever.;The assessment seems disconnected from the primary concepts we focused on throughout the semester.;Maybe implementing a ticketing system would ensure that every query gets a timely response.;Adding more adequate ramp sections would really help students using wheelchairs navigate campus.
216;2;2026/27;Venlo;Software Engineering;Part-time;Fourth-year;The sheer volume of assignments makes effective time management almost impossible to achieve.;It would be great to have alumni networking events that are more structured and helpful.;I feel the mentors should receive more formal training on conflict resolution skills.;Het was fijn om een rustig gesprek te hebben over mijn toekomstige studiekeuzes en keuzes.;Overweeg een systeem waarbij feedback direct na het afleggen van het examen online wordt gedeeld.;De communicatie over locatieveranderingen was last keer echt slecht, we waren te laat.;More preemptive communication about potential academic adjustments would greatly ease stress.
217;1;2026/27;Eindhoven;Cyber Security;Full-time;First-year;De diepgang van de stof is echt indrukwekkend, de docenten koppelen theorieën perfect aan de praktijk.;More dedicated career fairs focusing solely on placements in my field would be extremely beneficial.;Betere planning is nodig, de wachttijd op antwoorden is echt een enorme bron van stress.;Hoewel het goed is, zou het nuttig zijn meer cultuurspecifieke studiegroepen te organiseren.;I suggest varying the assessment types to prevent burnout from constant testing.;Meer gezamenlijke studiemomenten of grotere projectgroepen zouden de band versterken.;Meer open communicatie over de beschikbare middelen en hun beperkingen is nodig.
218;2;2026/27;Tilburg;Artificial Intelligence;Full-time;Second-year;We desperately need more time to review the modules, the pace feels overwhelmingly fast currently.;It would be incredibly beneficial if the curriculum incorporated real-world client scenarios for analysis.;Het voelt alsof de begeleiding wordt gegeven aan een groep, niet op maat gemaakt voor individuele behoeften.;Ik voelde me goed ondersteund met de cursuskeuzes en de algemene studierichting.;It would be great if feedback included suggestions for revision strategies for challenging topics.;I wish there was a clearer flow chart showing who handles what kind of student issue.;The support system here genuinely cares about student welfare alongside grades.
219;1;2026/27;Den Bosh;ICT & Business;Full-time;Third-year;De docenten stimuleren echt kritisch denken, wat meer is dan alleen feiten bijbrengen.;It would be great to hear from professionals working outside the immediate scope of our course.;Het lijkt alsof de docenten een standaard aanpak hanteren zonder flexibiliteit voor ons.;Thank you for consistently acknowledging our progress, it really makes a difference.;The weighting of different components felt unbalanced, suggesting some criteria were overly subjective.;Zouden jullie overwegen om de beschikbaarheid van staff op verschillende dagen te publiceren?;Het zou nuttig zijn om de connectie tussen slaaptekort en mentale prestaties te belichten.
220;2;2026/27;Venlo;HBO-ICT;Full-time;Fourth-year;De docenten lijken soms niet op de hoogte van de laatste wijzigingen, wat tot verwarring leidt.;Ik zou graag meer informatie willen over de interne netwerken die helpen bij het vinden van stageplekken.;The varying information from different teachers is making it hard to know what is correct.;Wanneer ik problemen meld, voelt het soms alsof mijn zorgen naar de achtergrond verdwijnen.;I think personalized guidance is needed, not just generalized comments about 'better work.';Overall, the support is fine, but more hands-on interaction with senior students would be great.;Ik voelde me echt gehoord en begrepen door de begeleiders.
221;1;2026/27;Eindhoven;Software Engineering;Full-time;First-year;I feel like my questions often go unanswered, and I'm unsure when I can expect a follow-up.;Meer contact met professionals die al in mijn gewenste sector werken zou enorm helpen mijn carrièrepad.;More dedicated time with alumni who are successful in our target industry would be wonderful.;Getting insights into different career trajectories makes my future planning much less daunting.;Het zou helpen als het feedbackproces meer gericht was op het leerproces zelf.;Het zou fijn zijn met een studentenplatform waar we onze sociale evenementen kunnen delen en plannen.;Improving the pathway surfaces and reducing trip hazards would greatly enhance safety.
222;2;2026/27;Tilburg;Cyber Security;Full-time;Second-year;Het gebrek aan duidelijke feedback loop zorgt voor onzekerheid en onnodige stress.;Het zou top zijn als we onze feedback konden geven op een echt bedrijfsproject.;Kunt u meer groepsactiviteiten organiseren die speciaal zijn ontworpen voor de remote leerlingen?;Het zou fijn zijn als sneller reagerd zou worden op studentenvragen via e-mail.;It would help if the weighting of assessments matched the time spent learning the material.;Please streamline the communication so we aren't constantly chasing down details about schedule changes.;Zou het mogelijk zijn om mijn studiebelasting meer flexibel aan te passen aan mijn persoonlijke ritme?
223;1;2026/27;Den Bosh;Artificial Intelligence;Full-time;Third-year;Kunnen we meer duidelijkheid krijgen over hoe de praktijkopdrachten worden gewaardeerd?;Het zou nuttig zijn om meer modules over AI-gerelateerde tools en de impact daarvan te bestuderen.;Het zou meer focus op academische vaardigheden, in plaats van alleen algemeen advies, moeten liggen.;I wish there were more defined milestones for the project, so I knew exactly what progress was expected.;Het zou helpen als er meer focus kwam te liggen op het algehele leerproces, niet alleen op de eindtoets.;Ik waardeer de initiële hulp enorm, maar ik hoop op diepgang in plaats van oppervlakkige tips.;Adding more accessible restroom facilities, especially near the main lecture halls, would be very helpful.
224;2;2026/27;Venlo;ICT & Business;Full-time;Fourth-year;I really appreciate the interactive sessions, it keeps the material engaging and memorable.;Het zou nuttig zijn om te oefenen met de software die professionals daadwerkelijk gebruiken in hun dagelijkse werk.;I really wish the support system offered more immediate help for urgent academic queries.;It would be really helpful if mentors could offer a few more flexible appointment slots.;"The exam instructions were a bit confusing, especially section C; they need more clarity.";Overall, the guidance was sufficient, but could benefit from more dedicated follow-up.;"Ze waren zo begripvol over mijn situatie; het maakte het studeren echt makkelijker."
225;1;2026/27;Eindhoven;HBO-ICT;Part-time;First-year;The limited lecture hours made it difficult to grasp some of the advanced practical topics fully.;Could the university host more industry talks to expose us to potential employers? (English);Het zou geweldig zijn als we meer sessies over carrièregroei en het vinden van een baan konden hebben.;The networking opportunities with peers helped me feel less isolated in my studies, which was great.;Kunt u alstublieft uitleggen wat ik specifiek moet aanpassen om een hogere score te halen?;It would be nice to have clearer guidelines on expected response times for staff communications.;Ik waardeer de flexibiliteit enorm, maar het proces voor het aanvragen van een herhaald examen voelt nog te bureaucratisch.
226;2;2026/27;Tilburg;Software Engineering;Full-time;Second-year;Het is lastig om afspraken te maken, de beschikbare office hours zijn vaak volgeboekt.;Extra workshops over het schrijven van goede sollicitatiebrieven en CV's zijn erg gewenst.;Their initiative to check up on our progress really shows they care about our learning journey.;De medewerkers waren zo aanmoedigend, het maakte het makkelijker om gemotiveerd te blijven.;It would be greatly appreciated if the grading and feedback process could be streamlined and expedited.;I wish there were more structured opportunities for peer-to-peer learning and discussion.;Ik zou meer duidelijke bordjes op de campus willen die wijzen naar toegankelijke routes.
227;2;2026/27;Den Bosh;Cyber Security;Full-time;Third-year;Honestly, we feel quite disappointed by the insufficient teaching hours provided this semester.;Incorporating real-world business data into our coursework would significantly improve our understanding.;Ik pleit voor meer gekoppelde sessies met docenten om echt te kunnen sparren.;It feels like we are constantly fighting for just a few minutes of the mentor’s time.;Het feedback dat ik krijg is vaak te algemeen en helpt me niet echt verder.;"Soms voel ik me verloren in de enorme hoeveelheid informatie; meer gestructureerde begeleiding zou fijn zijn.";De counselors zijn erg behulpzaam, maar meer praktijkgerichte tips zouden helpen.
228;1;2026/27;Venlo;Artificial Intelligence;Full-time;Fourth-year;Het rooster lijkt te krap, we hebben meer uren nodig om optimaal te presteren.;I think adding more guest lectures from diverse professional backgrounds would really enrich our studies.;The scheduling system is always glitchy, especially when everyone tries to book at the same time.;Het is geweldig dat er een centrale plek is voor CV-feedback van diverse professionals.;The instructions for the practical exam felt really vague and needed more detail.;Het is nuttig om te weten wie men kan bereiken voor specifieke vakken, om niet te twijfelen.;Ik zou pleiten voor een digitaal portaal waar alle flexibiliteitsregels staan.
229;2;2026/27;Eindhoven;ICT & Business;Full-time;First-year;The excessive delay in grading by [NAME] is causing unnecessary stress among the students.;Ik zou meer praktijkervaring willen in het samenwerken met multidisciplinaire teams in een echte bedrijfssetting.;I really appreciate how the mentors reached out before we even realized we needed assistance.;Having other students to talk to made the entire experience feel much less overwhelming.;I believe the grading scale could be more standardized across different modules to ensure parity.;Zou het mogelijk zijn om een virtuele ‘koffieuurtje’ in te plannen voor informelere contactmomenten?;I think asynchronous learning options for parents with unpredictable schedules would be ideal.
230;1;2026/27;Tilburg;HBO-ICT;Full-time;Second-year;We zouden meer directe communicatie op verschillende kanalen willen, niet alleen e-mail.;Het zou helpen als er praktijkopdrachten waren die het leiden van vergaderingen en consensusbereiking vereisen.;De instructeurs moeten meer aandacht besteden aan het persoonlijke leerproces van de student.;The emotional check-ins are helpful, yet I wish there were more options for group therapy.;Better, more immediate feedback would genuinely help students understand their areas of weakness.;Het zou geweldig zijn met een student-georganiseerd netwerk evenement om elkaar beter te leren kennen.;Ik zou meer plekken met goede, toegankelijke zitgelegenheden op het campusplein willen zien.
231;1;2026/27;Den Bosh;Software Engineering;Full-time;Third-year;Honestly, the feedback was vague, and I am unsure what I need to improve next semester.;Ik zou meer workshops over het opbouwen van een professioneel netwerk waarderen.;The guest speakers' advice on portfolio building was genuinely inspiring to the class.;Ik zou een centrale plek willen waar we real-time feedback over de mentorbelasting krijgen.;Could the assessment criteria be more clearly communicated before the assignment is even started?;De online discussieforums zouden meer gemodereerde, prikkelende startvragen kunnen krijgen van de staf.;Ze zouden meer gericht moeten zijn op carrière-integratie naast het specifieke leerprobleem.
232;2;2026/27;Venlo;Cyber Security;Full-time;Fourth-year;De feedback was te algemeen om echt te weten waar ik aan moet verbeteren, echt frustrerend.;Het zou geweldig zijn om te horen van professionals die werken aan duurzame of maatschappelijk relevante projecten.;Ik merk dat het gebrek aan persoonlijke aandacht onze academische ontwikkeling beperkt.;Het zou nuttig zijn om een meer holistische aanpak te krijgen, niet alleen focus op cijfers.;Kunnen de examinators de grading criteria duidelijker maken voordat we het tentamen maken?;Could the department improve the signage or website guidance regarding different support teams?;Het is goed, maar ik zou meer behoefte hebben aan een betere communicatie tussen de sportafdeling en de docenten.
233;2;2026/27;Eindhoven;Artificial Intelligence;Full-time;First-year;The rubrics given seem inconsistent with the actual assignments we had to complete throughout the term.;More specialized industry talks, maybe quarterly, focusing on real-world application and current trends.;The turnaround time for email responses feels incredibly slow and unsupportive.;Ik waardeer enorm de erkenning van mijn inspanningen, het motiveert mij echt verder.;Het zou nuttig zijn als de instructies per onderdeel van het examen duidelijker worden uiteengezet.;More departmental outings to local spots would help us feel connected to the wider community.;It would be great to explore the possibility of more flexible pacing in my coursework.
234;1;2026/27;Tilburg;ICT & Business;Part-time;Second-year;Ik ben erg gefrustreerd door het langzame tempo van [NAME] bij het nakijken van onze assignments.;Ik zou graag feedback geven over meer casestudies die echt uit de praktijk komen, zodat we beter voorbereid zijn.;I wish the support staff would reply to urgent inquiries more promptly.;My mentor gave excellent tips about choosing advanced coursework that I wasn't aware of.;Ik wil graag meer assessments die mijn vermogen om complexe problemen te analyseren belonen.;I really appreciate the chance to share ideas, but some of the changes feel superficial.;Ik zou willen dat het proces om alternatieve tentamendata te regelen sneller en minder stressvol is.
235;1;2026/27;Den Bosh;HBO-ICT;Full-time;Third-year;[NAME] grading is always a huge bottleneck, we need a much faster system, please?;Ik zou graag meer krijgen met analyses van echte marktgegevens.;Ik zou een alternatieve manier nodig hebben om te boeken, want dit systeem is te overbelast.;These peer-led workshops gave me practical insights and really strengthened my sense of belonging here.;Het is beter om meer voorbeelden te geven van wat een 'A' precies inhoudt.;Het zou echt een verbetering zijn om een vaste aankondigingsdag voor alle veranderingen te hebben.;Kunt u de online bibliografieën meer gestructureerd maken om de toegankelijkheid te verbeteren?
236;1;2026/27;Venlo;Software Engineering;Full-time;Fourth-year;The professors manage to keep the material engaging while maintaining rigorous academic standards.;Perhaps more small-group networking mixers specifically tailored to various majors.;I really feel that personalized guidance makes a huge difference, which we are currently missing.;We need a system where follow-up on reported issues is guaranteed and timely.;Kunt u ons meer vertellen over een snellere cyclus voor het verstrekken van eindexamencijfers?;Zouden er meer opties zijn voor specialisten in bepaalde vakgebieden, bijvoorbeeld wiskunde?;Could the institution offer more resources or workshops specifically for balancing parenthood and academia?
237;2;2026/27;Eindhoven;Cyber Security;Full-time;First-year;Teachers should provide clearer guidelines, de deadlines zijn vaak vaag gecommuniceerd.;It would be wonderful to have more deep-dive sessions with people who are established in the field.;Ik waardeer enorm dat ze niet wachten tot we vragen, maar zelf al hulp aanbieden.;More guidance on advanced interview skills and negotiating starting salaries would be beneficial.;Kunnen we meer feedback krijgen over welke onderdelen van de examens het meest lastig zijn voor de studenten?;De responstijd op opdrachten is te lang, we wachten vaak te lang met feedback.;I would appreciate more options for a customized schedule that respects individual learning speed.
238;1;2026/27;Tilburg;Artificial Intelligence;Full-time;Second-year;I feel the material is heavily biased towards a Western academic tradition, more variety is needed.;Misschien zouden we meer modules kunnen hebben over data-analyse, want dat is overal een gigantische vraag.;Seriously, de response time van de mentoren is compleet onacceptabel voor dit tempo.;I appreciate the detailed guidance regarding optimal module selection for my major.;I wish the assessment feedback provided more concrete strategies for improving specific skills.;The department could organize more low-key social mixers to build a genuine sense of camaraderie.;"The accessibility of uploaded files needs improvement; some are just inaccessible formats."
239;2;2026/27;Den Bosh;ICT & Business;Full-time;Third-year;It would be helpful if the teaching acknowledged intersectionality across various social groups.;Zou het mogelijk zijn om meer te werken met authentic data om de praktijkervaring te vergroten?;Het voelt alsof niemand van de mentoren echt bereikbaar is wanneer we het meest nodig hebben.;Het was geweldig om andere studenten te ontmoeten, de peer-to-peer connecties waren echt waardevol.;Could the assessments provide feedback that distinguishes between knowledge gaps and mere mistakes?;Het zou nuttig zijn als er duidelijker was wat de volgende stappen zijn na het afleggen van de examen.;Could they improve the maintenance of the outdoor ramps, as some sections are uneven?
240;1;2026/27;Venlo;HBO-ICT;Full-time;Fourth-year;Het was erg leerzaam, maar de uitleg was soms te theoretisch zonder toegepaste waarde.;De carrièrecentrale zou meer specifieke sectoren moeten bedienen, zoals tech of financiën.;Het zou heel nuttig zijn als de docenten meer over carrièrepaden zouden vertellen.;De cursus is toegankelijk, maar het zou meer respect voor etnische diversiteit tonen.;Kunnen we de balans verbeteren tussen de gestructureerde toetsen en de in-class assignments?;Het zou fijn zijn met meer informele bijeenkomsten buiten de lesuren, om echt kennis te maken.;I wish the counselors had more flexibility regarding assignment deadlines and accommodations.
241;1;2026/27;Eindhoven;Software Engineering;Full-time;First-year;De deadlines komen te snel en de opdrachten zijn te zwaar voor een normale studiestudent.;Could there be workshops specifically on professional networking and articulating ideas?;Wat zou helpen is een vaste, ervaren mentor voor een volledig studiejaar, please?;Het is soms lastig om een afspraak te krijgen vanwege hun drukke schema.;The pressure of these high-stakes exams really affects my general mental well-being, honestly.;Het was fijn om te horen dat mijn zorgen serieus genomen werden, en dat gaf veel gemoedsrust.;Gelieve te zorgen dat alle links direct leiden naar toegankelijke en geoptimaliseerde bronnen.
242;2;2026/27;Tilburg;Cyber Security;Full-time;Second-year;Honestly, [NAME]'s grading speed is making the whole course feel unpredictable and stressful.;We need more specialized career fairs focused on specific technical sectors, maybe AI or sustainable energy.;Kunnen we een verwachting instellen voor maximale reactietijd op studentvragen?;I wish the student services department responded to emails more promptly and thoroughly.;Ik hoop dat er meer aandacht komt voor het welzijn van studenten naast academische prestaties.;We zouden meer interdisciplinaire evenementen kunnen hebben die de band tussen verschillende majors versterken.;Het is lastig om de stof goed te volgen als de bronnen niet goed zijn opgemaakt voor schermlezers.
243;1;2026/27;Den Bosh;Artificial Intelligence;Part-time;Third-year;Ik verwachtte meer interactiemomenten, de uren voelen krap en te overweldigend.;Ik zou graag meer begeleiding willen bij het structureren van een zakelijk rapport.;The unpredictable faculty changes really impact the learning curve, please consider keeping mentors steady.;Het voelt alsof mijn vragen over studieleningen vaak in een black hole verdwijnen.;Het zou helpen als de feedback direct na de examens beschikbaar was voor een betere leercurve.;Het zou helpen als er meer gemengde interacties zijn, bijvoorbeeld kleine workshops.;Could there be a more standardized and simpler way to manage accommodations for different circumstances?
244;2;2026/27;Venlo;ICT & Business;Full-time;Fourth-year;Please address [NAME]'s grading pace, this slow feedback cycle is truly hindering our progress.;Het zou fijn zijn als de carrièrecentrale meer industrie-specifieke netwerkgelegenheden organiseerde.;Het is moeilijk om complexe vragen te stellen als de aandacht constant verspreid is over de hele groep.;Het zou nuttig zijn om een soort buddy-systeem te implementeren, zodat er meer contactmomenten zijn.;Misschien kunnen we een alternatief nemen voor het examen, mocht de technische infrastructuur falen.;I wish the guidelines clearly separated technical support from advising support.;We need more proactive communication regarding financial support options.
245;2;2026/27;Eindhoven;HBO-ICT;Full-time;First-year;Meer uren per week zou onze leerervaring enorm verbeteren en helpen.;Zou het mogelijk zijn om meer tijd te besteden aan het leren gebruiken van Adobe Creative Suite?;Het is ontzettend frustrerend om elk jaar drie andere mentoren te krijgen, consistentie ontbreekt.;Ik kreeg helderheid over de vereiste vaardigheden voor mijn gekozen academische richting.;Een korter wachtvenster voor feedback zou de studiemotivatie aanzienlijk kunnen verbeteren.;I think having scheduled office hours with faster feedback would really improve our student engagement.;Het zou helpen als de counselors meer weten over specifieke leerstijlen naast de diagnose.
246;1;2026/27;Tilburg;Software Engineering;Full-time;Second-year;The way the instructors connect theory to industry challenges is truly outstanding and helpful.;Meer begeleiding bij het schrijven van professionele e-mails en rapporten is erg waardevol.;I believe personalized mentoring would help me bridge the gap in my learning experience.;It would be great to have a more predictable schedule for support meetings.;Assessment could benefit from incorporating oral presentations and practical skill demonstrations.;De hulp was goed, maar het voelde soms wat generiek en niet echt op maat gemaakt.;Counselors should improve their ability to manage workload stress alongside academic pressure.
247;2;2026/27;Den Bosh;Cyber Security;Full-time;Third-year;The instructors' responsiveness outside class time is frankly unacceptable for a program like this.;We really need more insight into different career paths beyond the typical graduate job.;Het is te moeilijk om een geschikt moment te vinden door de beperkte opties.;Generally inclusive, but understanding varying cultural norms in communication would help a lot.;While generally fair, I believe a more standardized approach to grading would greatly benefit the student body.;Het zou fijn zijn als er meer mogelijkheden zijn om elkaar buiten de lesuren te ontmoeten.;Het zou fijn zijn om de studieonderdelen te kunnen aanpassen aan mijn tempo.
248;2;2026/27;Venlo;Artificial Intelligence;Full-time;Fourth-year;We need clarity on why [NAME]'s grading takes so long, it impacts our planning.;We zouden meer casestudies kunnen gebruiken die intensieve teamcoördinatie vereisen.;Zijn er betere kanalen voor directe hulp? Wachten is echt niet praktisch.;Het systeem is goed, maar de communicatie over de beschikbare emotionele hulp mist wat duidelijkheid.;Ik denk dat een betere balans tussen geschreven werk en examens nodig is voor een eerlijk beeld.;It would be great to have specialized workshops addressing unique needs, like neurodiversity.;We need clearer signage and better pathway maintenance for mobility aid users.
249;1;2026/27;Eindhoven;ICT & Business;Full-time;First-year;Het is te veel tegelijk, de balans tussen studie en leven raakt verstoord.;Het zou heel nuttig zijn om regelmatig experts uit de praktijk te betrekken die ons specifieke carrièreskills leren.;De feedback die gegeven werd, was erg algemeen en paste niet bij onze individuele leerstijl.;Ik zou meer informele, complimenteuze gesprekken met mentoren graag zien.;It would greatly benefit our learning if feedback was given within a week of the exam.;Het zou nuttig zijn als de communicatiekanalen duidelijker waren over wie te contacteren.;Ik stel voor dat er meer aandacht komt voor individuele leerstijlen en tempo’s.
250;2;2026/27;Tilburg;HBO-ICT;Full-time;Second-year;De enthousiaste en deskundige docenten zorgen voor een leerervaring die mij inspireert.;More industry-specific talks and job shadowing opportunities would be extremely valuable for us.;Meer focus op case studies die direct gerelateerd zijn aan de huidige marktomstandigheden.;Guidance on professional networking and utilizing LinkedIn would significantly boost our job readiness.;I appreciate the effort to standardize exams, though the application sometimes seems subjective.;"De website mist een duidelijke flow; ik weet niet of ik eerst de helpdesk moet bellen of het faculteitssecretariaat.";Het zou helpen om de wachtlijsten voor psychologische hulp te verkorten en meer capaciteit te creëren.
251;2;2026/27;Den Bosh;Software Engineering;Full-time;Third-year;De casestudies waren fantastisch en lieten zien hoe de theorie in de praktijk werkt.;I wish the program included more practical experience with industry-standard software.;Ik heb mijn vragen al weken gestuurd en nog steeds geen inhoudelijk antwoord ontvangen. Dit is frustrerend.;Het helpt enorm als het mentorschap meer proactief en regelmatig is.;Het zou nuttig zijn als de syllabus de examengrenzen duidelijker zou maken.;More designated times for quick chats would really help with my understanding of the material.;Het zou helpen als er meer peer-to-peer groepen waren, geleid door getrainde studenten.
252;2;2026/27;Venlo;Cyber Security;Part-time;Fourth-year;The communication regarding assignments was consistently unclear, making it hard to keep up.;Het is echt nuttig om te zien hoe theorieën worden toegepast met data van echt bedrijven.;We need more personalized feedback, the current format is too generalized for deep learning.;De karrièregidsen waren echt waardevol voor mijn oriëntatiekeuzes en toekomstige plannen.;Meer duidelijke richtlijnen bij de opstellen van de vragen zouden erg helpen bij de beoordeling.;Improving the turnaround time on academic inquiries would significantly boost student confidence.;Ik zou graag meer informatie willen over wat de volgende stappen zijn na een diagnose van angst.
253;1;2026/27;Eindhoven;Artificial Intelligence;Full-time;First-year;Ik zou graag meer aandacht willen voor verschillende culturele perspectieven in de lesstof, meer diversiteit is nodig.;Het zou fijn zijn om meer georganiseerde netwerkevenementen te hebben met professionals in de industrie.;I wish the teachers could be more approachable and available for informal discussions.;Bedankt voor alles, ik hoop op meer diversiteit in de verhalen op campus.;Ik vond de beoordelingscriteria vaak vaag, en het voelt soms te subjectief.;A dedicated student lounge space would significantly boost the sense of belonging on campus.;It would be greatly helpful to have more immediate drop-in psychological support services on campus.
254;1;2026/27;Tilburg;ICT & Business;Full-time;Second-year;Graag zou ik meer aandacht willen voor hoe diverse genders binnen de geschiedenis zijn vertegenwoordigd.;Could we get more practical training with industry-standard software like advanced Python and Tableau, echt?;Er miste een echte dialoog, en de lesvoering kwam over als een geautomatiseerde voorleesact.;Het zou fijn zijn als er meer discrete plekken waren om even te rusten en te ontspannen.;Ik wil liever regelmatig kleine toetsen doen dan één gigantisch examen aan het einde.;Ik zou meer workshops over culturele sensitiviteit voor faculteitsleden willen zien.;Could you consider expanding the scope of mental health support to include academic pressure?
255;2;2026/27;Den Bosh;HBO-ICT;Full-time;Third-year;I often feel lost because the answers to basic questions are so difficult to reach.;Meer oefeningen in het presenteren van complexe ideeën aan niet-deskundigen zouden enorm helpen.;Het voelt alsof de docenten ons meer een groep aan het adresseren zijn dan individuele studenten.;Ik voel me opgenomen, maar ik zou meer ondersteuning willen voor mijn specifieke cultuur.;Het zou helpen om meer casestudies te gebruiken die echt uit de praktijk komen.;Ik voelde me soms wat verloren in de systeem, en de coaches kwamen niet snel genoeg.;More resources or specific workshops regarding time management for high-level, dual commitments would be useful.
256;1;2026/27;Venlo;Software Engineering;Full-time;Fourth-year;I think more allocated time for review and problem-solving would make a huge difference.;"Meer focus op projectmanagementvaardigheden is cruciaal; dat is wat werkgevers nu echt zoeken.";We moeten een duidelijker protocol hebben voor reactietijden om studiestress te verminderen.;Graag meer georganiseerde sessies waar studenten elkaar kunnen ondersteunen.;We really appreciate the mix, but the concentration of big exams is quite stressful.;Honestly, the distinction between general student support and course-specific help is really vague.;Het zou gunstig zijn om een meer gestructureerd en eenvoudig aanvraagsysteem te implementeren.
257;1;2026/27;Eindhoven;Cyber Security;Full-time;First-year;It's really frustrating when we ask clarifying questions and receive vague or delayed answers.;Kunt u meer focus leggen op industrie-specifieke projecten met echte data?;Some of the mentors seemed unprepared for the subject matter.;Misschien een korte quiz of poll tussen de sessies om te zien waar we vastlopen, dat is ook een soort check-in.;Ik hoop op meer proactieve communicatie over aanpassingen, in plaats van alleen reactief.;A simplified map of support services would make navigating campus life much easier.;Het zou fijn zijn om de mogelijkheid te krijgen om bepaalde onderwerpen te verdiepen zonder de hele cursus te vertragen.
258;1;2026/27;Tilburg;Artificial Intelligence;Full-time;Second-year;The professors do an excellent job connecting complex theory with actual industry practices, which I appreciate.;Improving active listening skills through role-plays would greatly enhance our employability.;Ik raad aan om een stabieler team te creëren, de huidige rotatie is erg demotiverend voor studenten.;De begeleiding rond stages was perfect en hielp me bij het vinden van de juiste sector.;Het is handig om een meer gedetailleerde uitleg te krijgen van de examencriteria.;It would be very helpful to have a flow chart showing who to contact for various types of issues.;"Ik merk vaak dat de online quizzen niet goed werken met mijn schermlezer; dit zou verbeterd moeten worden."
259;2;2026/27;Den Bosh;ICT & Business;Full-time;Third-year;We need more emphasis on non-Western voices when discussing historical events in the curriculum.;We zouden meer praktische simulaties van werksituaties waarderen om ons beter voor te bereiden op de stage.;Wat een gedoe met al die verschillende docenten, we hebben één vaste structuur nodig.;More consistent check-ins would make a huge difference in my academic motivation and progress.;More coursework assignments would help reduce the stress of all those big final exams.;Het zou helpen als er meer gekoppelde groepsopdrachten zouden zijn om meer contact te krijgen.;De instructies voor de online opdrachten zijn soms te vaag en niet schermlezer-vriendelijk.
260;1;2026/27;Venlo;HBO-ICT;Full-time;Fourth-year;Honestly, the workload seems unsustainable for a full-time student like me.;More workshops on resume building and job interview skills would be incredibly helpful.;De instructeurs geven soms adviezen die tegen de officiële cursusrichtlijnen ingaan.;Ik vond de sociale evenementen geweldig, het versterkte het gevoel van saamhorigheid enorm.;Could we mix up the assessment load more, maybe fewer huge exams and more practical projects?;Het zou geweldig zijn als de contactpunten meer bereikbaar waren buiten de normale lesuren.;Ik verwacht dat er meer opties zijn om de focus te verleggen naar mijn sterke punten.
261;2;2026/27;Eindhoven;Software Engineering;Part-time;First-year;Ik vond het aantal contacturen echt te weinig om alle onderwerpen goed te kunnen behandelen.;Could the department incorporate more guest lectures from working professionals in the sector?;I think the feedback provided on assignments could be more actionable and less general.;Meer sessies over het onderhandelen van salarissen zouden echt een helpende hand zijn.;Het was lastig om te snappen wat er precies gevraagd werd in de laatste sectie.;Meer studentgeoriënteerde evenementen, zoals carrièrepanels, zouden de betrokkenheid enorm verhogen.;The counselors are kind, yet their advice often lacks concrete, actionable steps for improvement.
262;2;2026/27;Tilburg;Cyber Security;Full-time;Second-year;Kunnen we minder wekenlange projecten krijgen? Ik voelt me constant achter de feiten aan.;Graag zou ik meer georganiseerde interactieve sessies met potentiële werkgevers willen ervaren.;Het voelt alsof de docenten meer een presentatie geven dan dat ze écht beschikbaar zijn voor individuele vragen.;Het advies over vakkeuze was zeer specifiek en hielp mij om mijn carrièrepad te verduidelijken.;"Examens zijn soms te beperkt; projecten laten een breder beeld zien van ons begrip.";It would be great if teaching staff responded to emails a bit faster, especially before deadlines.;Het personeel was begripvol en hielp met het aanpassen van de lesmateriaal voor mij.
263;1;2026/27;Den Bosh;Artificial Intelligence;Full-time;Third-year;Could the institution improve the communication about office hours? They are often inaccurate.;Could you organize more mock interviews specifically tailored for different career paths?;De ondersteuning is prima, maar een duidelijker structuur zou het nog verbeteren.;De ondersteuning is prima, hoewel de culturele diversiteit soms over het hoofd wordt gezien.;Ik raad aan om een back-up plan te hebben voor wanneer de examens softwarematig vastlopen.;Having a consistent, reliable point of contact would significantly improve my overall experience.;Would it be possible to host an info session specifically about grants?
264;1;2026/27;Venlo;ICT & Business;Full-time;Fourth-year;Ik voel echt dat de contacturen te weinig zijn om de stof goed te leren.;Ik stel voor dat er een reeks van gespecialiseerde gastcolleges over nichegebieden wordt georganiseerd.;We really need faster replies on technical queries, weeks is too long a time.;Kunnen we een checklist krijgen die laat zien wat we precies moeten opleveren om een goed cijfer te halen?;The time delay between exams and grades is making it hard to know where we stand.;Meer toegankelijke uren van de begeleiders, zodat we makkelijker kunnen vorbeien.;More accessible restrooms on campus would significantly improve the student experience.
265;2;2026/27;Eindhoven;HBO-ICT;Full-time;First-year;De leeromgeving voelt soms chaotisch door slecht onderhouden online resources.;Organizeing extra fieldwork trips would really help bridge the gap between theory and industry reality.;Het is echt frustrerend dat het soms weken duurt voor een antwoord van de mentoren.;Having dedicated peer mentors really made a difference, helping me understand the tricky aspects of the curriculum.;Meer ruimte voor onderzoeksprojecten in plaats van de huidige examen-intensiteit.;Nog wat verbetering in de reactiesnelheid van de professoren zou echt fijn zijn.;Zou er een online calculator zijn voor geschatte financiële ondersteuning?
266;1;2026/27;Tilburg;Software Engineering;Full-time;Second-year;De docenten zijn te druk om echt beschikbaar te zijn voor studenten die extra hulp nodig hebben.;Het zou geweldig zijn als de cursusstructuur beter aansluit bij de vereisten voor populaire professionele licenties.;Please dedicate more effort to maintaining a stable faculty roster for this program.;Zouden we een grotere open avond willen met directe Q&A over studentwelzijn?;The criteria for grading the assessment need to be explicitly listed so we know exactly what is expected.;More specialized workshops on writing and critical thinking would significantly boost my engagement.;Het is nuttig om een centrale plek voor al het studiefinancieringsadvies te hebben.
267;2;2026/27;Den Bosh;Cyber Security;Full-time;Third-year;Could the faculty consider adding an extra session every two weeks, please?;Could we have more feedback sessions with alumni who are established in their respective careers?;Ze hadden meer aandacht moeten besteden aan de praktische toepassing van de theorie in de dagelijkse praktijk.;Het gevoel dat er mensen geloven in mijn potentieel is de grootste stimulans van allemaal.;Zouden jullie kunnen overwegen om een meer gestructureerd en sneller feedbackproces in te voeren?;Het zou fijn zijn met een centrale, gezellige ontmoetingsplek waar we kunnen relaxen.;I really need better information on accessing emergency psychological care when I feel overwhelmed.
268;1;2026/27;Venlo;Artificial Intelligence;Full-time;Fourth-year;De online leerplatform werkt vaak traag en is lastig te navigeren, echt frustrerend.;Het zou echt een verschil maken om te werken met tools die in het veld worden gebruikt, zoals SolidWorks.;Honestly, the delayed responses from the mentors significantly impact my academic progress.;Het zou fijn zijn met een overzicht van de verwachte leerdoelen per module, please.;The comments were generally helpful but lacked the depth needed for substantial academic growth.;Wat leuk zou zijn met meer live Q&A sessies die minder formeel aanvoelen.;It would be helpful to have clearer guidelines on what counts as a justifiable special circumstance.
269;2;2026/27;Eindhoven;ICT & Business;Full-time;First-year;De contacturen zijn te weinig voor het diepgaand begrijpen van dit complexe vakgebied.;Graag meer sessies waarin we zien hoe de industrie echt functioneert en wat de uitdagingen zijn.;Zou het mogelijk zijn om meer 'alumni'-sessies te organiseren, met mensen die al in de sector werken?;Het was fijn om te horen van professionals, ik kreeg veel inspiratie voor mijn verdere studie.;Kunt u meer projectwerk inbouwen om de nadruk minder op de zware eindtoetsen te leggen?;Het is goed, maar ik hoop op meer variatie in de interactieve opdrachten om niet te vervelen.;I feel the current extension policy is inconsistent and depends too much on individual instructors.
270;2;2026/27;Tilburg;HBO-ICT;Part-time;Second-year;Kunnen we meer specificiteit krijgen over wat een 'voldoende' beoordeling precies inhoudt in dit vak?;Het is nuttig, maar het zou fantastisch zijn als er meer sessies over salarisonderhandelingen waren.;The mentors' reply speed is genuinely concerning, urgent queries often go unanswered for too long.;Het zou nuttig zijn als er meer sessies zijn over omgaan met studiestress en grenzen.;Ik hoop op meer constructieve kritiek die ik echt kan gebruiken om mijn examenvaardigheden te verbeteren.;It would be helpful if every problem type had a specific, dedicated point of contact.;Could the staff be trained to handle emotional distress better, more than just academic planning?
271;2;2026/27;Den Bosh;Software Engineering;Full-time;Third-year;Het is frustrerend dat we zo vaak moeten mailen voor simpele verduidelijkingen.;Ik zou graag willen weten hoe ik professionele certificeringen kan combineren met mijn huidige curriculum.;Kunnen jullie de capaciteit van de online booking verhogen? Het is constant overboekt.;Het zou geweldig zijn om een vaste, minimale frequentie van contact te hebben.;It would be great to incorporate more hands-on case studies into our final grading.;Getting regular, actionable updates would make us feel genuinely heard, which is key.;The course load could be adjusted slightly to better accommodate unpredictable family commitments.
272;1;2026/27;Venlo;Cyber Security;Full-time;Fourth-year;De begeleiding is top, we voelen ons echt uitgedaagd op het juiste niveau.;Het zou geweldig zijn om meer excursies naar lokale bedrijven te organiseren, dit helpt de context.;Ik zou meer groepsactiviteiten willen waarbij de mentoren de discussie leiden.;Het netwerk van mijn klasgenoten was echt waardevol, het voelde als een tweede familie.;Het zou fantastisch zijn als de feedback niet alleen een cijfer is, maar ook concrete verbeterpunten.;De informatie over contactpersonen voor verschillende studies is echt verwarrend.;Would it be possible to have more proactive communication regarding alternative assessment methods?
273;1;2026/27;Eindhoven;Artificial Intelligence;Full-time;First-year;De docent uitleg is helder, maar de praktische voorbeelden zouden meer variatie moeten hebben.;Meer workshops over het aanpassen van CV's voor verschillende soorten vacatures zouden nuttig zijn.;Kunnen de mentoren hun e-mailbeheer verbeteren? Dit vertraagt ons hele studieproces enorm.;I appreciate the talks, but I'd like more continuous, personalized follow-up support for my mental health.;Het is nuttig om te weten welke vaardigheden precies worden beoordeeld, naast alleen de cijfers.;Kunnen jullie een centrale plek maken voor alle updates? De e-mails zijn vaak verwarrend en overbodig.;Please improve the clarity regarding special grants for continuing students.
274;1;2026/27;Tilburg;ICT & Business;Full-time;Second-year;Het voelt alsof we de docenten nauwelijks kunnen bereiken als we vragen hebben.;A dedicated mentorship program with industry professionals would be invaluable for our career growth.;Het voelt alsof de school niet weet wie de beste docent is, altijd maar verandering.;My mentor was fantastic and helped me narrow down my options for my final thesis project.;I believe the grading was generally fair, but the exam scope felt unevenly covered.;I wish the faculty members were more proactive in checking in with students.;Zouden ze ook meer bronnen kunnen aanreiken over het omgaan met examiestress?
275;1;2026/27;Den Bosh;HBO-ICT;Full-time;Third-year;Ik wacht al weken op [NAME] beoordeling, dit is echt frustrerend voor ons hele vak.;Het zou echt waardevol zijn om projecten te maken met data van daadwerkelijke organisaties.;Ik zou graag feedback geven om meer case studies van echte bedrijven te zien, dat is super nuttig.;It feels like we only check in when things go wrong, not proactively enough.;"De antwoordformaten moeten duidelijker zijn, vooral bij de essayvragen; waar moeten we beginnen?";The asynchronous forum discussions could benefit from guided prompts to encourage deeper engagement.;Zou een optie voor een geconditioneerd, meer flexibel studietempo een groot verschil maken?
276;2;2026/27;Venlo;Software Engineering;Full-time;Fourth-year;Ik hoop dat de communicatie over nieuwe modules duidelijker wordt en niet zo wisselvallig.;Het zou fijn zijn als we meer casestudies van echte bedrijven zouden zien in onze opdrachten.;Het is een goede initiatief, maar de beschikbaarheid van de mentoren is niet altijd duidelijk.;Het is fijn dat de mentoren openstaan voor verschillende levensstijlen en achtergronden.;I felt the grading process was generally fair, though some assignments needed clearer rubric guidelines.;Het zou fijn zijn meer informele bijeenkomsten, zo na de colleges, om echt kennis te maken.;Het zou fijn zijn als alle video's automatisch gesloten ondertiteling krijgen, zodat ik ze beter kan volgen.
277;1;2026/27;Eindhoven;Cyber Security;Full-time;First-year;Kunnen jullie een betere uitleg geven van de beoordelingsmatrix voordat de volgende opdracht komt?;Het zou helpen als de opdrachten meer gebaseerd waren op recente, gepubliceerde bedrijfscijfers.;Het zou helpen als de docenten meer ruimte gaven voor student-initiatieven en discussies.;Kunt u het proces voor het melden van psychologische hulpvereisten versnellen? Het is nu te traag.;Weet meer ondersteuning nodig voor mentale gezondheid tijdens de intense examensessies.;Honestly, I feel like I'm just a file number sometimes, not a student with unique needs.;Ik ben benieuwd naar de mogelijkheden voor een gepersonaliseerd curriculum pad.
278;1;2026/27;Tilburg;Artificial Intelligence;Full-time;Second-year;Smith's grading turnaround time is completely unacceptable and causing real concern among peers.;More workshops on specific industry software like Tableau or Figma would significantly boost our employability.;It feels unprofessional to switch mentors so frequently, we need consistent guidance.;De focus op mentaal welzijn was goed, maar het zou meer toegankelijk en laagdrempelig kunnen zijn.;Kunnen we wat meer testfaciliteiten krijgen voor de software die we gebruiken?;A quicker reply to questions about assignments would greatly reduce my stress levels.;I really appreciate the option for tailored study modules to suit individual needs.
279;1;2026/27;Den Bosh;ICT & Business;Part-time;Third-year;Could the teaching staff ensure all promised resources are posted by the specified deadline?;"Het is nuttig om meer contacten te leggen; misschien een mentorprogramma met ervaren professionals?";Ik waardeer het enorm dat de docenten proactief checken of wij het goed begrijpen.;Ik waardeer enorm de erkenning die ik heb gekregen, het motiveert me echt om door te gaan.;Some parts of the final exam tested specialized topics not sufficiently covered in class.;I feel like the interaction is too heavily weighted towards reading, and less towards discussion.;Could the PDFs be more screen-reader friendly? Some formatting makes them quite difficult to navigate.
280;2;2026/27;Venlo;HBO-ICT;Full-time;Fourth-year;De eisen zijn soms zo hoog dat de werkverdeling onrealistisch en te intensief is.;More focus on agile project management would really prepare us for corporate jobs.;Het zou helpen als de mentoren één uniforme bron van informatie zouden gebruiken voor de studenten.;De workshops over professionele presentatievaardigheden waren zeer nuttig voor mijn CV en sollicitaties.;Ik zou meer feedback willen over mijn diepgaande begrip, niet alleen over grammaticale foutjes.;Het zou ideaal zijn als er meer flexibiliteit was bij het plannen van extra vraag-sessies.;The mix of materials is good, but the lack of standardized captioning makes a big difference for hearing-impaired students.
281;2;2026/27;Eindhoven;Software Engineering;Full-time;First-year;Overall, de docenten zijn erg toegankelijk en nemen de tijd om vragen te beantwoorden.;I appreciate the current lectures, but varying the industry focus would be beneficial.;I wish there was a clearer protocol for timely communication and urgent queries.;Kortom, de academische richtinggevende sessies waren zeer waardevol en duidelijk geformuleerd.;Het zou echt helpen als de docenten een meer gestructureerd en tijdige feedbackproces zouden implementeren.;Het is fijn om geholpen te worden, maar ik voel me soms meer als een dossier dan als een persoon.;We need clearer pathways for students whose primary focus is professional artistic development alongside study.
282;1;2026/27;Tilburg;Cyber Security;Full-time;Second-year;De docenten zijn zeer deskundig, het zou helpen met meer gestructureerde overzichtsvragen aan het einde.;I think more alumni connections could significantly improve our chances of finding placements.;Zou het mogelijk zijn om meer persoonlijke sessies te organiseren voor diepere begeleiding?;Meer flexibiliteit in de beschikbaarheid van de begeleiders zou de leerervaring verbeteren.;It would be beneficial if the assessment rubric was provided more clearly before the exam takes place.;Getting updates via SMS or a dedicated student app would significantly improve our experience.;Het is fijn om online te studeren, maar sommige afbeeldingen zijn niet beschreven voor blinde studenten.
283;2;2026/27;Den Bosh;Artificial Intelligence;Full-time;Third-year;More representation in the case studies from global [LOCATION] perspectives would be greatly appreciated.;We really need dedicated practice in giving constructive criticism to peers effectively.;Thank you for bringing in alumni who can guide us on career trajectories.;Het netwerk evenement was super nuttig om contacten te leggen binnen mijn gekozen vakgebied.;Could we replace some multiple-choice tests with in-depth research assignments instead?;Zouden jullie een duidelijkere scheiding kunnen maken tussen technische problemen en studierondingvragen?;It would greatly help if the study areas had designated, accessible charging stations nearby.
284;1;2026/27;Venlo;ICT & Business;Full-time;Fourth-year;De uren voor advies zijn vaak lastig te plannen, waardoor studenten zich ongestuurd voelen.;Het zou nuttig zijn als we meer case studies over AI en data-analyse zouden krijgen.;Het zou enorm helpen als de mentoren sneller waren in het beantwoorden van dringende academische vragen.;It would be really helpful if mentor appointments were available outside of standard business hours.;Het zou fijn zijn als de beoordeling meer diverse elementen bevatte, niet alleen maar tentamens.;The quality of the coaching could be improved with more consistent follow-up.;The lack of accessible seating options in common areas is quite noticeable and bothersome.
285;1;2026/27;Eindhoven;HBO-ICT;Full-time;First-year;We need better coordination, the materials are often scattered across multiple unreliable platforms.;More guidance on choosing relevant professional certifications based on our major would be appreciated.;I waste so much time refreshing the page just to find a spot.;Maybe we could implement a mandatory bi-weekly virtual meeting just to keep everyone connected.;De examens moeten getest worden met verschillende netwerkomstandigheden om glitches te minimaliseren.;Could you clarify the distinction between the student services email and the department head's direct line?;Kunnen we meer keuzes hebben qua examenformat? Misschien ook meer praktijkgerichte opties.
286;2;2026/27;Tilburg;Software Engineering;Full-time;Second-year;We need more emphasis on intersectionality rather than treating diversity as separate topics.;Meer contact met alumni die al een succesvolle carrière hebben gehad is echt waardevol.;Het was moeilijk om betrokken te raken, want de instructie was te algemeen en niet specifiek genoeg.;De begeleiding bij het kiezen van een specialisatie was precies wat ik nodig had.;Kortom, het systeem is prima, maar de uitleg over de gewichtsbepaling van de toetsen was te weinig.;Het is lastig om te weten wie mij moet helpen bij een praktische technische fout of een inhoudelijk probleem.;I really noticed the staff's willingness to adapt the workload, which made a huge difference for me.
287;2;2026/27;Den Bosh;Cyber Security;Full-time;Third-year;Kunnen we flexibeler zijn met de uren? We hebben meer directe interactie nodig met de docenten.;Het curriculum is goed, maar we hebben praktische oefeningen nodig met de tools die de industrie standaard gebruikt.;Is er een manier om snellere hulp te krijgen? Het wachten is erg demotiverend.;Kunnen we meer structurele begeleiding bieden voor die specifieke stress van de toekomst?;Het was moeilijk te begrijpen welke aspecten van het onderzoek het meest zwaar wegen bij het cijfer.;"De online omgeving voelt soms wat steriel; meer spontane interacties zouden helpen.";Hun luistervaardigheid is top, maar een duidelijker follow-up plan na elke sessie zou beter zijn.
288;2;2026/27;Venlo;Artificial Intelligence;Part-time;Fourth-year;Het voelt alsof de koers te gehaast wordt door het beperkte aantal colleges, wij zijn teleurgesteld.;Ik zou meer sessies over het schrijven van effectieve motivatiebrieven nodig hebben, speciaal voor internationale bedrijven.;Honestly, this mentor turnover rate is detrimental to our actual learning experience.;Het beleid is goed, maar ik zou meer support willen over culturele identiteitsproblematiek.;Meer gericht advies over mijn academische vaardigheden, niet alleen een cijfer op het papier.;Could the institution offer a more structured program for connecting with alumni mentors?;Ik verzoek om betere en meer frequente onderhoudscontroles van alle liften en trappenhuizen.
289;1;2026/27;Eindhoven;ICT & Business;Full-time;First-year;Kunnen de docenten alsjeblieft duidelijker zijn in hun uitleg, want het is soms best verwarrend.;We definitely need more exposure to the industry's current software stack to prepare properly.;I wish there was a dedicated helpdesk for quick mentor responses, please.;Ik zou meer opties willen voor ondersteuning die rekening houden met mijn religieuze overtuigingen.;De toetsing zelf was eerlijk, maar ik miste een duidelijker overzicht van de gewichten per onderdeel.;"The assignment changes are often unclear; a central hub would be helpful for all details.";"Het is lastig om te navigeren; een duidelijker overzicht van de financiële steun is gewenst."
290;2;2026/27;Tilburg;HBO-ICT;Full-time;Second-year;I feel that the course schedule is too packed, leaving little time for deeper understanding.;Het zou geweldig zijn als er een mentorprogramma was met ervaren professionals.;Het is een overweldigende groep setting en we hebben meer kleine interactie nodig.;Ik hoop dat de universiteit meer flexibiliteit in de beschikbaarheid van de begeleiders kan inbouwen.;Please provide more specific guidelines on how complex concepts should be applied in the exam.;I think incorporating breakout rooms with specific tasks would make group work more engaging.;Het zou fijn zijn als alle faciliteiten op de website duidelijk werden gemarkeerd met een toegankelijkheidsicoon.
291;2;2026/27;Den Bosh;Software Engineering;Full-time;Third-year;De criteria voor de grote opdrachten waren te vaag en hielpen nauwelijks met mijn studie.;Ik zou graag meer ondersteuning willen zien bij het vinden van stageplekken in mijn specifieke vakgebied.;Could the institution please stabilize the teaching staff? It's exhausting.;Meer kleine momenten van complimenten zou mijn betrokkenheid nog veel groter maken, eerlijk gezegd.;Kunnen jullie de termen in de opgaven duidelijker uitleggen of een glossarium geven?;De docenten zouden meer beschikbare uren kunnen aanbieden voor individuele begeleiding en advies.;Het personeel nam mijn situatie serieus en gaf mij de juiste ondersteuning.
292;2;2026/27;Venlo;Cyber Security;Full-time;Fourth-year;Ik heb echt nodig feedback over de beoordelingssnelheid van [NAME], het is te traag.;Het zou fijn zijn om meer netwerkmogelijkheden te krijgen, zodat we directe contacten met bedrijven kunnen leggen.;Het is lastig om deadlines te halen als ik weken wacht op feedback van de docenten.;Het is goed, maar een betere integratie tussen mentorschap en mentale gezondheidszorg is gewenst.;Kunt u overwegen om de beoordelingen te versnellen, want we wachten al te lang?;It would be helpful to have a quick guide mapping different types of problems to the correct department.;Ik waardeer de empathie enorm, maar de sessies waren soms te algemeen en te theoretisch.
293;2;2026/27;Eindhoven;Artificial Intelligence;Full-time;First-year;I don't understand how the grading weight is distributed across the projects.;It would be really helpful if the career center hosted more industry networking events.;I wish the teaching staff had more alignment regarding the actual program requirements.;Ik waardeer de inspanningen om een diverse omgeving te creëren, maar meer lokale tradities zouden helpen.;The connection kept dropping, making it hard to concentrate on the material.;Het zou een platform nodig hebben waar studenten kunnen ideeën voorstellen en de voortgang zien.;Het zou fijn zijn als de campus meer duidelijke en uniforme paden had, vrij van struikelgevaar.
294;1;2026/27;Tilburg;ICT & Business;Full-time;Second-year;Kunt u de hoeveelheid leeswerk verminderen? Het is echt overweldigend.;More guest speakers from local companies could expose us to varied professional paths.;The delay in mentor feedback makes it difficult to plan my studies effectively and efficiently.;Het advies over studiemogelijkheden was heel nuttig en zeer specifiek voor mijn vakgebied.;Ik zou graag zien dat de examenopgaven meer context geven zodat we de vraagstelling beter begrijpen.;Zouden jullie een centrale contactpagina kunnen maken die alles omvat?;I appreciate the resources, but the academic advising needs more focus on career paths post-elite sport.
295;1;2026/27;Den Bosh;HBO-ICT;Full-time;Third-year;Het zou fijn zijn als we meer perspectieven uit diverse culturen in de case studies zouden zien.;Ik zou graag een betere brug zien tussen het curriculum en de werkelijke bedrijfsbehoeften.;Het proactieve contact van de docenten geeft een gevoel van gemoedsrust en zekerheid.;Zouden jullie overwegen meer extra sessieuren te creëren voor de studenten?;Het zou geweldig zijn als de feedback op de examens sneller beschikbaar zou zijn, echt.;Ik zou graag willen dat de assistenten meer proactief contact opnemen als er problemen zijn.;Perhaps dedicated, confidential hours with counselors, without needing appointments, would reduce stress.
296;1;2026/27;Venlo;Software Engineering;Full-time;Fourth-year;Seriously, we are drowning in assignments, the pacing feels totally unmanageable.;Het zou helpen om meer praktijkervaring te krijgen in het schrijven van professionele e-mails en rapporten.;The lack of prompt feedback significantly hindered my ability to progress smoothly.;Graag een meer gestructureerde en laagdrempelige manier om mentorhulp te kunnen krijgen.;Het zou super zijn als we de feedback direct konden ontvangen, niet pas weken later.;De meldingen over de nieuwe opdrachtstructuur waren op tijd en zeer duidelijk.;Het zou een grotere keuze aan leerpaden op verschillende diepten kunnen bieden.
297;2;2026/27;Eindhoven;Cyber Security;Part-time;First-year;De kantooruren zijn vaak moeilijk te vinden en de docenten lijken erg druk.;Providing easier access to relevant industry certifications would truly enhance our career readiness.;Ik denk dat de interactie meer gericht zou moeten zijn om minder een monoloog te zijn.;Er zijn goede initiatieven, maar ze bereiken niet genoeg studenten die worstelen.;Geeft u meer inzicht in hoe ik de structuur van mijn essays de volgende keer beter kan aanpakken?;The support network here is wonderful, though a bit impersonal sometimes.;Het zou fijn zijn als er meer begeleiding was bij het aanpassen van studieplanningen.
298;1;2026/27;Tilburg;Artificial Intelligence;Full-time;Second-year;The pace was excellent, but I wish the instructors would slow down when covering complex formulas.;I need more alumni connections to help me understand the professional landscape.;Ik moet de mentors vragen om meer aandacht te besteden aan hun [NAME].;Zou het mogelijk zijn om meer zichtbare en laagdrempelige welzijnsinformatie te delen?;Kunnen we een betere, meer transparante uitleg krijgen over het beoordelingsproces en de timing?;Misschien meer informele workshops over welzijn om een gevoel van groepssteun te creëren.;De counselors hebben echt een luisterend oor, maar ik wil soms meer directe strategische adviezen.
299;1;2026/27;Den Bosh;ICT & Business;Full-time;Third-year;Ik vind de focus op kritisch denken en diepgang erg waardevol voor mijn carrière.;I think scheduling regular speakers from various professional backgrounds would be extremely beneficial.;Ik zou graag meer feedback willen over de beste carrièrestappen ná dit programma.;Ik voel me dankbaar voor de psycholoog, maar het was lastig om afspraken te krijgen.;It would be helpful to know specific readings or resources for improvement, rather than just a grade.;Het zou fijn zijn met extra sessies over het navigeren door het Nederlandse academische systeem.;Please consider upgrading the walkways to be more stable and less slippery.
300;1;2026/27;Venlo;HBO-ICT;Full-time;Fourth-year;I really need clearer guidelines on what constitutes excellent work for this module.;Het zou fijn zijn meer oefeningen over het leiden van teamvergaderingen en het faciliteren van discussies.;It feels great that the instructors anticipate our needs rather than just waiting for us to struggle.;Ik heb meer behoefte aan snelle, concrete antwoorden in plaats van alleen beleidsstukken.;Could the professors clarify the specific expectations for essay-style responses?;Het is moeilijk om echt diepgang te vinden in de adviezen, het was wat oppervlakkig.;The maintenance schedule for campus lifts seems inconsistent, causing delays and frustration.
301;1;2026/27;Eindhoven;Software Engineering;Full-time;First-year;The poor synchronization of resources across different modules needs immediate attention from the faculty.;The quality was great, but the sheer frequency of these expert talks needs to increase significantly.;Zijn aanpak leek niet echt persoonlijk, waardoor ik het gevoel kreeg dat ik alleen een student nummer was.;I feel generally supported, but the materials lack sufficient representation of various cultures.;Het zou nuttiger zijn als de commentaren concreter waren en meer actiepunten boden.;Het is geweldig als docenten snel antwoorden op mijn e-mails, zeker als het om deadlines gaat.;More resources, perhaps peer mentoring programs led by older students with similar experiences.
302;2;2026/27;Tilburg;Cyber Security;Full-time;Second-year;Could you please allocate more hours? The limited schedule seriously compromises our learning experience.;It would be helpful to invite industry experts who work in specialized niche areas.;Ik zou graag meer persoonlijke feedback op mijn projecten ontvangen van de docenten.;I found the curriculum advising process straightforward and highly informative overall.;We zouden meer gewicht moeten geven aan praktische taken en minder aan de tentamenprestaties.;De communicatie over de veranderende leslocaties was echt verwarrend en onduidelijk.;Ik wil een duidelijker pad zien voor studenten die tijdelijk hun studielast moeten verlagen.
303;1;2026/27;Den Bosh;Artificial Intelligence;Full-time;Third-year;The technology used for the live classes often glitches, making it hard to follow the lecture.;Het zou fantastisch zijn om meer sessies te organiseren met mensen uit verschillende bedrijfstakken.;The constant change of instructors makes it hard to build a consistent understanding of the curriculum.;Het is frustrerend wanneer ik na een gemiste deadline nog niet weet wie ik moet aanspreken.;Wij vinden het beter als de examenvragen meer aansluiten bij de weekoverzichten.;Het voelt soms nog wat geïsoleerd, misschien meer groepsactiviteiten buiten de studieinhoud?;De aanpassingsmogelijkheden voor tentamens zijn soms te traag om praktisch nuttig te zijn.
304;2;2026/27;Venlo;ICT & Business;Full-time;Fourth-year;De communicatie is traag en het is moeilijk om te weten wanneer we moeten zijn.;Het zou geweldig zijn als er vaker gastcolleges zijn over de praktijkervaring van ervaren professionals.;The feedback felt a bit generic, as if the discussion points were read directly from a manual.;Het zou helpen als er een centrale, gecoördineerde boekingspagina zou zijn.;I appreciate the effort, but the weighting between theory and practical application needs review.;I feel like we need more low-stakes opportunities to interact with professors and peers outside class.;I think a one-size-fits-all approach doesn't work for everyone's special circumstances.
305;2;2026/27;Eindhoven;HBO-ICT;Full-time;First-year;The teachers are masters at making difficult subjects both engaging and incredibly practical.;Kunnen we meer ondersteuning krijgen bij het opstellen van overtuigende stageaanvragen?;Ik voel dat de docenten ons te veel groepsles geven en te weinig individuele begeleiding.;Zouden we kunnen kijken naar een iets intensiever rooster van mentordagen, alstublieft?;Ik raad aan meer redundantiteit voor het wifi-netwerk op de examenlocatie te hebben, want het was traag.;"Ik zou graag meer kleinschalige discussies in de klas willen; het voelt nu te groot.";Financial aid information should be more accessible and easily digestible for everyone.
306;2;2026/27;Tilburg;Software Engineering;Part-time;Second-year;We are frustrated by [NAME]’s slow response time on grades, dit zou dringend aangepakt moeten worden.;I think adding dedicated industry talks and networking mixers would significantly boost our professional connections.;Zou je kunnen kijken of de begeleiders meer stabiel kunnen zijn? Het is erg verwarrend.;Ik zou graag meer peer-to-peer support programma's willen ervaren.;Over het algemeen vond ik het eerlijk, maar de weging van de praktijkopdracht was wat subjectief.;Ik heb moeite om te zien of dit een IT-vraag is of een faculteitsvraag.;Meer transparantie over de financiële hulp zou voor veel studenten nuttig zijn.
307;2;2026/27;Den Bosh;Cyber Security;Full-time;Third-year;It feels like the grading criteria are too demanding given the sheer volume of tasks.;Adding occasional talks by working professionals would improve our career readiness significantly.;Het programma zou baat hebben bij meer sessies van alumni die in de industrie werken.;I wish the mentoring was more consistent, maybe a quick call every two weeks.;Het zou ideaal zijn als assessment minder geconcentreerd is in de laatste weken van het jaar.;Zou de instelling overwegen om meer gespecialiseerde workshops aan te bieden via Zoom?;Ik denk dat een preventief welzijnsseminarium voor alle starters heel nuttig zou zijn.
308;2;2026/27;Venlo;Artificial Intelligence;Full-time;Fourth-year;We really need easier ways to connect with our instructors when we have specific questions.;Ik verwacht meer directe hulp bij het vinden van stages en betaalde projecten in de lokale regio.;It's confusing when the mentors' suggestions seem to contradict the stated guidelines from the department.;Ik zou meer georganiseerde activiteiten binnen het netwerk met andere studenten willen zien.;Het was erg stressvol door de constante technische haperingen tijdens de toets.;Knowing who to contact for technical problems versus career advice would save me a lot of time.;I suggest integrating wellness checks into the general student services for early intervention.
309;1;2026/27;Eindhoven;ICT & Business;Full-time;First-year;The explanations are very detailed, yet occasionally too academic and lacking practical context.;Ik verwacht meer directe ondersteuning bij het vinden van een concrete stageplek. (Dutch);Het zou fijn zijn als de docenten meer tips gaven over sollicitatieprocessen.;Extra kleine complimenten maken een groot verschil in mijn academische gemoedstoestand.;A consistent and predictable timeline for grades would significantly reduce student anxiety and improve focus.;Het zou geweldig zijn als er meer directe contactmogelijkheden waren, misschien een chatfunctie.;Het was geweldig dat mijn mentor zo bereikbaar en begripvol bleef voor mij.
310;2;2026/27;Tilburg;HBO-ICT;Full-time;Second-year;Could the course provide clearer guidelines on the grading rubric for essays?;Adding local SME insights would give us a more realistic view of the job market.;Er is behoefte aan meer uniformiteit, de docenten geven telkens andere richtlijnen.;I really appreciated the chance to talk through tough subjects with my peers, it made things less overwhelming.;Geef ons de kans om onze kennis te tonen door via een uitgebreid project.;Ik zou graag meer feedback zien over de effectiviteit van de huidige sociale evenementen.;We need clearer guidance and more accessible study pods for concentration.
311;1;2026/27;Den Bosh;Software Engineering;Full-time;Third-year;Please make sure all necessary digital tools function smoothly before the next session.;Het zou super zijn als we regelmatiger contact konden leggen met professionals in de kunstsector.;Meer contact met ervaren studenten zou de overgang naar universiteit makkelijker maken.;De communicatie over wijzigingen is vaak te traag en ik weet dan niet wat ik moet doen.;The assessment felt disconnected from the core concepts we focused on throughout the semester.;Het zou fijn zijn als feedback over bereikbaarheid van docenten kon worden verzameld.;Could the campus consider adding more designated quiet study zones away from the main thoroughfare?
312;1;2026/27;Venlo;Cyber Security;Full-time;Fourth-year;It feels like we are glossing over key concepts because the available hours are insufficient.;We need more simulations that mimic real-world client presentation settings.;Extra workshops over het opstellen van effectieve portfolio's zouden top zijn voor ons.;Ik waardeer de counselingdiensten, maar er zou meer focus kunnen komen op stresspreventie workshops.;Krijgen wij een betere communicatie over de verwachte datum van de definitieve beoordeling?;A little more flexibility with the meeting times would make the support much easier to utilize.;Kortere wachttijden voor afspraken en meer flexibele consultatietijden zijn gewenst.
313;1;2026/27;Eindhoven;Artificial Intelligence;Full-time;First-year;Could the institution address [NAME]'s grading speed? It's becoming a major issue for students.;Meer praktische ervaring via externe bedrijfsbezoeken zou onze vaardigheden enorm verbeteren.;I really appreciate how the mentors reach out before I even realize I need help.;I appreciate the personalized attention and direction I received from my assigned advisor.;Het voelde soms alsof de beoordeling afhing van wie de toets afnam, niet alleen van het werk.;Het zou nuttig zijn met meer mentoren van hogere jaargangen, iemand die écht weet hoe het zit.;De doorgangen zijn soms te smal, waardoor het moeilijk is om met een rolstoel te manoeuvreren.
314;1;2026/27;Tilburg;ICT & Business;Full-time;Second-year;It's difficult to get clear answers from some lecturers, their response time is frankly disappointing.;Het zou een enorme meerwaarde zijn met meer interactieve sessies van praktijkmensen.;It's really frustrating to have three different mentors this year, consistency would be much appreciated.;Het programma is ondersteunend, maar het mist soms het begrip van internationale studenten.;Het was lastig om te snappen wat precies werd gevraagd bij die open vragen.;Having more designated times for informal drop-ins would make a huge difference.;I felt genuinely cared for, and the teaching adapted to my needs effectively.
315;2;2026/27;Den Bosh;HBO-ICT;Part-time;Third-year;More dedicated time for Q&A would greatly help, given the limited lecture hours.;Het zou helpen als we meer casestudy's van bekende bedrijven analyseren, dat zou heel leerzaam zijn.;De communicatie is traag en het voelt alsof niemand mijn vragen serieus neemt.;Het zou helpen als de begeleiding niet zo sporadisch was, maar meer voorspelbaar.;Ik zou graag meer suggesties willen ontvangen over hoe ik mijn essay structuur kan verbeteren.;Could the course coordinator please be more responsive when emails about assignments are sent?;More resources and clearer guidelines would help students feel more supported and less anxious.
316;2;2026/27;Venlo;Software Engineering;Full-time;Fourth-year;Their ability to connect academic theory with real-world industry challenges was fantastic.;More trips to actual workplaces would give us a much better sense of professional operations.;De docenten zouden baat hebben bij een centrale update over de nieuwste beleidsregels.;Ik waardeer de aandacht voor mentale gezondheid, maar meer groepsactiviteiten zouden helpen.;Ik raadde het systeem meer stabiliteit, vooral bij de online examens.;I suggest making the student union resources more visible and better advertised everywhere.;Het zou helpen om meer flexibele deadlines te krijgen voor de grote projecten en tentamens.
317;2;2026/27;Eindhoven;Cyber Security;Full-time;First-year;The connection between the readings and the final assessment is unclear to many of us.;I wish we could work on projects using confidential, anonymized data from established companies.;Het is moeilijk om persoonlijke vragen te stellen als het zo snel een grote groep wordt.;Bedankt voor alle complimenten, het motiveert mij enorm om door te gaan met mijn studie.;Het is goed dat er support is, maar de deadlines voor aanvragen zijn te strak.;More chances to chat with faculty about career paths would be really beneficial for us.;It would be beneficial to have academic advisors who understand elite training schedules.
318;2;2026/27;Tilburg;Artificial Intelligence;Full-time;Second-year;Het is echt moeilijk om te focussen op de volgende modules vanwege [NAME] trage feedback.;Ik zou graag meer opdrachten willen zien die gebaseerd zijn op echte bedrijfscases.;I think the grading system could benefit from more transparent criteria, making feedback clearer.;More immediate acknowledgement of serious issues, rather than waiting weeks for a formal answer.;I wish there were more opportunities for low-stakes assessments to reduce the pressure.;Het zou fijn zijn als er meer gestructureerde, groepsgerichte sessies zouden zijn.;I wish there were better peer support groups specifically for involved student caregivers.
319;1;2026/27;Den Bosh;ICT & Business;Full-time;Third-year;Smith's grading is incredibly slow, which is really frustrating for my studies.;Het zou nuttig zijn met meer georganiseerde workshops over sollicitatietechnieken en netwerken.;Het zou geweldig zijn met kleine workshops waar we echt diepgang kunnen vinden in plaats van een grote groep.;Ik heb meer behoefte aan directe feedback na een gesprek, in plaats van beloften over latere actie.;Could the institution provide more specific guidelines on interpreting the academic reading material?;It would be really helpful if staff were more visible and available for quick chats during the day.;Voor de volgende keer, zou een checklist voor docenten over digitale toegankelijkheid nuttig zijn voor iedereen.
320;2;2026/27;Venlo;HBO-ICT;Full-time;Fourth-year;I wish the course material and teacher explanations were presented in a more organized and digestible manner.;Ik zou meer kansen willen om op campus bedrijven te treffen en te spreken over stages.;De mentoren zijn erg behulpzaam, het helpt enorm met de eerste studiejaarspanningen.;De sessies over studiekeuze waren zeer informatief en hebben mijn blik op mijn toekomst verbreed.;I wish the grading process was faster so we could improve for the next modules.;Could the university advertise mental health resources in several languages to reach everyone?;De ondertiteling van video's moet altijd aanwezig zijn, anders is het moeilijk te volgen.
321;2;2026/27;Eindhoven;Software Engineering;Full-time;First-year;Het is frustrerend dat we zo weinig contact hebben met de docenten buiten het lesgeven.;Meer directe koppeling met de data van echte bedrijven is heel gewenst.;Er zou meer ruimte moeten komen voor individuele vragen en discussies met de docenten.;De feedback was heel specifiek en hanteerbaar, waardoor ik mijn studie direct kon aanpassen.;Technical difficulties severely undermined the integrity of the assessment, making the results suspect.;I really need a clearer understanding of who to contact for urgent academic questions.;Het was heel geruststellend om te zien dat mijn docenten zo empathisch waren naar mijn persoonlijke situatie.
322;1;2026/27;Tilburg;Cyber Security;Full-time;Second-year;Their real-world case studies truly enhance our understanding and market perspective.;Het zou top zijn als er meer 'real-world' projecten zouden komen die we kunnen afronden.;De mentor reageert vaak te traag, ik wacht weken op antwoorden op dringende vragen.;I appreciate the welcoming atmosphere, but some international students feel overlooked.;Er zou meer flexibiliteit moeten komen in de examenplanning om uitputting te voorkomen.;Ik zou meer workshops willen zien over academisch Nederlands voor internationale studenten.;A dedicated counseling service focusing on parental burnout would be extremely helpful.
323;1;2026/27;Den Bosh;Artificial Intelligence;Full-time;Third-year;Het is echt moeilijk om een afspraak te krijgen met docenten, hun planning is te druk.;Het zou fijn zijn als we meer sessies over specifieke carrièrepaden kunnen horen.;De directe koppeling met de industrie maakt het leren heel relevant en bruikbaar.;Could we get a clear outline of the assessment weights for different projects and exams?;Het is wenselijk dat de examenvragen een meer uniforme en duidelijke formulering hebben.;Their responses to student queries online feel somewhat delayed and impersonal sometimes.;The current system makes adapting to unforeseen life challenges academically very stressful.
324;2;2026/27;Venlo;ICT & Business;Part-time;Fourth-year;Could the department address the grading speed? [NAME]'s turnaround time is becoming a major issue.;Ik ben van mening dat meer verplichte stage-achtige bezoeken de carrièreoriëntatie verbeteren.;We desperately need better guidelines on mentor response times for urgent student queries.;A slight increase in the frequency of meetings would really help us maintain momentum and focus.;Ik denk dat de vragen meer gericht moeten zijn om de bedoeling helderder te maken.;Ik zou graag meer contact met alumni zien, want dat versterkt het gevoel van deel uitmaken.;More signage pointing out accessible parking spots would greatly improve the daily student experience.
325;2;2026/27;Eindhoven;HBO-ICT;Full-time;First-year;Meer uitleg over de beoordelingsmechanismen zou het lerenproces veel makkelijker maken.;Adding mandatory field trips helps connect our coursework directly to corporate reality.;Het is frustrerend dat de online studenten de tweede keus lijken te zijn.;Het is moeilijk om support te vinden als het antwoord na weken komt.;Ik zou graag meer keuzevrijheid willen hebben over hoe we ons eindexamen laten maken.;The institution needs clearer resources on navigating academic life for non-native speakers.;Ik heb meer flexibele en ergonomische studieruimtes nodig die aangepast kunnen worden.
326;1;2026/27;Tilburg;Software Engineering;Full-time;Second-year;The feedback I received was too general to actually improve future submissions or understanding.;We would benefit greatly from working on simulations that mimic actual corporate decision-making.;I felt very supported because the teachers consistently reached out when needed.;It would be great to get advice on networking within the industry, too.;"De beoordeling was te vaag; meer gedetailleerd advies zou echt helpen bij mijn groei.";I think dedicating time to non-academic community building would be beneficial for everyone.;De parkeerplaatsen zijn moeilijk te bereiken, en de looproutes zijn soms onduidelijk voor de aangepaste route.
327;1;2026/27;Den Bosh;Cyber Security;Full-time;Third-year;The availability of the instructors outside of class is a major area for improvement.;English: Could the curriculum incorporate industry-standard tools like [Specific Tool]? It would help.;It's honestly frustrating having three different mentors this year, consistency is really needed.;There needs to be clearer guidelines on how quickly concerns should be addressed by department heads.;Het constant hoge tempo en de druk maken het moeilijk om goed te presteren.;Meer groepsprojecten met sociale componenten zouden het leerproces en de connectie verbeteren.;Het zou helpen als er meer groepsgesprekken waren over omgaan met stress en onzekerheid.
328;1;2026/27;Venlo;Artificial Intelligence;Full-time;Fourth-year;Ik waardeer de focus op praktische toepasbaarheid, het is meer dan alleen theorie.;Providing more insight into the unwritten rules of the professional workplace would be very helpful.;Zou het mogelijk zijn om wat meer kleine groepssessies te organiseren voor betere interactie?;It would be helpful if staff responded to emails regarding academic issues within one business day.;Het zou goed zijn als er vóór het tentamen meer voorbeelden van hoe de vragen gesteld worden.;Meer internationale studenten moeten zich meer thuis voelen door betere sociale programma's.;Het zou helpen als de communicatie over aanpassingen duidelijker en proactiever zou zijn.
329;2;2026/27;Eindhoven;ICT & Business;Full-time;First-year;De feedback die we ontvangen is te vaag om echt op te kunnen bouwen, waardoor we ons onzeker voelen.;Het zou geweldig zijn als de school meer professionele certificeringstrajecten aanbiedt.;Het is lastig om mijn specifieke vragen te stellen in een grote groep setting.;Ik heb meer structuur nodig over hoe mijn projecten beoordeeld worden, dat is te vaag.;More focus on balanced assessment methods, please. The current system feels extremely pressured and rigid.;Please consider implementing some weekly check-ins, even if they are just virtual.;Ik verwacht dat de verleiding van deadlines iets gematigder is als de omstandigheden zwaar zijn.
330;1;2026/27;Tilburg;HBO-ICT;Full-time;Second-year;The response time on the online forum is painfully slow, which hinders timely revision.;Het zou nuttig zijn om meer zichtbaarheid te geven aan de stageplaatsen die via de docenten komen.;Het is erg moeilijk om gemotiveerd te blijven met zo'n trage en onvoorspelbare communicatie.;Kunnen we vaker feedback krijgen die specifiek verwijst naar concrete aanpassingen?;De focus van de toetsing leek te liggen op materie die slechts kort werd aangestipt.;The virtual office hours are helpful, but more spontaneous chat activities would boost participation.;Het is moeilijk om te weten welke fondsen beschikbaar zijn als je omstandigheden veranderen.
331;1;2026/27;Den Bosh;Software Engineering;Full-time;Third-year;Smith's delayed grading makes it impossible to plan for the next modules.;Zouden er meer opties zijn voor projecten die samenwerken met lokale bedrijven?;It's confusing when the mentor's advice contradicts official department guidelines.;Kunnen we een soort 'reserve' slot inbouwen voor studenten die urgentie hebben?;Could the institution provide more detailed self-study resources specifically for diverse learning styles?;Zou het mogelijk zijn om een centrale plek te hebben waar je vragen kunt stellen?;We need more transparent communication regarding the specific criteria for academic extensions.
332;2;2026/27;Venlo;Cyber Security;Full-time;Fourth-year;Smith's grading delay is impacting our studies and overall motivation, it is a big issue.;Ik zou graag meer oefening willen met het professioneel communiceren van complexe ideeën.;Kunt u de communicatieprocessen verbeteren? Het duurt te lang voordat we een antwoord krijgen.;The emphasis on Western norms felt limiting, incorporating global perspectives would be beneficial.;Het zou beter zijn om meer beoordeling te doen via mondelinge tentamens.;We appreciate prompt feedback, but sometimes getting replies feels like a long process.;Alle online presentaties moeten een duidelijke, alternatieve tekstbeschrijving hebben voor afbeeldingen.
333;1;2026/27;Eindhoven;Artificial Intelligence;Part-time;First-year;Please make the teachers' office hours more consistent and easily promoted to all students.;Het zou prettig zijn als docenten meer in contact zouden staan met de sector om de link te versterken.;The feedback could be more tailored to individual student needs rather than a blanket approach.;We really need more consistent check-ins, the timing often feels unpredictable and unhelpful.;Het systeem voelt te veel gericht op één examenmoment, wat onrealistisch is.;Could the campus also consider adding more common areas for student collaboration?;Meer aandacht voor het herkennen van burn-out signalen in de studentenpopulatie is cruciaal.
334;2;2026/27;Tilburg;ICT & Business;Full-time;Second-year;Ik snap echt niet wat de docent bedoelde met de grading, het was te vaag.;Ik zou graag willen dat er meer begeleiding is met het aanscherpen van ons professionele netwerk.;When there are high demand times, the whole system seems to crash or glitch.;Zichtbaarheid en aanmoediging van het personeel geeft echt een gevoel van eigenaarschap.;"Overall, the assessments were challenging; the subjective nature of grading sometimes felt unfair.";It would really help to have a central hub listing contacts for every issue.;Het zou nuttig zijn met meer voorafgaande informatie over de flexibiliteitsopties die er zijn.
335;1;2026/27;Den Bosh;HBO-ICT;Full-time;Third-year;Ik zou graag meer flexibiliteit willen in de uren om met de docenten te praten.;Het zou fijn zijn als meer professionele netwerkbijeenkomsten georganiseerd zouden worden.;Het is teleurstellend dat de begeleiding zo algemeen is, we hebben persoonlijke input nodig.;Ik vond de begeleiding bij mijn leerdoelen en vakkeuzes bijzonder nuttig en duidelijk.;We zouden graag een duidelijkere tijdlijn willen zien voor alle examencijfers.;A dedicated announcement system for time changes would significantly improve the experience.;Wat is het proces als ik extra financiële middelen nodig heb om te kunnen blijven studeren?
336;2;2026/27;Venlo;Software Engineering;Full-time;Fourth-year;I really hope [NAME] can speed up the grading process for this program.;Ik hoop dat er regelmatiger sessies komen van mensen die net binnen het vakgebied werken.;Ik heb het gevoel dat onze vragen worden genegeerd vanwege de lange stilteperiodes en onduidelijke follow-up.;Ik voel me echt gesteund en gewaardeerd door de positieve feedback en complimenten.;Het is goed dat er feedback is, maar de consistentie in de beoordeling schiet tekort.;Het is onduidelijk wie ik moet bellen voor een financiële vraag, is het studentenadministratie of de financiële afdeling?;I suggest consolidating all financial aid information in one easy-to-use portal.
337;2;2026/27;Eindhoven;Cyber Security;Full-time;First-year;Het niveau van detail dat ze geven is perfect, ik voel me nu veel beter voor de arbeidsmarkt.;We need more hands-on time with professional-grade software that reflects current industry workflows.;Mijn mentor is erg attent, maar zou misschien meer geholpen kunnen worden met advanced case studies.;The academic planning sessions were very helpful in shaping my major choices.;I feel the exams test things we didn't get adequate coverage for during the course.;Meer korte, informeel contact met docenten zou echt helpen bij mijn begrip van de stof.;De toiletten op de hogeschool zijn soms onpraktisch en de looproutes zijn te lang.
338;1;2026/27;Tilburg;Artificial Intelligence;Full-time;Second-year;De hoeveelheid stof die we moeten afnemen, vereist simpelweg meer tijd en sessies.;The job search support needs to be more tailored to specialized academic fields.;Ik hoop dat de begeleiding meer consistent wordt, het wisselen van docenten is erg vermoeiend.;The resource guide linking courses to career paths was extremely helpful and comprehensive.;De formuleringen van de vragen waren soms te complex en misten aan nodige vereenvoudiging.;Meer interactieve casestudies in de les zouden het contact en de betrokkenheid verbeteren.;Ik hoop op meer workshops die specifieke studievaardigheden voor special needs blootleggen.
339;2;2026/27;Den Bosh;ICT & Business;Full-time;Third-year;Ik heb het gevoel dat we te weinig tijd krijgen om alle vereiste praktijkopdrachten af te ronden.;More company tours would give us a practical understanding of how different sectors operate in the real world.;Kunnen de mentoren hun reactietijd verbeteren? Wachten op e-mails is te lang.;Het was geweldig om te zien dat mijn specifieke prestaties worden opgemerkt en gevierd.;Getting quick feedback is crucial for improving, and right now, the waiting period is just too long.;It would be great to have designated 'community hours' where students can simply gather and connect.;Het zou geweldig zijn als alle video's automatisch ingebed werden met accurate en tijdgestempelde ondertiteling.
340;2;2026/27;Venlo;HBO-ICT;Full-time;Fourth-year;Soms voelt het alsof de uitleg te ver van de werkelijkheid afhangt, meer academisch.;Would it be possible to use confidential company data for mock projects? That would be ideal.;Nogmaals, het wisselen van mentoren is te veel, we hebben meer stabiliteit nodig hier.;I wish there was a dedicated peer-to-peer group focused purely on emotional resilience.;I think a mix of smaller assignments and one major exam would be less stressful and more accurate.;Het systeem van contactpunten is te verspreid, ik weet zelden wie ik moet bellen.;Could the campus add more visible signage pointing to accessible pathways, please?
341;2;2026/27;Eindhoven;Software Engineering;Full-time;First-year;Ik denk dat de begeleiding op het gebied van carrière en vakinhoudelijk inzicht geweldig is.;Meer feedback op presenteren aan een professioneel publiek zou echt helpen om mijn zelfvertrouwen op te bouwen.;Ik voel mij soms wat geïsoleerd omdat de meeste evenementen en sociale interacties op de campus plaatsvinden.;Ik voel me hier echt gewaardeerd, en mijn achtergrond wordt altijd begrepen.;I experienced significant latency that made real-time answering nearly impossible during the final assessment.;"We miss the spontaneity of older years; maybe unscheduled times would work better?";Ik zou graag meer online quizzen willen die ook toegankelijk zijn voor alle gebruikers.
342;2;2026/27;Tilburg;Cyber Security;Part-time;Second-year;Honestly, the overall assignment load is overwhelming and poorly managed time-wise.;I really hope for more targeted networking opportunities connecting students with recent graduate professionals.;Er waren momenten waarop de gegeven adviezen elkaar feitelijk tegenspraken, wat verwarrend was.;My mentor gave me a clear vision for my post-graduate academic journey.;We really need a clearer timeline regarding when we can expect our assessment results back.;Ik zou meer praktische opdrachten graag willen, zodat we meer contact hebben met de onderwerpen.;We need a more transparent system for requesting and approving modified exam schedules.
343;1;2026/27;Den Bosh;Artificial Intelligence;Full-time;Third-year;Het is jammer dat de contacturen zo beperkt zijn, het gaat te snel.;Het zou nuttig zijn om een cursus over het beheren van professionele conflicten te doen.;We really need some consistency in response times, sometimes it's almost impossible to reach anyone.;Zou het kunnen dat er een meer duidelijk stappenplan is voor het volgende semester?;Ik denk dat een evenwichtiger verdeling tussen tentamens en praktijkopdrachten wenselijk is.;I wish there were more localized workshops tailored to different cultural backgrounds.;Het zou fantastisch zijn als we meer keuze hadden in de diepte van de onderwerpen.
344;1;2026/27;Venlo;ICT & Business;Full-time;Fourth-year;The expectations feel unmanageable given the current time constraints.;Meer alumni-events zouden enorm helpen om praktische carrièreinzichten te krijgen.;Ik waardeer echt de praktische tips van onze docenten, dat helpt bij mijn carrièreplanning.;Het zou helpen als de feedback meer gericht was op de vaardigheden, en minder op het eindresultaat.;Sommige examenvragen raakten onderwerpen aan die we nauwelijks in de colleges hebben behandeld.;It would be beneficial to have dedicated office hours on a video call for one-on-one academic advice.;Ik voelde me begrepen, maar het communicatiemiddel was te onpersoonlijk en afstandelijk.
345;2;2026/27;Eindhoven;HBO-ICT;Full-time;First-year;Het programma zou veel meer uitleg en begeleiding van de docenten moeten bevatten.;Better coaching on professional networking and building industry connections would be great for our futures.;Het is ontzettend frustrerend om zo snel drie verschillende docenten te moeten krijgen.;More open discussion forums about navigating the pressures of student life would be beneficial.;"Exam vragen moeten concreter zijn; meer precisie in de formulering is echt nodig.";"Please consolidate the contact methods; it feels like too many places to ask questions.";More clearly marked and maintained ramps are needed, especially around the science building.
346;1;2026/27;Tilburg;Software Engineering;Full-time;Second-year;The feedback often mentions needing 'depth' without specifying what that actually means for us.;I wish we got more exposure to real industry data and company projects.;De communicatie is te vaag en negeert de unieke uitdagingen van digitaal leren.;Nog meer duidelijkheid over de beoordelingscriteria voor de mondelinge examens is welkom.;"Het voelt alsof we te veel moeten presteren in een paar dagen; coursework zou een betere maatstaf zijn.";Het zou fijn zijn als er duidelijker gecommuniceerd wordt wanneer docenten beschikbaar zijn.;They were wonderfully supportive, which allowed me to focus purely on my recovery.
347;1;2026/27;Den Bosh;Cyber Security;Full-time;Third-year;Seriously, [NAME] needs to speed up the grading process, we need our results.;Ik hoop op meer simulaties voor communicatie met diverse stakeholders in de echte wereld.;Men advises moeten sneller communiceren. Wij hebben snelle reacties nodig voor onze projecten.;More frequent, brief touchpoints would make such a difference in my overall student experience.;The long wait times for results really impact our ability to plan our next steps.;Het zou fijn zijn als meer Nederlandse en internationale studenten op een laagdrempelige manier worden benaderd.;Soms voelt het alsof het aanvragen van uitstel een onnodig en ingewikkeld proces is.
348;2;2026/27;Venlo;Artificial Intelligence;Full-time;Fourth-year;It would help if the grading criteria were explicitly outlined at the start.;Het zou nuttig zijn om meer gastsprekers uit diverse sectoren te organiseren.;The best part is the networking, but the mentoring aspect needs more faculty validation to be truly effective.;Het zou prettig zijn als er meer sociale activiteiten waren die niet gericht zijn op cijfers.;Het zou helpen als de tentamens beter aansluiten bij de weekopdrachten die we in de les zien.;Meer specifieke mentorenprogramma’s voor studenten die van buiten de regio komen en zich onzeker voelen.;Could they consider better elevator maintenance across all primary teaching facilities?
349;2;2026/27;Eindhoven;ICT & Business;Full-time;First-year;It would be beneficial to discuss topics related to disability rights within the program modules.;Het is top, maar meer opties voor stages op afstand zouden fantastisch zijn.;Het voelt echt alsof de docenten ons behandelen als een grote groep, niet als individuele studenten.;Het is lastig om te weten waar we moeten focussen zonder duidelijke doelen en richtlijnen.;Meer nadruk op coursework en minder op die één gigantische tentamenweek, echt waar.;Het zou fijn zijn als er een duidelijke aankondiging was voordat er wijzigingen plaatsvonden.;I really appreciate the flexible class scheduling options for my intense performance commitments.
350;1;2026/27;Tilburg;HBO-ICT;Full-time;Second-year;De manier van lesgeven is goed, maar meer interactieve groepswerk zou het begrip vergroten.;The university should organize mandatory professional shadowing days within the local corporate environment.;De onvoorspelbaarheid van de mentoren is lastig, ik wil gewoon één constante begeleider voor dit programma.;Ik ben dankbaar voor de steun, maar ik voelde me af en toe ongemakkelijk vanwege cultuurverschillen.;I hope the institution considers implementing a standardized appeal process for grades.;Zou het mogelijk zijn om een keer een workshop te organiseren over praktijktoepassing?;Het zou helpen om de mogelijkheid te krijgen om bepaalde vakken in een ander tempo te volgen.
351;1;2026/27;Den Bosh;Software Engineering;Part-time;Third-year;The quizzes helped, but the main explanations often jump too quickly between complex ideas.;More diverse industry perspectives and perhaps more frequent guest speakers would be fantastic.;Zou het mogelijk zijn om een workshop over sollicitaties en netwerken te organiseren?;It would really help if the feedback process explained what 'improving' actually looks like.;Ik vond de ondersteuning voor visuele beperkingen erg nuttig, maar de communicatie was te traag.;Het zou fijn zijn als de assistenten direct bereikbaar zouden zijn via een chatfunctie.;The staff communicated proactively and made sure I wasn't left behind academically.
352;1;2026/27;Venlo;Cyber Security;Full-time;Fourth-year;Het lijkt erop dat de belasting niet past bij de cursusduur.;Het zou enorm helpen als we meer kansen krijgen om bedrijven op locatie te bezoeken.;The current support structure lacks the one-on-one touch necessary for complex course material.;Could we get more talks about the soft skills needed for management and leadership?;Ik merk dat bepaalde hoofdstukken heel weinig in de praktijkvoorbeelden werden behandeld.;I think more organized study groups would help build a stronger peer connection across the cohort.;Would regular communication about alternative assessment methods improve student confidence?
353;1;2026/27;Eindhoven;Artificial Intelligence;Full-time;First-year;Het is echt frustrerend met [NAME], de correctie van assignments duurt veel te lang.;Kunt u meer alumni-sessies organiseren, zodat we direct contact kunnen leggen?;Het zou super zijn om workshops over specifieke [NAME] in de industrie te krijgen.;Het zou een grote plus zijn met een vaste, laagdrempelige plek voor informele gesprekken.;De vragen waren soms te vaag, ik had meer duidelijke instructies nodig over het beoordelingscriterium.;"Please stick to one official channel for updates; mixing email and social media is confusing.";Het is moeilijk om van klaslokaal naar de kantine te komen zonder goede looproutes.
354;2;2026/27;Tilburg;ICT & Business;Full-time;Second-year;Ik zou meer case studies willen zien die de theorieën direct relateren aan de dagelijkse praktijk.;Meer sessies over het opbouwen van een professioneel netwerk buiten de campus zouden geweldig zijn.;De begeleiding van de docenten mist een bepaalde persoonlijke touch en is te vaag.;We need better communication channels so that concerns are addressed swiftly.;Frequent software glitches made me extremely nervous and I couldn't concentrate properly on the material.;Wij zouden meer consistentie willen in de reactiesnelheid van de verschillende vakdocenten.;I noticed some image-heavy slides lack descriptive alt-text for screen readers.
355;2;2026/27;Den Bosh;HBO-ICT;Full-time;Third-year;Het curriculum mist momenteel een diepere blik op diverse economische en maatschappelijke kringen.;We need more real-world insights, not just theoretical talks about the profession.;It is difficult to feel connected to the department when everything seems geared towards campus life.;De communicatie over mentordisponibiliteit is momenteel wat inconsistent.;Overall, the grading seemed fairly transparent, but specific weightings need clearer explanation.;I think a dedicated student lounge area would really help foster a stronger sense of community.;Het is lastig om te weten wanneer en hoe ver je eigenlijk kunt uitwijken bij ziekte, dat moet duidelijker.
356;1;2026/27;Venlo;Software Engineering;Full-time;Fourth-year;More practical time management workshops would help with this heavy curriculum.;Extra oefeningen voor technische interviews en het beantwoorden van moeilijk gedragsvragen zijn welkom.;I really wish the instructors would provide more personalized attention during class time.;Zouden meer dan minder check-ins helpen? Het voelt nu soms alsof niemand weet wat er speelt.;Kunt u de technische ondersteuning tijdens het examen vergroten voor alle deelnemers?;"Het systeem van mentorcontact is te vaag; we hebben duidelijke afspraken nodig.";Het is nuttig om een centrale, goed toegankelijke kaart te hebben die alle hulpbronnen en liften aangeeft.
357;2;2026/27;Eindhoven;Cyber Security;Full-time;First-year;The communication from some lecturers is consistently unclear, making it hard to understand assignment requirements.;I wish the curriculum could incorporate more industry-specific tools so we feel better prepared for the job market.;De vertraging in de mentorcommunicatie beïnvloedt mijn studieplanning negatief.;Emotional support is appreciated, but it needs to be proactive, not just reactive.;Kunt u ons vertellen wat de gemiddelde wachttijd is voordat wij onze eindresultaten zien?;I wish the coaches were more flexible with scheduling, as my classes are very demanding.;Het is soms moeilijk om snel en duidelijk advies te krijgen over mogelijke aanpassingen.
358;2;2026/27;Tilburg;Artificial Intelligence;Full-time;Second-year;De feedback over de grading was onduidelijk, en ik snap niet wat we precies moeten verbeteren.;More practice with giving persuasive presentations to a diverse audience would really help.;Het is frustrerend dat de slots vaak snel volgeboekt zijn zonder goede melding.;The recognition of my progress really motivated me and made me feel valued here.;Ik vond dat examens te veel ingingen op stof die nauwelijks behandeld werd in de colleges.;I really think weekly one-on-one meetings would significantly boost my understanding.;Het zou geweldig zijn als er meer toegankelijke en anonieme psychologische hulp beschikbaar was voor studenten.
359;2;2026/27;Den Bosh;ICT & Business;Full-time;Third-year;The materials uploaded to the course portal were frequently late and often incomplete.;Misschien kunnen we eens een workshop organiseren met een beroepsprofessional, in plaats van alleen een lecture.;Kunnen we meer kleine groepsopzet hebben, zodat docenten meer kunnen interacteren?;Het zou goed zijn als de doelen voor het jaar concreter en meetbaarder waren.;Het voelde alsof examens vaak ingingen op onderwerpen die we nauwelijks besproken hadden.;Ik zou graag meer feedback krijgen op mijn opdrachten, niet alleen een cijfer, maar uitleg waarom.;It would be beneficial to have a clearer pathway for requesting different assessment methods.
360;1;2026/27;Venlo;HBO-ICT;Part-time;Fourth-year;Het is moeilijk om te weten hoe ik mijn werk moet verbeteren als de criteria zo onduidelijk zijn.;Het zou geweldig zijn als we meer echte bedrijfscasusstudies konden gebruiken in de lessen.;I really appreciate how the instructors share their industry insights and connections.;The resources are great, but I wish the mentoring addressed cultural differences more openly.;Ik zou graag meer duidelijkheid willen over de deadline voor het ontvangen van ons definitieve cijfer.;Soms is het moeilijk om een antwoord te krijgen als ik buiten de reguliere kantooruren vraag.;Zijn er meer resources te vinden in een eigen, toegankelijke bibliotheekomgeving?
361;2;2026/27;Eindhoven;Software Engineering;Full-time;First-year;I feel like the grading process is unnecessarily slow, especially coming from Smith's module.;It would be helpful to have more diverse guest speakers covering various career paths.;Ze bereiken je voordat je het probleem voelt, dat is echt een gouden standaard.;Misschien een wekelijks kort virtueel moment om even bij te praten en advies in te winnen.;Ik denk dat de afweging tussen verschillende beoordelingscomponenten iets meer transparant zou moeten zijn.;Meer focus op persoonlijke vaardigheden en minder op alleen de academische content zou nuttig zijn.;Please make sure all embedded media elements are properly captioned and described for diverse learners.
362;1;2026/27;Tilburg;Cyber Security;Full-time;Second-year;The lack of consistent communication between teaching staff is quite confusing.;Het zou prettig zijn om meer feedback te krijgen op onze portfolio's voordat we ze solliciteren.;De peer mentoring was echt nuttig om moeilijke vakinhoud te begrijpen. Bedankt!;De workshops over grenzen stellen waren heel nuttig, ik heb veel geleerd.;Kunnen we meer duidelijke voorbeelden krijgen bij de soorten examenvragen?;Meer kleine workshops of kletsmomenten zouden de sociale banden binnen het vakgebied kunnen vergroten.;Zou het mogelijk zijn om een meer gepersonaliseerd curriculumpad te volgen dan de standaard?
363;2;2026/27;Den Bosh;Artificial Intelligence;Full-time;Third-year;Ik was verbaasd over de beoordelingsstructuur, de rubrieken waren behoorlijk vaag.;Ik zou een workshop over het creëren van een sterke online professionele aanwezigheid graag zien.;Het is geweldig dat de docenten proactief hulp aanbieden, dat geeft veel rust.;The expectations around participation could use clearer metrics or examples for us to follow.;Het gevoel was dat we bestudeerden wat getoetst werd, maar de omgekeerde link was zwak.;Het is vaak onduidelijk wie de beste persoon is om te mailen voor specifieke vakinhoudelijke vragen.;De interface is over het algemeen goed, maar de navigatie tussen verschillende modules is soms verwarrend.
364;1;2026/27;Venlo;ICT & Business;Full-time;Fourth-year;Please address the excessive grading delays coming from Mr. [NAME] immediately.;I really hope for assignments that mimic the complexity of real business problems.;Could the department offer smaller group workshops? The current format is too broadcast-like.;More detailed explanations regarding how our final grade is calculated would be beneficial.;Het zou ideaal zijn als de feedback een duidelijke roadmap bood voor het verbeteren van mijn prestaties.;Ik zou meer behoefte hebben aan mentorprogramma's met ervaren studenten en alumni.;Het zou fijn zijn als de counselors meer ervaring hadden met verschillende leerstijlen.
365;1;2026/27;Eindhoven;HBO-ICT;Full-time;First-year;De lessen gaan verder dan alleen boekkennis, het is zeer toepasbaar.;Het zou geweldig zijn om meer gastcolleges van lokale praktijkprofessionals te organiseren, zeker in AI.;The response time from faculty is really slow, especially when I need quick guidance.;Korte, vaker check-ins zouden geweldig zijn om zorgen te bespreken voordat ze groter worden.;Het zou fijn zijn als de feedback meer gericht was op de theoretische diepgang, niet alleen de oppervlakte.;Having a dedicated person I can talk to outside of class hours would be incredibly helpful for me.;I think offering elective specialization tracks would make the education much more valuable.
366;1;2026/27;Tilburg;Software Engineering;Full-time;Second-year;When are we supposed to focus on content versus presentation? The guidelines are confusing.;Kunnen we meer assignments krijgen die de complexiteit van échte zakelijke problemen weerspiegelen?;Het zou geweldig zijn als we sneller contact konden opnemen met onze mentoren bij twijfels.;Could the sessions include more specific career planning for post-graduation options?;Het was goed om te zien dat feedback gegeven werd, maar de bandbreedte voor verbetering was te vaag.;Having a clearer guideline on expected response times would be very helpful for students.;Het zou fijn zijn met meer toegankelijke, onmiddellijke counseling opties voor acute stress.
367;2;2026/27;Den Bosh;Cyber Security;Full-time;Third-year;I feel that the allocated lecture hours are simply insufficient to cover all the complex material thoroughly.;Vielf jaren meer bezoekjes aan zakelijke omgevingen om meer te leren over de praktijk.;De docenten zouden hun e-mailverkeer efficiënter moeten managen om sneller te antwoorden.;Could you provide more actionable steps instead of just general comments on our progress?;De verhouding tussen lecture-inhoud en examenvragen voelt momenteel enigszins onevenwichtig.;Kunnen we een feedbackmechanisme krijgen waar we echt zien wat met onze suggesties gebeurt?;More regular updates about funding changes would prevent last-minute worries.
368;2;2026/27;Venlo;Artificial Intelligence;Full-time;Fourth-year;Kunt u overwegen om sommige grote projecten op te splitsen in kleinere, beheersbare delen?;Het zou nuttig zijn om meer vaardigheden te leren voor het creëren van een impactvolle LinkedIn profiel.;The lack of timely communication makes coordinating assignments nearly impossible for us students.;It's great that you celebrate small wins, that encouragement keeps us going.;Het is lastig om goed voorbereid te zijn als de examens over onbekende stof gaan.;Meer interactie buiten de vaste collegeuren zou het lerenproces zeker verrijken.;Het was fijn om te horen, maar een duidelijker stappenplan zou de zekerheid vergroten.
369;2;2026/27;Eindhoven;ICT & Business;Part-time;First-year;Can someone address the issue of Smith's delayed grading? [NAME].;Dutch: Ik denk dat meer blootstelling aan professionele software essentieel is voor ons begrip.;De boekingspagina overbelast en laat mij constant zonder beschikbare opties komen.;I appreciated the deep dive into advanced research topics and future academic paths.;Ik zou meer structuur willen zien in de aanvraagprocedure voor extra tijd tijdens examens.;"Ik merk dat de interactie soms te eenzijdig is; meer studentinput is gewenst.";Het zou een duidelijkere uitleg kunnen zijn over de vereisten voor hernieuwbare hulp.
370;2;2026/27;Tilburg;HBO-ICT;Full-time;Second-year;Can anyone tell [NAME] to speed up? We really need these grades back soon.;Adding mandatory modules on intercultural communication would be very beneficial for our career path.;Ik word elke semester door een andere mentor gezet, wat de begeleiding onpersoonlijk maakt.;Kunnen we een soort grotere groep check-ins organiseren, zodat het minder persoonlijk en meer toegankelijk is?;Graag zien we een verbetering in de snelheid van het beoordelingsproces, het huidige tempo is onhoudbaar.;"It feels difficult to catch anyone; establishing specific drop-in slots would be beneficial.";Please make the information on special financial grants more accessible online.
371;2;2026/27;Den Bosh;Software Engineering;Full-time;Third-year;I wish the professors had more predictable office hours for students to visit.;Could you possibly invite industry professionals who could discuss job market trends?;Ik voel me vaak alsof ik slechts één leerling ben in een grote klaslokaal.;I value these opportunities to build relationships outside of mandatory coursework.;"Ik vind de beoordeling soms te vaag; meer transparantie over de gewichtsverdeling zou helpen.";Ik denk dat meer spontane, ongedwongen ontmoetingsplekken op de campus nodig zijn.;I wish the university offered more varied counseling options, like art therapy or group sessions.
372;2;2026/27;Venlo;Cyber Security;Full-time;Fourth-year;De uitleg was helder, maar ik had meer tijd nodig om de ingewikkelde concepten volledig te verwerken.;Zou een opdracht met echte supply chain data de link naar de beroepspraktijk versterken?;The mentors are knowledgeable, but their availability during peak study times is lacking.;Ik zou graag meer structurele hulp willen zien bij omgaan met faalangst tijdens de tentamens.;Could the institution consider diversifying assessment methods beyond traditional written exams?;Perhaps a weekly open hour staffed by a different academic could improve accessibility.;The counselors were very kind, but I need clearer guidelines on how these accommodations are implemented daily.
373;2;2026/27;Eindhoven;Artificial Intelligence;Full-time;First-year;The assignment load is intense, making it difficult to manage my time effectively for other modules.;Could we please see more practical case studies using actual market information for better understanding?;Het boekingssysteem werkt echt slecht, ik kan nooit een plekje vinden voor de volgende sessie.;Het begeleidingsprogramma geeft mij een duidelijk beeld van de volgende stappen na mijn studie.;Het zou geweldig zijn met meer korte pauzes en ontspanningsoefeningen tussen de proefwerken.;De begeleiding van mijn coach was echt waardevol en gaf me een duidelijke richting.;Het zou fijn zijn als het beleid rondom verlengingen duidelijker en minder stressvol was.
374;1;2026/27;Tilburg;ICT & Business;Full-time;Second-year;Ze geven niet alleen kennis, maar ook de vaardigheden om daadwerkelijk problemen op te lossen.;Organize pre-event preparation workshops to ensure students know what questions to ask employers.;I need much faster feedback, because waiting weeks for answers is impacting my studies.;Ik zou meer aandacht willen voor de unieke uitdagingen die bepaalde culturele groepen ervaren.;De feedback is vaak te algemeen en geeft weinig concrete stappen om mijn vaardigheden echt te verbeteren.;Het contact met de assistenten is prima, maar het mist soms wat persoonlijkere aandacht.;The lack of accessible parking near the main lecture hall is a huge inconvenience.
375;2;2026/27;Den Bosh;HBO-ICT;Full-time;Third-year;De constante stroom van deadlines maakt het moeilijk om echt diepgaand te kunnen werken.;Het zou helpen om meer praktijkervaring te krijgen met het leiden van een vergadering.;Het voelt alsof het boeken een gok is, omdat de slots zo snel en onvoorspelbaar vol raken.;Sometimes it feels like scheduling a meeting is a battle, more flexible virtual options would be great.;"The sheer volume of high-stakes exams in one semester feels overwhelming; less pressure needed.";We need better networking opportunities outside the classroom walls, maybe industry talks.;Het was goed, maar ik verwachtte meer diepgaand advies over medicatiebeheer.
376;2;2026/27;Venlo;Software Engineering;Full-time;Fourth-year;I was confused about the grading scale and how much weight different assignments carried.;Having structured career advising, especially for finding placements, would be incredibly helpful.;The faculty's commitment to student success, demonstrated by their check-ins, is commendable.;My academic advisor was incredibly knowledgeable, making complex subjects feel manageable.;Ik hoop op meer structuur in de grading, zodat iedereen weet waar hij staat.;Ik zou graag meer kleine discussies buiten de lesuren willen hebben met mijn docent.;Het zou fijn zijn als er meer groepsgesprekken over stressmanagement georganiseerd werden.
377;2;2026/27;Eindhoven;Cyber Security;Full-time;First-year;Meer uren op campus zouden enorm helpen, de theoretische stof kan niet begrepen worden met zo weinig tijd.;Het zou beter zijn als we meer projecten konden doen die een echte zakelijke uitdaging oplossen, net als op een werkvloer.;They could benefit from clearer guidelines and more direct supervision to ensure quality control among the student volunteers.;I wish there was a more reliable way to connect with our assigned mentors promptly.;The assessment criteria were sometimes vague, making it hard to know where I needed improvement.;Het zou fijn zijn met meer informele bijeenkomsten buiten de lessen om om elkaar beter te leren kennen.;Ik zou graag een overzicht willen van alle beschikbare financiële hulpmiddelen.
378;1;2026/27;Tilburg;Artificial Intelligence;Part-time;Second-year;Can someone clarify the grading rubric? Het voelt alsof er geen duidelijke verwachtingen zijn.;Het zou ideaal zijn als de begeleiding van stageplekken meer gericht was op de gekozen carrièrestraat.;We hebben behoefte aan snellere reacties, dit vertraagt echt ons leerproces.;Getting specific goals for the next quarter would help me focus my study time much more effectively.;Ik zou graag meer gedetailleerde uitleg willen over de reden achter de lagere scores.;Ik heb moeite met het bijhouden van alle verandering in de leslocaties en deadlines.;Zouden jullie kunnen zorgen voor meer duidelijke structuur in de online leeromgeving, bijvoorbeeld met koppen?
379;1;2026/27;Den Bosh;ICT & Business;Full-time;Third-year;De lessen zouden baat hebben bij het behandelen van genderspecifieke perspectieven in de geschiedenislessen.;Zou het mogelijk zijn om de gastsprekers te diversifiëren naar verschillende sectoren?;De wisselende docenten zorgen ervoor dat we de continuïteit verliezen die we nodig hebben om goed te presteren.;We really need check-ins on a more predictable and frequent basis for maximum benefit.;We suggest a shift towards formative assessment to complement the final summative exams.;Ik zou graag een soort open dialoog willen, niet alleen een eenmalige enquête.;Allowing students to tailor their curriculum would significantly improve the learning experience.
380;2;2026/27;Venlo;HBO-ICT;Full-time;Fourth-year;De opmerkingen van [NAME] zijn goed, maar het wachten op het cijfer is echt lang.;Graag meer hands-on ervaring met de professionele software die in de arbeidsmarkt wordt gebruikt.;Het is geweldig dat de docenten ons benaderen met suggesties, dat voelt heel ondersteunend.;I appreciate the personalized attention, the guidance felt tailored exactly to my interests.;Het is moeilijk om te antwoorden als de criteria voor een hoog cijfer niet expliciet zijn.;De reactie van de staff op complexe academische vragen zou wat sneller kunnen.;We need more counselors available during peak examination periods to handle the intense stress.
381;1;2026/27;Eindhoven;Software Engineering;Full-time;First-year;The modules feel incredibly comprehensive, covering everything I need to know to succeed.;Het zou fijn zijn met meer praktische workshops over het optimaliseren van CV's voor verschillende sectoren.;De docent lijkt soms vergeten wat de specifieke problemen van de groep zijn.;Please clarify the difference between basic completion and excellent performance for these assignments.;The instructions for the practical assessment felt really vague, could they provide more detail?;Ik hoop dat de instructies voor het online deel van de lessen meer consistent worden verstrekt.;Could the institution provide more detailed info on emergency scholarships?
382;1;2026/27;Tilburg;Cyber Security;Full-time;Second-year;Zouden we meer bestuderen over mensenrechten en de invloed van verschillende culturele systemen?;A centralized platform connecting students directly to vetted internship opportunities would be amazing.;Ik krijg steeds foutmeldingen wanneer ik probeer een geschikte lesdag te vinden.;De beschikbaarheid van de mentoren op drukke dagen is echt een probleem, meer flexibiliteit is nodig.;My computer seemed incompatible with the testing software, which was a major hurdle during the exam.;Meer workshops over tijdmanagement zouden echt helpen met mijn studiebalans en betrokkenheid.;I really appreciated the proactive support and clear communication from all the tutors.
383;1;2026/27;Den Bosh;Artificial Intelligence;Full-time;Third-year;Ik waardeer de manier waarop theory wordt gekoppeld aan praktische, industriële toepassingen.;We need more hands-on experience with professional coding environments, not just basic simulations.;Het is teleurstellend dat de online leerlingen zo weinig gespecialiseerde support krijgen.;The advice on specialization choices was really helpful, I feel much more directed now.;"They just gave general remarks; I need to know *how* to improve, not just *that* I failed.";Meer interactieve, hands-on sessies in plaats van alleen maar verplichte lezingen zou fantastisch zijn.;I think integrating mental health resources directly into academic planning would be really beneficial.
384;2;2026/27;Venlo;ICT & Business;Full-time;Fourth-year;It's very frustrating how slow [NAME] is with the assignments and feedback.;Ik hoop op meer directe coachinggesprekken over mijn loopbaanpad in plaats van alleen algemene workshops.;De mentorverandering is echt frustrerend en maakt de cursus onvoorspelbaar.;Ik voelde me best ongemakkelijk omdat niemand echt luisterde naar mijn zorgen over de werkdruk.;Could we get clearer guidance on how different assessment types contribute to our final grade, please?;When could we expect more visibility regarding optional consultation times for students?;The specialized scheduling for practice times significantly eased my academic workload.
385;1;2026/27;Eindhoven;HBO-ICT;Full-time;First-year;I struggled with the grading rubric, the expectations seemed constantly shifting, which was confusing.;I wish the program spent more time on modern industry tools rather than outdated theories.;Ik hoop dat de docenten meer aandacht besteden aan de diversiteit van de leerlingen in de groep.;Het zou prettig zijn als er meer workshops waren over interculturele communicatie.;The instructions for the essay component were quite unclear and confusing.;Het is echt frustrerend dat ik soms meerdere e-mails krijg over dezelfde verandering.;Het zou een grotere focus op de sociale kant van welzijn kunnen hebben, bijvoorbeeld peer-support.
386;1;2026/27;Tilburg;Software Engineering;Full-time;Second-year;De docenten zijn erg deskundig, maar de structuur van het vak is soms wat verwarrend.;Het zou helpen met meer projecten waarbij groepsdynamiek en rollen duidelijk zijn.;The booking portal seems broken, and I keep encountering 'fully booked' errors.;Sometimes the emotional needs of students seem overlooked by the academic focus.;Kunt u meer alternatieven bieden dan alleen examens, bijvoorbeeld portfolio-evaluaties?;Het is lastig als ik snel advies nodig heb en de docent moeilijk te bereiken is.;The application process for special financial support needs to be simplified and streamlined.
387;1;2026/27;Den Bosh;Cyber Security;Part-time;Third-year;Honestly, [NAME]'s grading is agonizingly slow, it's really impacting my academic stress level.;Het zou top zijn met meer workshops over het schrijven van impactvolle cover letters.;The mentors are helpful, but their preparation seems inconsistent, standardized training would really benefit the students.;I really appreciated the chance to connect with other students and share study tips.;It would really help if the feedback separated foundational knowledge from critical analysis skills.;De ondersteuning was prima, maar het miste een beetje die persoonlijke, menselijke touch.;Ik waardeer de begripvolle houding, maar meer praktische ondersteuning zou fantastisch zijn.
388;1;2026/27;Venlo;Artificial Intelligence;Full-time;Fourth-year;Ik ben erg onder de indruk van de diepte en de kwaliteit van de geleverde onderwerpen.;The quality of the guest speakers was excellent, but perhaps more sessions would be good.;The feedback process needs to be more direct and tailored to individual student needs.;Het zou helpen als er duidelijke richtlijnen waren over reactietijden voor e-mails.;De hoeveelheid tegelijkertijd geëxamineerde vakken is overweldigend en veroorzaakt veel angst.;Het zou fijn zijn met groepsactiviteiten buiten de lesuren om, om de band tussen studenten te versterken.;It would be helpful to have clearer escalation paths when the current support feels inadequate.
389;2;2026/27;Eindhoven;ICT & Business;Full-time;First-year;De praktijkvoorbeelden die gegeven worden, maken het leerproces enorm aansprekend en waardevol.;Ik zou meer workshops over het optimaliseren van cv's en sollicitatietraining willen zien.;Generally speaking, the peer mentors are fantastic resources, though more structured weekly check-ins would improve things.;Ik voel me goed, maar er mist een structuur voor het uitwisselen van levenservaringen tussen studenten.;Het zou helpen als de examens meer gestructureerd waren met duidelijke overgangen tussen onderwerpen.;I appreciate the efforts, but I feel some niche groups are still overlooked in current outreach.;Could the campus add more designated quiet study zones with good seating arrangements?
390;2;2026/27;Tilburg;HBO-ICT;Full-time;Second-year;Smith's grading is agonizingly slow, echt frustrerend voor de cursusvoortgang.;Ik zou graag zien dat er meer partnerschappen komen met grote lokale bedrijven.;Ze melden zich altijd op tijd, wat een enorm verschil maakt voor het studeren en presteren.;De carrièreworkshops waren echt waardevol, ik weet nu wat mijn volgende stappen moeten zijn.;Het zou prettig zijn als er na een intensieve examenweek ook een korte pauze of een ontspanningsactiviteit was.;Sometimes I waited a week for an answer, which really slows down my progress on the project.;Een duidelijker beleid over de maximale aanpassingen van examenroosters is echt noodzakelijk.
391;2;2026/27;Den Bosh;Software Engineering;Full-time;Third-year;Het voelt alsof docenten niet altijd bereikbaar zijn, wat essentieel is voor het goed doorlopen van de cursus.;English: Please update the curriculum to use industry-standard software to better prepare us.;We zouden meer online netwerkevenementen moeten hebben zodat we een gemeenschapsgevoel behouden.;Ik vond de begeleiding bij het identificeren van mijn sterke punten enorm nuttig voor mijn carrièrepad.;Het zou fijn zijn als er meer groepswerk was, zodat we onze samenwerkingsvaardigheden kunnen testen.;Het zou fijn zijn als de docenten hun aanwezigheid meer openbaar maakten om snelle vragen te stellen.;It would be helpful to have clearer guidelines regarding deadlines during periods of personal difficulty.
392;1;2026/27;Venlo;Cyber Security;Full-time;Fourth-year;Het gebrek aan transparantie over de beoordeling is echt frustrerend en demotiverend.;Zou de afdeling meer samenwerking kunnen organiseren met lokale bedrijven voor projecten?;Nog meer focus op de praktische vaardigheden zou het peer mentoring echt verbeteren.;It feels like the mental health aspects are often overlooked when talking about campus support.;It would be helpful to spread out the major exams so they don't cluster together in one week.;De responstijd van het personeel aan de faculteit is soms erg traag en frustrerend.;Ik hoop dat de flexibiliteit van de deadlines ook voor de grotere projecten geldt.
393;2;2026/27;Eindhoven;Artificial Intelligence;Full-time;First-year;Ik ben erg onder de indruk van hoe modern en relevant de onderwerpen behandeld worden.;Het zou geweldig zijn als de universiteit meer workshops over sollicitatiegesprekken en portfolio's kon organiseren.;Ik waardeer de real-world context die de docenten in hun lessen brengen, echt leerzaam.;Could the institution consider adding more regular office hours for student advising?;Waardoor wordt het proces om de feedback te geven en de cijfers te publiceren zo lang?;It would be helpful to have dedicated virtual office hours for quick, personalized questions.;Het zou helpen als er meer nadruk ligt op de samenwerking tussen counseling en de docenten.
394;1;2026/27;Tilburg;ICT & Business;Full-time;Second-year;Het is moeilijk om een persoonlijk gesprek te krijgen omdat ze altijd te veel andere dingen hebben.;Het zou fijn zijn met meer netwerkevenementen om industriële contacten te leggen.;The faculty consistently go the extra mile, showing they genuinely care about our progress.;The advising staff is always approachable and genuinely invested in student success.;"Ik verwacht feedback die verder gaat dan alleen een cijfer; iets over mijn leerproces.";Ik zou graag een wekelijkse samenvatting willen van alle veranderingen in de cursusinhoud.;Adding more designated, quiet workspaces that aren't near high-traffic areas would be beneficial.
395;1;2026/27;Den Bosh;HBO-ICT;Full-time;Third-year;Het was een goede balans, maar de verdeling tussen vakken voelt wat willekeurig aan soms.;Ik hoop dat de verhouding tussen theoretische lessen en industrie-experts meer gebalanceerd wordt.;Misschien zouden jullie een vaste mentor per jaar kunnen toewijzen, dat zou enorm helpen.;Het zou nuttig zijn als er meer back-up opties waren als de mentor afwezig is.;Voorkeur voor een mix van kleine toetsen en grotere, meer flexibele projecten.;"Contactkanalen zijn vaak overspoeld; een duidelijkere, centrale plek zou beter zijn.";The ability to adjust pacing through different assignment types would be really beneficial.
396;2;2026/27;Venlo;Software Engineering;Part-time;Fourth-year;De afgelopen weken waren te weinig om de volledige syllabus grondig te kunnen bestuderen.;Het zou helpen als er meer gastsprekers van bedrijven zouden komen, die de arbeidsmarkt laten zien.;They could benefit from more consistent training on diverse learning styles and student needs.;Ik waardeerde de gelegenheid om mijn vragen in een informele, collegiale setting te kunnen stellen.;I wish the exam question phrasing was less ambiguous, it made interpreting the scope difficult.;"I feel like the community aspect is currently overlooked; some planned social gatherings would help.";Het zou helpen als de deadlines meer individueel konden worden afgestemd in plaats van een algemeen beleid.
397;2;2026/27;Eindhoven;Cyber Security;Full-time;First-year;The communication about office hours feels inconsistent and unreliable sometimes.;Graag meer geavanceerde begeleiding bij het netwerk opbouwen buiten de campusmuren.;Graag meer workshops over het navigeren door verschillende industriële sectoren.;De begeleiding bij het schrijven van mijn masterscriptie was onmisbaar voor mijn professionele groei.;Het is moeilijk om te zeggen, want sommige beoordelingen waren te subjectief.;Het voelt soms alsof we de docenten moeten jagen voor een simpel antwoord.;Zou het fijn zijn met meer workshops over stressmanagement voor speciaal talent?
398;1;2026/27;Tilburg;Artificial Intelligence;Full-time;Second-year;De docenten lijken vaak te druk en hun kantooruren zijn zelden echt beschikbaar.;Wat als we een module deden met data van daadwerkelijk bestaande organisaties?;Soms voelde het alsof de mentoren zelf de stof niet volledig beheerst.;Ik hoop dat de cursus meer aandacht besteedt aan de specifieke culturele nuances van de deelnemers.;The assessment platform crashed twice, which made me extremely anxious and delayed my submission time.;Zouden jullie meer informatie kunnen delen over studiemogelijkheden voor mensen met een beperking?;The current ramp gradient near the library entrance feels too steep for wheel-chair users to navigate comfortably.
399;1;2026/27;Den Bosh;ICT & Business;Full-time;Third-year;Ik verzoek om een betere communicatie over de grading tijden van [NAME].;More training on active listening and empathetic communication skills would be helpful for careers.;Het lijkt alsof er te weinig capaciteit is in het systeem, en ik kan zelden een plek vinden.;Meer ruimte voor vrijetijdsbesteding en minder constante druk zou mijn welzijn verbeteren.;Kunnen we meer alternatieve methodes overwegen, zoals presentaties en rollenspel?;Ik voel dat ik meer directe begeleiding nodig heb bij dit vak om echt te begrijpen.;I think more adaptable curricular options would make learning feel much more manageable.
400;1;2026/27;Venlo;HBO-ICT;Full-time;Fourth-year;More emphasis on diverse perspectives is needed, the current material is quite [NAME].;Het zou handig zijn om een module te krijgen over het behalen van professionele keurmerken.;De extra ondersteuning en de bereidheid om altijd beschikbaar te zijn is echt top.;Het begeleidingsprogramma gaf me een duidelijk inzicht in mijn sterke punten en doelen.;I wish the assessment process better factored in the stress of unique testing environments.;Ik wil graag meer keuze in de projectopdrachten, zodat we meer kunnen focussen op onze interesses.;More accessible washroom units, especially on upper floors, would greatly improve the experience.
401;2;2026/27;Eindhoven;Software Engineering;Full-time;First-year;Overall, the academic rigor here is fantastic and highly beneficial for my future career.;Ik heb behoefte aan hulp bij het navigeren door internationale arbeidsmarkten en visumvereisten.;Kennisniveau van de mentoren lijkt soms niet volledig up-to-date met de laatste beleidsveranderingen.;Misschien zou er een paar extra ondersteuningsuren per week gepland kunnen worden.;Ik denk dat de hardware op de examens soms overbelast was.;Nog een overzicht nodig van wie verantwoordelijk is voor welke type problemen.;Het zou fijn zijn als de counselors meer kennis hadden over recente onderwijsveranderingen.
402;1;2026/27;Tilburg;Cyber Security;Full-time;Second-year;Het is echt moeilijk om een afspraak te krijgen met de docenten, ook buiten de lesuren.;We need more exposure to the actual collaborative processes used by professionals in the field.;Its exhausting constantly trying to adjust to new teaching styles and personalities.;De academische begeleiding was heel nuttig en hielp me echt bij mijn studieplan.;De technische problemen maakten de examenervaring stressvol en onzeker voor de student.;When are we supposed to expect feedback on questions sent to the instructors?;Alle flexibiliteit is goed, maar de communicatie over de concrete nieuwe data is soms wat traag.
403;2;2026/27;Den Bosh;Artificial Intelligence;Full-time;Third-year;Zou het mogelijk zijn om een online supplement te krijgen met aanvullende leesmateriaal?;Het zou geweldig zijn als de universiteit meer industriepartnerships kan creëren.;Over het algemeen voelde het alsof de docenten afgingen op algemene, bijna vooraf geschreven points.;I feel adequately supported right now, although practical life skills mentoring would be beneficial.;We zouden het waarderen als de beoordelingen en de bijbehorende feedback sneller beschikbaar zouden zijn.;It would really help if there was one single source of truth for all course information.;Improving restroom accessibility across all buildings is a significant priority for many students.
404;2;2026/27;Venlo;ICT & Business;Full-time;Fourth-year;Teach ons meer over time management techniques, want de hoeveelheid werk is te veel.;Meer focus op professionele netwerken en hoe je jezelf effectief kunt presenteren aan potentiële werkgevers.;We really need a clearer commitment on mentor availability and timely feedback process.;I felt much more supported knowing there were peers I could talk to outside of class time.;Het is erg stressvol en zou nuttig zijn om meer middelen voor mentale ondersteuning te bieden.;Het zou fijn zijn als de wijzigingen direct ook in de leeromgeving zichtbaar waren.;Kan de instelling de beschikbaarheid van de cursusmateriaal algemeen verbeteren voor iedereen?
405;1;2026/27;Eindhoven;HBO-ICT;Part-time;First-year;Het voelt alsof de docenten niet echt bereikbaar zijn voor studenten die wat ondersteuning nodig hebben.;Kunnen we meer focussen op emotional intelligence om betere collega's te worden?;Het zou goed zijn als de mentors kennis konden delen over studiemethoden, dat helpt.;They helped me connect my current studies with potential professional opportunities later on.;De feedback was te algemeen en gaf me geen duidelijke stappen om mijn tekortkomingen aan te pakken.;Ik hoop dat er meer duidelijke richtlijnen zijn over wanneer men contact opneemt.;Het proces voor het aanvragen van uitstel voelt momenteel erg ingewikkeld en traag.
406;1;2026/27;Tilburg;Software Engineering;Full-time;Second-year;Zou je kunnen vragen om een sneller feedbackproces? [NAME] grading is te traag, echt.;Adding more professional certification preparation courses would really boost job readiness.;Over het algemeen positief, maar de training van de mentoren moet echt opgeknapt worden.;Ik zou graag zien dat er vaker contact wordt opgenomen, bijvoorbeeld om kleine hobbels meteen op te vangen.;De visuele hulpmiddelen waren nuttig, maar de implementatie was niet altijd soepel.;Een soort mentorprogramma zou helpen bij het opbouwen van die belangrijke sociale banden.;I really valued the flexible approach and the genuine concern shown by the faculty.
407;2;2026/27;Den Bosh;Cyber Security;Full-time;Third-year;De hoeveelheid huiswerk voelt echt overweldigend, ik heb te weinig tijd voor andere zaken.;Ik hoop dat er vaker optreedt met vakmensen die over hun werkervaring kunnen praten.;Some mentors are fantastic resources, others just repeat the basic syllabus points.;Overall, I feel quite respected, but some niche cultural events are missing.;More reliable hardware and software are essential to ensure a fair assessment experience for everyone.;Het zou fantastisch zijn als de staff meer proactief feedback zou geven, niet alleen reagerend.;"De ondersteuning van de docenten was prachtig; ze creëerden een veilige leeromgeving voor iedereen."
408;1;2026/27;Venlo;Artificial Intelligence;Full-time;Fourth-year;They provide such current industry examples, making the entire curriculum feel immediately relevant.;I wish there was more dedicated support for applying to competitive external internships.;Kortom, de responstijd is te traag en raakt de leerervaring echt.;Mijn mentor gaf me geweldig inzicht in de verschillende specialisaties en hun waarde.;Het zou echt helpen als we sneller feedback op de examens konden krijgen, dat motiveert ons.;Ik zou meer behoefte hebben aan directe feedback en contact tijdens de les, niet alleen via e-mail.;Het is prima, maar meer flexibiliteit met deadlines voor ingehaalde toetsen zou geweldig zijn.
409;2;2026/27;Eindhoven;ICT & Business;Full-time;First-year;Smith’s grading is painfully slow, we really need a clearer timeline for feedback.;We zouden meer praktische begeleiding moeten krijgen over het schrijven van CV’s en sollicitatiebrieven.;I wish there were more dedicated time for small group work and individualized feedback.;Ik waardeer de inzet, maar er mist soms een dieper begrip voor andere perspectieven.;Kunt u de studenten wat meer context geven over de beoogde antwoordstructuur?;"Het contact was te weinig; ik miste de regelmatige, laagdrempelige gesprekken met mijn mentor.";Perhaps more proactive communication about potential scheduling conflicts would ease the stress significantly.
410;2;2026/27;Tilburg;HBO-ICT;Full-time;Second-year;We hadden meer ondersteuning nodig met de gespecialiseerde software die wordt gebruikt.;Having consistent access to professionals for real-world industry talks is really valuable.;De beschikbaarheid van de mentoren is fantastisch en voelt nooit als een last voor hen.;Nog een soort grotere gemeenschappelijke activiteiten die de sociale binding versterken, zouden top zijn.;De examenvragen waren accuraat, maar de correcties waren te traag om echt te leren ervan.;I often feel overwhelmed by the slow pace of responses, especially before major deadlines.;Zou het nuttig zijn om meer toegankelijke sessies voor mindfulness en stressmanagement aan te bieden?
411;1;2026/27;Den Bosh;Software Engineering;Full-time;Third-year;De hoeveelheid huiswerk is enorm, waardoor er nauwelijks tijd overblijft voor andere dingen.;Het zou fantastisch zijn met een regelmatigere reeks van 'day-in-the-life' talks van alumni.;De planning voor de docenten is echt een nachtmerrie, het systeem valt constant uit.;Graag wat meer structurele check-ins, zodat ik niet het gevoel heb dat ik vergeet het aan te kaarten.;I wish the feedback included actionable resources or reading materials tailored to my weaknesses.;I think more casual social events, maybe coffee meetups, would boost the sense of belonging greatly.;A dedicated FAQ section specifically addressing flexible learning requirements would be very helpful.
412;2;2026/27;Venlo;Cyber Security;Full-time;Fourth-year;Ik merk dat het lastig is om een serieus gesprek met een docent te plannen.;Kunt u overwegen om meer groepsopdrachten te geven met echt consultancy materiaal?;De website is traag en de beschikbare slots verdwijnen voordat ik de kans heb om ze te boeken.;Misschien een grotere pool aan mentoren met verschillende specialisaties, dan is het makkelijker?;Wat de examenvragen betreft, zouden meer duidelijke leidraden nuttig zijn.;Het is prima, maar meer gelegenheden voor onverwachte, spontane discussies zouden de energie verhogen.;Het personeel nam mijn specifieke behoeften serieus en liet me weten wat de mogelijkheden waren.
413;2;2026/27;Eindhoven;Artificial Intelligence;Full-time;First-year;Zouden de teachers een meer gestructureerde manier kunnen vinden om te communiceren?;De voorbereiding op sollicitaties is goed, maar meer sector-specifieke diepgang ontbreekt.;The connections established by the faculty are invaluable, perhaps more networking events are needed.;We deserve quicker and more thoughtful responses to our ongoing academic challenges.;Ik zou meer specifieke, concrete feedback willen over mijn zwakke punten in het essay.;It would be helpful to have clearer guidelines on when and how to ask for extra help.;"Het is geweldig dat er een sportcoördinator is; deze persoon is cruciaal bij het plannen van mijn lessen."
414;1;2026/27;Tilburg;ICT & Business;Part-time;Second-year;We hebben meer tijd nodig om de projecten goed uit te werken zonder stress.;The curriculum should incorporate professional tools commonly used by working professionals in the field.;De interacties voelen vaak eenzijdig en minder persoonlijk dan het nodig is voor een goede leerervaring.;Het stelde mij in staat om mijn interesses te combineren met mijn toekomstige loopbaan.;Ik zou meer duidelijke informatie willen over de procedure voor het aanvragen van alternatieve examens.;I feel like I need more chances to speak with our lecturers outside of class time.;I appreciate the empathy, yet the specialized counseling needs more accessibility and follow-up.
415;2;2026/27;Den Bosh;HBO-ICT;Full-time;Third-year;Is het mogelijk dat [NAME] de beoordelingen wat sneller kan doen? Dit is erg stressvol.;Het zou nuttig zijn om meer alumni-netwerkevenementen te organiseren op campus.;Het zou fantastisch zijn met meer workshops over CV's en sollicitatiegesprekken, echt praktisch.;De emotionele ondersteuning mist vaak, wat zorgt voor extra stress naast de academische druk.;Het zou geweldig zijn als we specifieke voorbeelden kregen van wat een 'perfect' antwoord zou zijn.;Ik weet niet zeker of ik de technische afdeling of de helpdesk moet bellen voor mijn accountproblemen.;"The faculty handled my needs with such grace; I felt respected and heard by everyone."
416;1;2026/27;Venlo;Software Engineering;Full-time;Fourth-year;Amazing how they manage to balance advanced concepts with real-life professional scenarios.;I really hope to work on projects using actual industry problems and data.;Het is frustrerend dat wij zo lang moeten wachten op bevestiging en duidelijke instructies.;De ondersteuning bij het vinden van stageplekken was onmisbaar voor mijn opleiding.;Wat betreft de examens, meer toelichting op de verwachte niveau van diepgang zou helpen.;Ik wil graag meer feedback over de communicatie, want het is soms overweldigend.;The staff made it very easy to talk to them about everything and felt non-judgmental.
417;1;2026/27;Eindhoven;Cyber Security;Full-time;First-year;Could someone please expedite [NAME]'s grading? We are genuinely anxious to see our scores.;It would be really helpful to incorporate more industry-standard tools that are actually used in the professional field.;Could the mentors be given clearer guidelines to avoid conflicting advice regarding core modules?;I think more organized study groups facilitated by the school would be beneficial.;Het is moeilijk om te leren als we de resultaten en opmerkingen te lang moeten wachten.;Ik hoop op meer aankomende studenten evenementen die een echt relaxte sfeer hebben.;Ik zou graag een meer begripvolle beleidslijn voor gemiste lessen vanwege zorgtaken willen.
418;1;2026/27;Tilburg;Artificial Intelligence;Full-time;Second-year;Please organize the submission portal better, it keeps giving me error messages.;Het zou fantastisch zijn als er meer paden zijn naar relevante beroepscertificeringen.;Really impressed by how the mentors consistently reach out with tailored advice and support.;It would be helpful if office hours were more consistently advertised and easier to attend.;Meer flexibele assesseringsmogelijkheden zouden de stress enorm kunnen verminderen voor studenten.;I wish the department organized more social gatherings that are genuinely optional and fun.;Adding audible alerts at entry points would significantly improve safety for visually impaired students.
419;1;2026/27;Den Bosh;ICT & Business;Full-time;Third-year;Ik word constant overspoeld door assignments, de deadline-druk is echt te veel.;Could the curriculum incorporate more industry-specific simulations focusing on client communication and pitching?;It's amazing how often the mentors check in, that really makes a difference in the program.;Kunnen we een soort drop-in sessie organiseren zodat ik niet altijd een afspraak hoef te maken?;Meer voorbeelden bij de vraagstelling zouden echt helpen om de verwachtingen te verduidelijken.;Het zou helpen als er meer studentgeoriënteerde Q&A momenten waren, zodat we direct feedback krijgen.;Het zou helpen als er meer visuele aanduidingen waren voor slechtzienden.
420;2;2026/27;Venlo;HBO-ICT;Full-time;Fourth-year;Smith’s grading delay is impacting our ability to prepare for the next module, honestly.;Een betere link met lokale bedrijven zou het zoeken naar banen enorm vergemakkelijken.;Ze nemen de tijd om te luisteren naar onze problemen, dat is echt top van de docenten.;Ik zou graag een betere balans zien tussen academische druk en emotionele rust.;Kunt u de examinering meer afstemmen op de specifieke modules die we diepgaand hebben bestudeerd?;Kunt u de studenten meer betrekken bij het plannen van de communicatiemijlpalen?;Could we have more options for alternative assessment formats instead of just rescheduling exams?
421;1;2026/27;Eindhoven;Software Engineering;Full-time;First-year;De beoordelingscriteria zijn echt onduidelijk, ik snap niet wat precies nodig is voor een goede score.;Graag meer workshops met experts die praktijkgerichte vaardigheden kunnen delen.;De adviezen van de docenten lijken soms te botsen met wat de afdeling daadwerkelijk vereist.;Het is moeilijk om vaste afspraken te maken, de mentoren zijn vaak te druk.;Consider integrating more portfolio-based assignments instead of solely relying on terminal exams.;Ik heb meer behoefte aan groepsdiscussies met een facilitator, zodat we elkaar kunnen ondersteunen.;Perhaps clearer instructions are needed regarding which lecture halls are fully wheelchair accessible.
422;2;2026/27;Tilburg;Cyber Security;Full-time;Second-year;Ik vind dat de beoordeling van [NAME] vaak vertraging oploopt, wat echt frustrerend is voor ons.;Adding virtual networking sessions for remote industry experts would be a huge plus.;Het is geweldig dat we contact hebben met industry professionals die praktische inzichten delen.;De kans om met senioren te praten was super waardevol voor mijn aankomstjaar.;Could we please incorporate more practical simulations to evaluate our knowledge?;Het is fijn dat je luistert, maar we hebben concrete actieplannen nodig, geen verzamelde feedback.;Het is moeilijk om op tijd een nieuwe examenperiode te regelen, zelfs met goede intenties.
423;1;2026/27;Den Bosh;Artificial Intelligence;Part-time;Third-year;Ze waren erg behulpzaam bij vragen, maar het materiaal miste meer concrete voorbeelden.;Nog meer aandacht voor het opstellen van een professioneel online imago en digitale voetafdruk.;I need faster turnaround times on academic issues, weeks of silence is worrying.;It would be beneficial to include workshops on cultural competence for all staff members.;Assessment feedback should be more detailed, explaining not just what was wrong but how to improve it.;It would be great if teaching staff could reply to emails more promptly, especially with urgent queries.;It would be nice if online therapy options were expanded to cover diverse issues and time zones.
424;1;2026/27;Venlo;ICT & Business;Full-time;Fourth-year;More deep dives and practical exercises would help us grasp complex concepts better.;Zou je kunnen kijken of we experts uit andere, gerelateerde sectoren kunnen uitnodigen?;More individualized feedback sessions would dramatically improve my understanding and confidence in this program.;Het advies over masterrichtingen was zeer specifiek en goed afgestemd op mijn interesses.;De vragen zelf waren oké, maar de begeleidende uitleg miste een duidelijke focus en richting.;Het zou prettig zijn met meer samen-studeren sessies waar mensen elkaar ontmoeten en ondersteunen.;Zou het mogelijk zijn om meer begeleiding te geven over het gebruik van academische bronnen online?
425;2;2026/27;Eindhoven;HBO-ICT;Full-time;First-year;They are slow to reply, and when they do, the answers are often too technical.;Ik zou meer behoefte hebben aan sessies die specifiek ingaan op de lokale Nederlandse arbeidsmarkt.;Ik ben echt onder de indruk van hoe ze de studenten begeleiden, zó attent.;It would really help if mentors had more structured office hours that were easily accessible for everyone.;Misschien een combinatie van geschreven werk en een praktisch project? Dat zou top zijn.;Het zou geweldig zijn als er meer internationale evenementen waren die alle culturen combineren.;Zou de institutionele reactie op stress en uitzonderlijke omstandigheden meer empathisch kunnen zijn?
426;2;2026/27;Tilburg;Software Engineering;Full-time;Second-year;Many times the necessary teaching tools fail, impacting our ability to study properly.;Kunnen we meer experts uit de tech-hoek betrekken, naast de huidige focus?;Het zou helpen als de feedback over de docenten sneller beschikbaar was, echt cruciaal.;Het zou nuttig zijn als we meer regelmatige check-ins zouden hebben, niet zo af en toe.;Sommige examenvragen waren vaag geformuleerd, wat tot verwarring leidde.;I wish there was a central hub listing contacts for academic advising, IT help, and housing support.;Could there be more flexibility in the amount of coursework required each term?
427;2;2026/27;Den Bosh;Cyber Security;Full-time;Third-year;I appreciate how thoroughly the teachers integrate real-world case studies into the theoretical lessons.;I think training in persuasive communication and negotiation tactics would be very beneficial for careers.;Ik waardeer de focus op sector-specifieke vaardigheden, dat is zeer waardevol.;De feedback over mijn studievorming was constructief en gaf me concrete verbeterpunten.;Het zou nuttig zijn als de feedback gekoppeld wordt aan specifieke studiebronnen voor verbetering.;Ik hoop dat er meer groepsactiviteiten zijn die niet direct gerelateerd zijn aan de curriculum-inhoud.;Having easily reservable, fully accessible computer lab stations would greatly assist specialized students.
428;2;2026/27;Venlo;Artificial Intelligence;Full-time;Fourth-year;Kunnen we meer uren krijgen? De huidige structuur is te weinig om goed te leren.;Het zou helpen als de universiteit een centrale database met lokale stageplekken zou aanbieden.;Kunnen we als studenten vragen om minder wisselingen in de lescollega's?;Getting consistent check-ins is hard when availability is so unpredictable throughout the semester.;Please provide more examples for challenging conceptual questions to ensure clarity.;Could the advising resources be more visible alongside the technical support contact information?;Can you clarify the application deadlines for temporary financial aid packages?
429;2;2026/27;Eindhoven;ICT & Business;Full-time;First-year;We really need more hands-on time in the lab, the current schedule is insufficient.;Could we focus on more realistic tech stacks, mirroring what companies actually use day-to-day?;Het raakt mij dat de docenten nooit echt tijd nemen voor persoonlijke begeleiding buiten de collegeuren.;Het versterkte mijn band met de school en gaf een sterk gevoel van saamhorigheid.;Het voelt alsof de toetsing veel materiaal afdekt dat niet in de lezingen werd behandeld.;Het is onduidelijk wie ik moet bellen voor een graadschriftprobleem versus een cursusinschrijving.;Could the institution offer more customized pacing for different learning needs?
430;2;2026/27;Tilburg;HBO-ICT;Full-time;Second-year;Could the assignments be spaced out more? I'm struggling with the intense pacing.;Zouden we meer gastsprekerdagen kunnen inplannen, misschien per specialisatie?;Dit constante wisselen van docenten zorgt voor onnodige stress en verwarring onder studenten.;I appreciate the resources, but the stigma around mental health still makes people hesitant to use them.;Een snellere beoordelingscyclus zou de leerervaring enorm verbeteren en ons beter voorbereiden.;Het zou helpen als de studentraad vaker zichtbaar zou zijn in het dagelijkse academische leven.;Het zou geweldig zijn als er meer flexibiliteit was in het tempo van de lesstof.
431;1;2026/27;Den Bosh;Software Engineering;Full-time;Third-year;I rarely manage to speak with the instructors, making it hard to clarify complex topics.;We need better dedicated career counselling specifically focused on practical work experience.;The current setup feels impersonal, we need more direct interaction with the teaching staff.;Het is fijn dat er een community gevoel is, dat maakt het studeren veel plezieriger.;De ondersteuning bij het opzetten van alternatieve beoordelingen is uitstekend en erg nuttig.;De meldingen per SMS voor kleine wijzigingen zijn perfect, maar grotere veranderingen moeten nog anders.;"Ik waardeer enorm hoe begripvol de docenten waren; het maakte de studiehandelbaar."
432;1;2026/27;Venlo;Cyber Security;Part-time;Fourth-year;Overall, the depth and practical focus of the teaching are truly exceptional and highly beneficial.;Please consider organizing smaller, specialized networking events instead of only large, general fairs.;Ik wil echt een stabiele groep docenten, dit wisselen jaarlijks is niet efficiënt.;The mentoring program needs to be more sensitive to international student experiences.;We need more explicit links between the theory taught and the material that gets tested.;Het zou helpen als de afdelingen meer communiceren over leuke, informele bijeenkomsten.;Zou er meer informatie kunnen komen over de tijdelijke toegankelijkheid van de andere gebouwen?
433;2;2026/27;Eindhoven;Artificial Intelligence;Full-time;First-year;Het was lastig om te volgen wat precies moest gebeuren voor een goede eindscore.;Het carrièrecentrum zou meer industrie-specifieke vacatures en bedrijfspresentaties moeten aanbieden.;Ik raad het niet aan om te boeken, de pagina is vol en de foutmeldingen zijn frustrerend.;Perhaps creating a rotating pool of mentors would improve overall accessibility and reach.;We really need an update on the expected release date for all the assessments.;"I appreciate the proactive email alerts about schedule changes; it's really helpful.";I think a modular approach to the curriculum would be beneficial for many students.
434;2;2026/27;Tilburg;ICT & Business;Full-time;Second-year;De docenten zijn erg kennisrijk, maar soms te snel met de uitleg over complexe theorieën.;Meer directe links naar bedrijven die stages aanbieden zou erg nuttig zijn voor ons. (Dutch);Hoewel de inhoud goed is, mist u een meer begeleidende, persoonlijke aanpak van de lesstof.;Het ontvangen van complimenten voelt als een enorme stimulans om academisch uit te blinken.;De tentamens gingen over details die we nooit diepgaand genoeg hebben kunnen behandelen.;Het zou echt een enorme hulp zijn met meer flexibele contactmomenten met begeleiders.;It would be great to have clearer signage directing students to accessible restrooms on all floors.
435;1;2026/27;Den Bosh;HBO-ICT;Full-time;Third-year;It's hard to connect with the teachers unless you catch them right when they are free.;Ik zou willen dat de begeleiding beter de diverse carrièrepaden buiten de directe sector kan verkennen.;Their explanations were very general and lacked the practical depth needed for real-world application.;De frequentie van de check-ins is te laag, een bi-wekelijkse routine zou ideaal zijn.;Kunnen we ervoor zorgen dat de examens een betere afstemming hebben met de seminaries?;We need more advertised opportunities for students to connect outside of class time.;We need a centralized resource detailing all available special financial support programs.
436;1;2026/27;Venlo;Software Engineering;Full-time;Fourth-year;Ik voelde dat de contacturen te weinig waren om alle onderwerpen echt te kunnen begrijpen.;More focus on collaborative project work would really help build crucial team dynamics for future employment.;Het is echt frustrerend dat ik nooit een geschikt tijdslot kan vinden vanwege de beperkte beschikbaarheid.;De begeleiding bij het vinden van een stageplek was zeer professioneel en erg waardevol.;Het tempo van de vragen voelt soms te snel, wat onduidelijkheid over de opdracht versterkt.;"The mix of communication methods is overwhelming; please consolidate where important details are posted.";Het zou fijn zijn met meer duidelijke info over speciale studiefinanciering.
437;1;2026/27;Eindhoven;Cyber Security;Full-time;First-year;Ik zou graag meer praktijkopdrachten willen zien om de theorieën beter te begrijpen.;Het zou geweldig zijn om toegang te krijgen tot data van bedrijven die we in de praktijk tegenkomen.;It would be helpful to have one-on-one feedback sessions instead of group emails.;Zij namen de tijd om mijn zorgen over mijn scriptie en vakgebied grondig te bespreken.;De constante druk om perfect te zijn op examens maakt het moeilijk om mezelf te concentreren.;Ik zou meer interactieve breakout-ruimtes willen zien om discussies levendiger te maken.;Het personeel was erg begripvol en heeft mij goed geholpen met de wijzigingen.
438;1;2026/27;Tilburg;Artificial Intelligence;Full-time;Second-year;Het aanbod voelt te oppervlakkig, meer uren zouden helpen bij verdieping.;Ik hoop dat we de kans krijgen om echt met stakeholders te werken en hun data te analyseren.;De constante verandering van docenten is erg vermoeiend, ik had liever één stabiele begeleider.;More frequent touchpoints would really help keep me accountable and on track with my goals.;Kunt u overwegen om feedback en cijfers binnen een paar dagen te geven?;"I feel like the feedback loop is too slow; quicker direct communication would be beneficial.";We need easier access to information regarding various financial support options.
439;2;2026/27;Den Bosh;ICT & Business;Full-time;Third-year;Kunt u meer nadruk leggen op de praktische toepassing van de formules die we leren?;Het zou helpen met carrièrepaden na het afstuderen, niet alleen direct werk.;Het constante wisselen van docenten zorgt voor verwarring en haaks bot laten leren.;De carrièreworkshops waren echt waardevol en gaven mij veel inzicht in mogelijke loopbaancircuits.;We hadden graag meer transparantie over wanneer we de resultaten en feedback kunnen verwachten.;Kunt u meer begeleiding bieden voor studenten die worstelen met culturele verschillen?;Het zou fijn zijn als we vaker konden communiceren over mogelijke aanpassingen voordat we er echt mee zitten.
440;1;2026/27;Venlo;HBO-ICT;Full-time;Fourth-year;We need clearer guidelines on which online resources are mandatory for the course.;Adding more accredited certification tracks would significantly boost our employability after graduation.;Wij vinden dat één vaste docent veel beter zou zijn dan dit constante wisselen.;More advance notice about their schedules would help tremendously with planning.;It would be really helpful to get actionable tips on how to improve my writing style, not just a grade.;Could the department host more social mixers to help new students feel instantly welcome?;Het zou helpen als er meer keuzevrijheid was in de volgorde van de vakken.
441;1;2026/27;Eindhoven;Software Engineering;Part-time;First-year;I wish we had more time in class because the workload is substantial and rushed.;Ik zou graag zien dat de assignments meer gebruikmaken van data die uit het echte bedrijfsleven komt.;The support network is fantastic, nobody feels lost or forgotten in this program.;My concerns about course load were dismissed too quickly, and I felt like my perspective wasn't really considered.;I need feedback that goes beyond just grades and addresses underlying conceptual misunderstandings.;Het is moeilijk om ons betrokken te voelen als we voelen dat onze mening genegeerd wordt.;Some uploaded reading materials are not properly tagged, which makes them difficult for screen readers to parse.
442;2;2026/27;Tilburg;Cyber Security;Full-time;Second-year;Het tempo van de cursus is te hoog, waardoor er te weinig ruimte is om echt goed te studeren.;Het zou enorm helpen om meer projecten te doen met de actuale versies van professionele CAD-programma's.;Ik kreeg pas na twee weken een antwoord, terwijl het een urgente kwestie was.;Zouden jullie ook meer aandacht kunnen besteden aan het voorkomen van burn-out onder studenten?;Kunnen we feedback die meer gericht is op mijn individuele leerstijl en sterke punten?;I think specialized mental health resources are greatly needed for first-generation students.;Ik zou graag meer flexibiliteit zien bij het inplannen van examens, rekening houdend met persoonlijke omstandigheden.
443;2;2026/27;Den Bosh;Artificial Intelligence;Full-time;Third-year;De feedback van [NAME] is te langzaam, het zou fijn zijn als de grading sneller kon gaan.;Ik zou graag meer ondersteuning willen zien bij het netwerken en het vinden van de juiste sector voor een stage.;De beschikbaarheid van docenten is altijd zo beperkt, dat het een enorme frustratie is.;Het was goed om te horen van alumni over hun carrièrestraat na het studeren hier.;Het is echt frustrerend dat we zo lang moeten wachten op feedback na het afleveren van examens.;Kleine, informele netwerkbijeenkomsten voor verschillende studentengroepen zouden super zijn.;Een grotere groep voor mentoring voor ouders die de studie voortzetten zou geweldig zijn.
444;1;2026/27;Venlo;ICT & Business;Full-time;Fourth-year;I wish there was a clearer policy for when and how instructors respond to student queries.;Ik zou meer ondersteuning willen bij het onderhandelen over de voorwaarden van een stagecontract.;De feedback over de lesmethodes is te algemeen en houdt geen rekening met onze verschillende achtergronden.;Het is super dat er altijd een luisterend oor is, ongeacht iemands culturele achtergrond.;Het zou helpen als er meer 'ademruimte' was tussen de opeenstapeling van examenperiodes.;Ik heb moeite om te zien wie ik moet raadplegen voor mentale gezondheid versus academisch advies.;"Meer flexibele opvolging na een crisis is nuttig; de huidige ondersteuning is te vluchtig."
445;1;2026/27;Eindhoven;HBO-ICT;Full-time;First-year;It's very difficult to get proper feedback from the teachers, they are always so busy.;We really need more hands-on time using professional simulation software instead of just theoretical exercises.;Het voelt alsof alle ondersteuning alleen voor studenten op de campus is.;De peer-supportsessies boden een fantastische manier om academische en sociale hulp te vinden.;I really wish the grades were available shortly after the exams, not months later.;Het zou helpen als we meer begeleiding kregen over het navigeren van de universitaire structuur.;Kunt u de loopbruggen verbeteren zodat ze makkelijker te navigeren zijn voor wie een scootmobiel gebruikt?
446;1;2026/27;Tilburg;Software Engineering;Full-time;Second-year;It feels like [NAME] is deliberately delaying the grades, it is unprofessional.;Could you introduce advanced workshops on salary negotiation and benefits?;De wachtlijst en het boekingsproces zijn te complex en vaak niet functioneel in de praktijk.;Het advies over specialisatie was erg nuttig en hielp mij bij mijn keuzes.;Kunnen we een betere indicatie krijgen wanneer de definitieve beoordelingen van de vakken vallen?;Ik hoop op meer evenementen die culturele diversiteit vieren en iedereen uitnodigen.;Ik denk dat preventieve workshops over angst en stress erg nuttig zouden zijn voor iedereen.
447;1;2026/27;Den Bosh;Cyber Security;Full-time;Third-year;Ik ben erg onder de indruk van hoe complexe onderwerpen op een toegankelijke manier worden uitgelegd.;I really wish we had dedicated sessions improving professional presentation skills for client-facing roles.;The bulk of the feedback feels too general and doesn't address my specific needs.;Ik hoop dat de frequentie van de ondersteuning kan toenemen, het is soms wat te weinig.;Could the course structure better guarantee coverage of all assessed material?;Zouden jullie alsjeblieft een centrale, up-to-date platform voor alle cursusupdates kunnen aanwijzen?;Their guidance was supportive, yet sometimes the advice felt a bit detached from my daily reality.
448;2;2026/27;Venlo;Artificial Intelligence;Full-time;Fourth-year;Ik voel me echt overbelast met de hoeveelheid opdrachten en deadlines die tegelijkertijd komen.;Het zou fantastisch zijn als er meer opties waren om met alumni te spreken over hun loopbaanpad.;Mijn grootste probleem is de tegenstrijdigheid tussen theoretische en praktische uitleg.;It feels like mentors are only available when it's convenient for them, which is frustrating.;The exam scope seemed much broader than what was discussed in class.;"We really need more chances for direct questions; the current lecture format feels very one-way.";Sommige quizvragen op de website waren slecht gestructureerd en konden moeilijk te beantwoorden zijn.
449;2;2026/27;Eindhoven;ICT & Business;Full-time;First-year;More specific rubrics would help a lot, the marking criteria changed too often.;Could the career services office host industry-specific talks every month?;The teaching approach needs more personalized attention, it feels too generalized.;The delay in getting responses to my mental health check-in was really concerning.;It would be ideal to mix assessments regularly instead of having big assessment blocks.;The digital platform needs better tools for spontaneous, small-group collaboration among students.;It would be helpful if the policy for rescheduling exams was more transparent and easily accessible to all students.
450;1;2026/27;Tilburg;HBO-ICT;Part-time;Second-year;It feels like the academic staff is not easily reachable for supplementary advice.;Meer cursussen over digital marketing en SEO zouden de kloof tussen theorie en praktijk kunnen dichten.;Peak hours zijn frustrerend omdat de website dan traag en onbruikbaar wordt.;Perhaps an anonymous suggestion box could help gather feedback without fear of judgment.;Zou men de exacte verwachte diepgang van de analyse in de opdracht kunnen vermelden?;I wish we could have more scheduled office hours so we can ask detailed questions without feeling rushed.;I appreciate the flexibility, but the communication about alternative testing dates was confusing.
451;2;2026/27;Den Bosh;Software Engineering;Full-time;Third-year;Ik heb het gevoel dat er te veel materiaal is voor zo weinig collegeuren en lestijd.;It would be great to have more mock interviews with industry professionals available.;Could the institution offer more tailored advice that acknowledges our specific learning needs?;Ik zou meer feedback over mijn groei en potentieel willen horen, niet alleen over mijn cijfers.;"De opdrachten waren soms onduidelijk; een korte herhaling van de scope is nuttig.";We need more consistent communication regarding assignment feedback and revisions.;I really appreciate the PDFs, but some aren't structured properly for screen readers.
452;1;2026/27;Venlo;Cyber Security;Full-time;Fourth-year;Wij vinden de grading van [NAME] te traag en zouden graag een duidelijke planning willen zien.;Could we meer focus op data analytics tools? Dat is iets waar employers echt op zoeken.;Het zou nuttig zijn als de docenten meer ruimte deden voor persoonlijke begeleiding op [NAME].;I think a dedicated online booking system for mentors would significantly improve accessibility.;Some assessment questions seemed to cover topics not sufficiently discussed in class time.;"Ik merk dat het lastig is om iemand spontaan te spreken; meer openuren zou helpen.";More accessible pathways outside the main building would really help during bad weather.
453;2;2026/27;Eindhoven;Artificial Intelligence;Full-time;First-year;Kunnen de docenten een vaste reactietijd geven? Het is te onvoorspelbaar.;We need more practical workshops on resume building and interview skills, combined with employer presence.;Krijg ik wat feedback over de vertraging van de mentorresponsen? Het is te langzaam.;Could the department improve the response time for counseling appointments, please?;Het zou helpen als er een alternatief was als de stroom uitviel tijdens het examen.;The guidance was excellent, providing actionable advice rather than just general encouragement.;More adjustable desks and specialized ergonomic workstations are needed for students with physical needs.
454;2;2026/27;Tilburg;ICT & Business;Full-time;Second-year;I think the sheer workload makes it impossible to keep up with all the deadlines.;Ik hoop op meer workshops die focussen op het navigeren binnen verschillende carrièresectoren.;De uitleg was een beetje te snel, en ik voelde me niet echt gehoord tijdens de sessie.;Could the institution establish a set bi-weekly check-in schedule for all students?;It would be useful to get feedback that maps directly to course learning objectives.;Graag meer flexibiliteit in de afspraken, omdat mijn schema soms heel druk is.;Overweeg eens meer afspraken over het aanpassen van de tentamendata voor alle studenten.
455;2;2026/27;Den Bosh;HBO-ICT;Full-time;Third-year;Het is lastig om goed te scoren als de beoordelingscriteria niet expliciet zijn gemaakt.;Het zou fantastisch zijn om een vaste reeks van professionele sprekers te zien, bijvoorbeeld elke maand.;A bit more guidance from faculty would help standardize the mentoring experience.;Ik vond de peer-mentor sessies echt nuttig, het was goed om andere studenten te spreken.;"The instructions for Section B were confusing; clearer examples would help significantly.";"The communication regarding the virtual classroom access was excellent; very helpful to us.";Het zou fantastisch zijn om de pacing aan te passen, zodat ik niet te snel moet leren.
456;2;2026/27;Venlo;Software Engineering;Full-time;Fourth-year;I wish the instructors provided more immediate feedback on our submitted work.;Ik zou graag meer feedback willen over de vaardigheden die we ontwikkelen in vergelijking met sectorverwachtingen.;Het is onmogelijk om een plek te reserveren zonder dat de server crasht of een fout geeft.;Is er een alternatief, meer laagdrempelig contactmiddel beschikbaar?;We zouden meer structuur op de feedback willen, zodat het niet alleen een cijfer is, maar ook uitleg.;The department needs more low-key social events, not just formal networking mixers.;The varying quality of online resources makes consistent access a genuine challenge for many students.
457;2;2026/27;Eindhoven;Cyber Security;Full-time;First-year;We were expecting more face-to-face time with the instructors, it's quite disheartening.;Ik hoop op meer workshops die gespecialiseerd zijn in het vinden van een stageplek.;The mentors rarely give us time to discuss our specific career path or doubts.;Ik voel mij soms overgezien omdat mijn specifieke situatie niet direct begrepen wordt.;We hebben behoefte aan meer flexibiliteit zodat we ons kunnen herstellen van de examens.;Please ensure all assignment details are communicated through one consistent, reliable channel.;Could the institution consider more personalized learning paths based on pre-assessment results?
458;1;2026/27;Tilburg;Artificial Intelligence;Full-time;Second-year;Ik merk dat de leerbronnen inconsistent zijn, wat het studeren erg lastig maakt.;Het zou goed zijn met een mix van speakers uit verschillende, gerelateerde vakgebieden.;Could you look into upgrading the reservation system? It's constantly throwing 'full' messages.;Het zou fijn zijn als er meer gestructureerde en toegankelijke mentorenuren zouden zijn.;Would it be possible to receive feedback that covers not just content but also exam technique?;Ik zou meer follow-up en actieve feedback van de coaches waarderen in mijn eigen tempo.;Ik zou graag een meer geïntegreerde planning willen zien die zowel studie als professionele sportactiviteiten meeneemt.
459;2;2026/27;Den Bosh;ICT & Business;Part-time;Third-year;[NAME] needs to speed up the grading process, we are getting anxious about the results.;Meer blootstelling aan de professionele tools is cruciaal om naadloos in de arbeidsmarkt te kunnen starten.;De docenten moeten de verhouding tussen groep en individueel anders aanpakken.;De feedback over CV's was super nuttig, ik heb meteen verbeteringen doorgevoerd.;Het zou helpen als de leerdoelen directer gekoppeld waren aan de examenvragen zelf.;Het zou helpen om duidelijkere doelen te krijgen in de individuele sessies.;Zou het mogelijk zijn om meer begeleiding te krijgen bij het beheren van de tijd tussen thuis en campus?
460;2;2026/27;Venlo;HBO-ICT;Full-time;Fourth-year;I am concerned that the limited hours will hinder our comprehensive understanding of the material.;Could the institution host virtual meetups with professionals from different geographical locations?;Having three different people teaching core concepts is genuinely confusing and tiring.;I recommend expanding the scope of peer support beyond just academic subjects.;De vertraging in feedback geeft ons te weinig gelegenheid om onze kennis direct te versterken.;Het zou helpen als de informatie over diensten en hulp op een meer toegankelijke manier online staat.;Het zou geweldig zijn met meer aangepaste, rustige plekken om te studeren.
461;2;2026/27;Eindhoven;Software Engineering;Full-time;First-year;Zou het kunnen dat er meer interactieve groepsopdrachten worden gegeven tijdens de lessen?;I really appreciate more organized chances to connect with industry professionals outside of the career fair.;De focus ligt te veel op fysieke infrastructuur en te weinig op digitale middelen.;Wanneer wij problemen melden, voelt het soms alsof niemand echt luistert of actie onderneemt.;De beoordelingscriteria waren soms onduidelijk, waardoor de eindbeoordeling erg subjectief aanvoelde.;Mijn mentor nam de tijd om mijn carrièrepad te bespreken, wat heel waardevol was.;Meer schriftelijke communicatie over de mogelijkheden voor alternatieve examenformaten zou fijn zijn.
462;2;2026/27;Tilburg;Cyber Security;Full-time;Second-year;I feel like the pace is sometimes too fast to fully grasp the complex material.;It would be helpful if we had a central portal listing current internship openings in our field.;Zij komen echt op ons af met hulp, dat neemt veel stress weg van de studie.;It seems like student concerns are sometimes acknowledged but never truly resolved.;Ik zou meer gewicht moeten leggen op het continue beoordelen dan op de zware eindtentamen.;I wish there was a better system for tracking which content I missed during a difficult live session.;Het is erg goed, maar de interactieve elementen in de online cursus zijn niet altijd schermlezer-vriendelijk.
463;1;2026/27;Den Bosh;Artificial Intelligence;Full-time;Third-year;It was disappointing how few lectures we got, making the learning curve quite steep.;Het zou super zijn als we meer dagen konden besteden aan het observeren van bedrijfsprocessen in de praktijk.;I keep running into 'slots full' errors, even when I check much earlier than necessary.;Het zou nuttig zijn als de verwachtingen op het gebied van zelfstudie duidelijker gecommuniceerd worden.;Adding varied assessment formats, like presentations, would lessen the burden of single high-stakes exams.;Could we get more dedicated one-on-one time instead of group Zoom calls?;Their emotional support is great, but they need to link it more directly to coursework demands.
464;2;2026/27;Venlo;ICT & Business;Full-time;Fourth-year;Could we get a dedicated Q&A session after the core material is covered?;I wish the university provided more industry connections to help us find placements.;It's quite concerning that we wait so long for even simple replies.;I wish the support checkpoints were more frequent to help me manage my workload better.;I wish there were more mindfulness sessions integrated during peak examination periods.;Is there a central point of contact I can check before calling multiple offices?;It would be helpful to have the ability to adjust the pacing of the coursework based on my needs.
465;1;2026/27;Eindhoven;HBO-ICT;Full-time;First-year;Het niveau van kennis dat wordt gedeeld, is zowel academisch als bruikbaar in mijn toekomstige carrière.;Could the curriculum incorporate more analysis of real market trends and company financials?;I'm impressed by the supportive environment, the teachers actively guide our learning process.;My concerns about housing applications often feel like they get lost in a bureaucratic cycle.;De infrastructuur voor toegankelijk leren moet echt gemoderniseerd worden.;I wish the staff would host more informal, Q&A sessions to feel more connected.;Het zou geweldig zijn als we meer liften in oudere gebouwen zouden hebben voor betere toegankelijkheid.
466;1;2026/27;Tilburg;Software Engineering;Full-time;Second-year;Smith's slow grading process needs reviewing because it adds unnecessary stress.;Het zou nuttig zijn om een database van lokale bedrijven te hebben die met onze studiegebied werken.;Het voelt alsof elke mentor een ander cursusboek gebruikt, wat lastig is.;De communicatie over culturele vieringen is soms te algemeen en niet specifiek genoeg.;Het is belangrijk om de waarde van bredere vaardigheden meer te erkennen dan alleen examencijfers.;"Het is fijn als docenten binnen een dag reageren; dat helpt bij het plannen van mijn studie.";It would be greatly beneficial to have dedicated study spaces near childcare facilities.
467;1;2026/27;Den Bosh;Cyber Security;Full-time;Third-year;Their asynchronous feedback is often vague, making it hard to know exactly what I need to improve.;Ik zou graag meer focus willen op praktische case studies die echt uit de huidige industrie komen.;De docenten nemen het initiatief om extra sessies te plannen, wat heel waardevol is.;I feel like the check-ins often feel rushed, perhaps making them slightly more frequent would improve things.;We zouden meer workshops over stressmanagement en prestatieangst waarderen tijdens het studiejaar.;Ik zou meer informele studentevenementen buiten de campus willen zien, dat versterkt de band.;I really appreciate how understanding the lecturers were about my health issues.
468;1;2026/27;Venlo;Artificial Intelligence;Part-time;Fourth-year;De beoordelingscriteria zijn heel vaag, ik weet niet wat ik precies moet verbeteren.;More focus on collaborative problem-solving exercises would really prepare us for teams.;Ik kreeg het gevoel dat de docent vooral bezig was met het afwerken van het script.;Ik wil graag weten wat de specifieke verwachtingen zijn voor het eindproject en de deadline.;De vraagstellingen waren te vaag, waardoor we gedwongen waren te gissen wat er verwacht werd.;Could the professors provide more direct feedback on our drafts before the final submission?;Could you host materials in WCAG-compliant formats to meet all student needs effectively?
469;2;2026/27;Eindhoven;ICT & Business;Full-time;First-year;The materials are excellent, yet sometimes the explanations seem too theoretical for practical application.;Meer mentorship programma's met alumni die al succesvolle carrières hebben, zouden erg waardevol zijn.;We need clear guidelines on accessing resources that aren't physical copies.;Misschien meer workshops over mindfulness en het opbouwen van veerkracht binnen het studentenleven.;More granular feedback would be beneficial, guiding me to the right resources for improvement.;More signage or online guidance is needed to differentiate between administrative and pedagogical support staff.;I noticed the curb cuts near the main entrance sometimes feel uneven and tripping-hazard prone.
470;2;2026/27;Tilburg;HBO-ICT;Full-time;Second-year;Het is nuttig, maar de docenten zouden de verbanden tussen verschillende onderwerpen beter moeten uitleggen.;Het zou helpen als meer projecten gebaseerd zijn op echte industriële data en bedrijfscasus.;Seriously, a two-week turnaround time for an academic question is unacceptable for a modern course.;Het zou een groot verschil maken als er meer back-up mentoren beschikbaar zouden zijn.;Could the feedback be more individualized, pointing out specific areas for deeper study?;Sometimes it felt like the coaches were just ticking boxes rather than helping me.;Ik zou meer behoefte hebben aan praktische tips voor stressmanagement, niet alleen algemeen advies.
471;2;2026/27;Den Bosh;Software Engineering;Full-time;Third-year;Smith's grading is painfully slow, we really need a clearer timeline for feedback.;We hebben echt meer begeleiding nodig over hoe we onze opgedane kennis professioneel kunnen presenteren.;De lessen zouden meer interactieve, online praktijkopdrachten moeten bevatten, niet alleen theoretische lezingen.;My mentor was always available and offered insightful perspectives on specialized career paths.;We hebben meer begeleiding nodig bij het omgaan met examens en falen.;De interactie tijdens online sessies voelt soms te eenzijdig en behoeft meer studentinput.;Meer concrete informatie over financiële steunbronnen voor tijdelijke moeilijkheden zou super zijn.
472;1;2026/27;Venlo;Cyber Security;Full-time;Fourth-year;Het is frustrerend dat antwoorden zo traag komen wanneer we het meest nodig hebben.;Ik vind het geweldig om meer rollenspel-achtige oefeningen te doen over het samenwerken in complexe projecten.;We zouden meer kleine groepsdiscussies willen hebben, het is nu te groot.;A better system for tracking mentor availability would really improve the experience.;I appreciate the assessment variety, but the exams are too concentrated over a short period.;The sudden changes in meeting times always cause unnecessary stress and disruption to my schedule.;Could we get more guidance on using alternative text for images within the course platform?
473;1;2026/27;Eindhoven;Artificial Intelligence;Full-time;First-year;Ik heb het gevoel dat we veel meer contacturen nodig hebben om alle stof goed te kunnen begrijpen.;De software die we in de klas gebruiken is verouderd vergeleken met wat in het echte werkveld standaard is.;Waarom is het zo moeilijk om een slot te boeken? De website hapert constant.;It would be helpful to know who to contact directly if my concerns aren't being addressed effectively.;Some assessments covered concepts that were only briefly mentioned in class discussions.;Kunnen jullie een duidelijker onderscheid maken tussen de verschillende afdelingen?;Better signage indicating accessible entry points and alternative routes is strongly recommended.
474;2;2026/27;Tilburg;ICT & Business;Full-time;Second-year;Could you please clarify the grading rubric? The expectations felt inconsistent during class.;I wish assignments incorporated actual market data from real companies for more practical insights.;More guest lectures from working professionals would really enhance our understanding.;Ik hoop op meer gesprekken over culturele diversiteit, zodat iedereen zich echt thuis voelt.;We really feel that waiting months for grades is detrimental to our motivation.;I think even occasional informal chats with the instructors would boost motivation and understanding.;Het zou nuttig zijn om een centraal punt te hebben voor alle financiële vragen.
475;1;2026/27;Den Bosh;HBO-ICT;Full-time;Third-year;Ik ben teleurgesteld over het te weinig aan collegezalen, waardoor we veel zelf moeten invullen.;Het zou fijn zijn als meer opties voor industriële certificeringen worden aangeboden, zodat we onze vaardigheden kunnen bewijzen.;I think the mentors treat us too much like mere observers rather than active participants.;Het zou fijn zijn met meer peer-to-peer ondersteuning, soms helpt het van een medestudent.;Kortom, de vraagstelling miste een duidelijke focus, waardoor veel studenten worstelden.;Het zou helpen als we vaker zien dat onze suggesties daadwerkelijk worden geïmplementeerd.;The availability of a dedicated financial aid advisor would significantly improve the process.
476;2;2026/27;Venlo;Software Engineering;Full-time;Fourth-year;De docenten geven echt diepgaande inzichten die veel verder gaan dan alleen de syllabus.;Zouden er misschien workshops kunnen komen met professionals die praktijkvaardigheden delen, in plaats van alleen theorie?;It is impossible to secure a slot because the system either overbooks or crashes.;De deskundigheid van de begeleiders is indrukwekkend, zeker wat betreft vakkeuzeoptimalisatie.;"Ik vond de vragen soms te vaag; meer duidelijke instructies zouden helpen.";Could the lecturers occasionally use breakout rooms for more focused student collaboration?;Could the PDFs be optimized better for screen readers to ensure proper navigation through the content?
477;1;2026/27;Eindhoven;Cyber Security;Part-time;First-year;Ik hoop dat er een verbetering komt in hoe snel [NAME] de taken beoordeelt. Het is echt een probleem.;Het is cruciaal dat de software in de collegezaal de tools we in de industrie tegenkomen weerspiegelt.;Kunt u het beleid rondom de responstijd van mentoren verbeteren, alstublieft?;Zeker meer frequentie op het gebied van begeleiding en feedback zouden we kunnen gebruiken.;Het voelde soms alsof de beoordeling meer op mening dan op meetbare prestaties gebaseerd was.;De studiecahiers waren nuttig, maar meer persoonlijke aandacht van de coach zou echt een verschil maken.;Extra training voor het personeel over recente psychologische ontwikkelingen zou de begeleiding verbeteren.
478;2;2026/27;Tilburg;Artificial Intelligence;Full-time;Second-year;We zouden meer praktische sessies nodig hebben om de stof echt goed te kunnen begrijpen.;I feel that the frequency of industry expert talks is too low for proper career preparation.;Het voelt alsof de deskundigheid van de docenten over bepaalde modules niet uniform is.;De academische begeleiding was erg nuttig en hielp mij bij het kiezen van mijn specialisatie.;More actionable insights regarding study methods would significantly improve my overall learning process.;Zeker een systeem voor dringende vragen buiten de reguliere lesuren zou welkom zijn.;Het zou waardevol zijn om meer aandacht te besteden aan flexibel studeren en herhaalbaarheid.
479;1;2026/27;Den Bosh;ICT & Business;Full-time;Third-year;Het is erg frustrerend dat [NAME] zo langzaam gradeert, kunnen we een deadline krijgen?;Would it be possible to analyze live market data for our final year projects?;Het is frustrerend dat ik weken moet wachten op een antwoord over simpele vragen.;Kortom, ik voel me goed geholpen, maar er mist nog enige diepgang op culturele thema's.;Misschien meer opzetten op periodieke kleine ingexames in plaats van twee enorme tentamens.;Het zou super fijn zijn als de docenten meer flexibele spreekuuropties zouden hebben.;Ik hoop op meer follow-up en directe contactmogelijkheden na de sessie.
480;2;2026/27;Venlo;HBO-ICT;Full-time;Fourth-year;De interactieve lessen en de focus op kritisch denken zijn zeer waardevol voor mijn groei.;Meer simulaties met financiële data van echte bedrijven zouden mijn begrip vergroten.;More personalized attention is needed, the current format is too much like a one-way lecture.;De input over het opbouwen van een professioneel netwerk was onmisbaar voor mijn toekomst.;Ik hoop dat er meer mogelijkheden zijn voor alternatieve beoordelingsmethoden naast de traditionele tentamens.;The distinction between student services and academic support needs clearer communication from the school.;Perhaps some self-paced modules for foundational topics would reduce overall stress.
481;2;2026/27;Eindhoven;Software Engineering;Full-time;First-year;Zouden de docenten kunnen wijzen op een breder scala aan [LOCATION] thema's?;Het is nuttig om te zien hoe theorieën in een echte zakelijke omgeving werken.;The proactive check-ins from the teaching staff make a huge difference to my learning experience.;Het advies over de specialisatie was fantastisch, ik voel me nu academisch gerustgesteld.;Kunnen we alternatieve assesseringsvormen overwegen die minder paniek veroorzaken?;Ik stel voor dat er op de gang een 'walk-in' uur komt, zodat we spontaan kunnen praten.;Better communication channels regarding policy changes would save a lot of unnecessary worry.
482;2;2026/27;Tilburg;Cyber Security;Full-time;Second-year;De beoordeling van [NAME] komt te laat, het vertraagt ons hele leerproces, echt.;Misschien meer guest lectures van professionals die in de praktijk werken met de nieuwste technologieën.;De presentaties waren soms wat vaag, een duidelijker raamwerk zou helpen.;My academic advisor helped clarify complex course requirements, which was very helpful.;I think a clearer explanation of the assessment logic would greatly improve student confidence in the grading.;"It is confusing; I don't know if I should call student services or the department office.";Kortom, meer transparantie over de deadlines en uitzonderingen is echt gewenst.
483;2;2026/27;Den Bosh;Artificial Intelligence;Full-time;Third-year;Kunnen we de verwijzingen naar andere disciplines meer uitdiepen? Het koppelen was spannend.;Meer directe connecties met bedrijven zouden helpen bij het vinden van relevante en betaalde stage-ervaring.;Het systeem is onbruikbaar, ik kon nergens een slot vinden tijdens mijn pogingen.;Kunt u meer structuur geven over wat we van ons verwachten in de komende modules?;Ik vond de terminologie in de opdracht te vaag en miste ik de precieze intentie van de docent.;De studiecoach was fantastisch en gaf me echt de ondersteuning die ik nodig had.;Gezien de internationale aard van de sport, zouden er meer flexibele reis- en verlofregelingen moeten komen.
484;1;2026/27;Venlo;ICT & Business;Full-time;Fourth-year;The allocated time seems way too short for a subject of this complexity.;Het contact met de alumni en het netwerk zou veel waard zijn voor de jobsearch.;De focus op campusactiviteiten negeert de behoefte aan betaalbare digitale ondersteuning voor ons.;Het zou nuttig zijn om te weten welke kennis op lange termijn echt belangrijk is.;Ik denk dat een combinatie van practica en examens het leerproces zou verbeteren.;Could we get more consistent communication about when we can expect replies from department heads?;Kunnen we meer nadruk leggen op preventieve maatregelen in plaats van alleen reactief verlengingen?
485;1;2026/27;Eindhoven;HBO-ICT;Full-time;First-year;Het is irritant dat de video-opnames vaak niet functioneren of de audio is slecht.;Meer excursies naar bedrijven zou de theorie veel tastbaarder maken voor ons.;De docenten nemen echt de tijd om te zorgen dat we het begrijpen, dat is goud waard.;It felt great to have staff acknowledge my small wins, it was truly encouraging.;I feel the rubric was comprehensive, though applying it seemed inconsistent across the cohort.;Zou een keer per week een korter, maar intenser overleg nuttig zijn?;Het is nuttig om te weten hoe we een aangepast studieplan kunnen opstellen.
486;1;2026/27;Tilburg;Software Engineering;Part-time;Second-year;Could we receive more specific feedback on our written assignments, beyond just the grade?;Het zou helpen om een database van potentiële stagebedrijven te kunnen raadplegen.;I think more dedicated mentoring time would greatly improve our understanding.;It would be helpful to have clearer guidelines on what 'good' performance looks like in our assignments.;Kunnen we vragen om meer voorbeelden in de examens, zodat het minder vaag is?;Het is super fijn dat jullie de campuskaartenupdates zo snel en helder verstrekken, goed gedaan.;I appreciate the digital format, yet many of the resource videos lack proper transcripts.
487;1;2026/27;Den Bosh;Cyber Security;Full-time;Third-year;The sheer volume of assignments makes time management nearly impossible for students.;We zouden echt meer input nodig hebben van mensen die de huidige arbeidsmarkt dagelijks beleven.;Could the department ensure better mentor continuity? It's hard to build rapport with rotating staff.;Het voelt alsof onze zorgen vaak genegeerd worden zonder duidelijke follow-up.;Het zou motiverender zijn met meer beoordeling op basis van creatief en praktisch werk.;Ik twijfel of ik weet of ik het beste met de studieadviseur of de secretariaat kan spreken.;"I wish the support was more visible; sometimes I felt like I had to ask for help."
488;1;2026/27;Venlo;Artificial Intelligence;Full-time;Fourth-year;We need clearer guidelines, as the general communication regarding deadlines is frequently confusing.;Zou het mogelijk zijn om de gastlecturen meer interactief te maken, bijvoorbeeld met case studies?;Ik verwacht snellere reacties, wekenwachten op simpele studievragen is onredelijk.;De begeleiding bij het schrijven van mijn portfolio was zeer waardevol voor mijn creatieve vakgebied.;Ik zou meer grotere projecten en presentaties willen om mijn kennis te tonen.;Een soort campusfestival of grootschalige bijeenkomst zou de sfeer echt opblassen.;The process for applying for unexpected financial support feels overly complicated right now.
489;2;2026/27;Eindhoven;ICT & Business;Full-time;First-year;Het was te abstract voor mij, ik zou meer concrete casestudies op waarde schatten.;Het zou helpen als de docenten meer industrieervaring zouden delen in hun lessen.;De mentoren waren aardig, maar de praktische toepasbaarheid van de adviezen ontbrak.;I wish there was a more proactive system for checking in when we seem to be struggling academically.;De feedback was oké, maar de beoordelingsmethoden voelden soms te vaag aan.;Perhaps a dedicated virtual assistant could route my questions more efficiently to the right person.;Het zou helpen om de belasting periodiek te kunnen aanpassen om burnout te voorkomen.
490;2;2026/27;Tilburg;HBO-ICT;Full-time;Second-year;Ik snap de uitleg niet en ik kan de docenten niet bereiken voor meer hulp.;Het zou nuttig zijn als de gastsprekers specifiek ingingen op cv-opbouw en sollicitatietips.;I need more individual check-ins rather than large, general feedback sessions from the instructors.;Ik merk dat de huidige frequentie niet altijd aansluit bij mijn behoefte aan directe feedback.;Could the institution provide more detailed rubrics for essay grading next semester?;Having different contacts for technical bugs versus academic policies would improve my experience greatly.;De docenten waren erg begripvol over mijn tijdelijke afwezigheid, echt geweldig.
491;2;2026/27;Den Bosh;Software Engineering;Full-time;Third-year;The lack of prompt responses makes it difficult to solve practical course problems.;Zou het mogelijk zijn om in plaats van simulaties echte betaalde projectbestanden te gebruiken?;It feels like there's no urgency regarding student queries, the delays are frustrating.;Having a network of peers made the challenging coursework feel much more manageable.;"I think the time allocation per section needs adjusting; some questions are too demanding.";Honestly, the study coaches were fantastic and really helped me navigate the program.;Could you please improve the signage to make navigating the campus easier for people with limited mobility?
492;2;2026/27;Venlo;Cyber Security;Full-time;Fourth-year;Kunnen we wat meer weten over de feedbackcyclus? Smith's grading delay is frustrating.;Graag meer programma's die ons leren hoe we een stageplek echt moeten onderhandelen en aanvragen.;I really appreciate the way the professors anticipate our learning gaps and address them.;Een vaste, voorspelbare check-in cyclus zou de vorderingen veel beter ondersteunen.;Het zou fijn zijn met meer projectwerk in plaats van alleen maar zware examens aan het einde.;Ik zou meer behoefte hebben aan praktijkvoorbeelden en case studies in de begeleiding.;More consistent ramps and gentle slopes are needed, especially near the student union.
493;1;2026/27;Eindhoven;Artificial Intelligence;Full-time;First-year;Please improve the clarity of instructions, it often feels like we are guessing the requirements.;We need more structured guidance on applying for external and paid internship opportunities.;Het is geweldig dat we van professionals leren die de marktdynamiek kennen.;Overall, the academic support system here is top-notch and truly supportive.;Zou het kunnen dat er een meer stabiele en betrouwbare platform wordt gebruikt voor de volgende online proef?;Meer korte, interactieve quizzen in de les zouden het gevoel van betrokkenheid vergroten en ons laten oefenen.;Mijn docenten waren zeer begripvol en gaven mij de ruimte om mijn eigen tempo te vinden.
494;2;2026/27;Tilburg;ICT & Business;Full-time;Second-year;Het is moeilijk te begrijpen wat we precies moeten verwachten van de beoordeling criteria.;Het zou fantastisch zijn als er periodiek een 'career day' was met diverse branchevertegenwoordigers.;Could you consider providing virtual office hours that are more accessible and structured?;Het is moeilijk om te weten wanneer mijn specifieke case echt wordt opgepakt en waar.;Het is nuttig om duidelijker te zijn over wat precies gevraagd wordt in de meerkeuzevragen.;Could we get a dedicated page for all ongoing course modifications and announcements?;De docenten waren erg begripvol, ze boden flexibele deadlines die mij echt hielpen.
495;2;2026/27;Den Bosh;HBO-ICT;Part-time;Third-year;Het materiaal is indrukwekkend, maar ik zou meer concrete toepassingen op de praktijk willen.;"Het zou nuttig zijn om eens op een fabriek te kunnen kijken; dat zou zo anders zijn dan alleen studeren.";Ik voel me vaak alsof ik een nummer ben in plaats van een student met specifieke problemen.;Het zou helpen als er meer geavanceerde carrièrepaden naast de standaard opties worden getoond.;Meer gelegenheid voor continue feedback buiten de grote examenperiodes zou waardevol zijn.;De ondersteuning is aanwezig, maar de individuele aandacht is soms te beperkt om echt te groeitjes.;Het zou prettig zijn om de diepgang van de stof te variëren, afhankelijk van mijn eerdere kennis.
496;1;2026/27;Venlo;Software Engineering;Full-time;Fourth-year;Het zou helpen als de docenten meer heldere overzichten konden geven per module.;We really need dedicated workshops focused solely on securing professional internships.;We really need more dedicated time for one-on-one discussions with the lecturers.;Het zou geweldig zijn als de mentors meer zichtbaar en bereikbaar waren op verschillende dagen.;"Het is onduidelijk of we hier een academisch of een praktisch antwoord moeten geven; dat moet gespecificeerd worden.";I think a dedicated platform for quick academic questions would significantly improve engagement.;I felt that the lecturers were remarkably supportive when I explained my personal difficulties.
497;1;2026/27;Eindhoven;Cyber Security;Full-time;First-year;The sheer volume of assignments makes time management feel impossible right now.;Zouden er meer sessies zijn over het schrijven van een impactvolle, moderne CV?;Could the department host more virtual Q&A sessions specifically for those of us online?;I wish there was a dedicated space for students to just decompress without feeling judged.;Ik zou graag meer concrete voorbeelden willen zien van verbeteringen in mijn volgende opdracht.;I wish there were more opportunities for cross-departmental socializing and collaboration.;De begeleiders waren heel geduldig en boden mij praktische, constructieve hulp.
498;1;2026/27;Tilburg;Artificial Intelligence;Full-time;Second-year;Het is erg moeilijk om te studeren met zo'n trage beoordeling van [NAME], dat is echt vervelend.;Using actual business scenarios will help us understand the practical limitations and ethical aspects.;Zou er een aparte online studenten feedbacksessie kunnen komen om onze zorgen te horen?;The resources offered, especially for research methods, were top-notch and very effective.;The sheer volume of required assignments makes the assessment feel arbitrary and overly complex.;Het zou prettig zijn als er een duidelijk beleid was over het beantwoorden van e-mails na vakantie.;Ik vond de aanpak van de staf heel ondersteunend en niet veroordelend.
499;1;2026/27;Den Bosh;ICT & Business;Full-time;Third-year;Waarom duurt het zo lang voordat [NAME] de beoordelingen terugstuurt? Het beleefd is niet.;I think more alumni networking events focused on job hunting would be extremely beneficial for us.;Het is moeilijk om te leren als de online middelen niet goed en consistent worden bijgehouden.;Het complimenteren van groepen was geweldig, het voelde als een echte viering van succes.;"De opzet van de vragen liet ruimte voor misinterpretatie; dit moet verbeterd worden.";Het is onduidelijk wie ik moet bellen voor problemen met mijn studievereniging versus mijn studiebegeleider.;Kunt u overwegen om een meer individueel traject te bieden dat afwijkt van het standaard curriculum?
500;1;2026/27;Venlo;HBO-ICT;Full-time;Fourth-year;Ik had gewacht op de slides voor de vorige week, ze werden pas laat geüploaded.;We really need better connections with alumni who are currently working in specialized, high-demand sectors.;We really need more personalized guidance outside of the scheduled large class time.;Perhaps setting up designated office hours would make scheduling much easier for everyone.;Kunnen we meer oefeningen krijgen die de stof van de lessen direct volgen?;Soms voelt het alsof de informatie versnipperd is over te veel verschillende kanalen.;Maybe we could get a more standardized process for requesting deadline extensions?
501;1;2026/27;Eindhoven;Software Engineering;Full-time;First-year;Could the assignment load be reduced? I feel completely overwhelmed by the sheer volume.;Could you offer more workshops on industry-recognized certifications alongside our core curriculum?;Could the institution organize virtual study groups that connect remote learners?;Ik hoop dat de ondersteuning meer op studentniveau wordt gegeven in plaats van alleen per e-mail.;Hoewel het proces transparant was, nam ik soms een beetje de subjectiviteit van de eindbeoordeling waar.;Ze waren behulpzaam, maar het voelde wel wat gestandaardiseerd en niet helemaal persoonlijk.;I felt genuinely supported by the staff, which was crucial for my wellbeing.
502;1;2026/27;Tilburg;Cyber Security;Full-time;Second-year;Ik vond de interactie prima, maar het zou nuttig zijn om meer visuele hulpmiddelen te gebruiken.;Het zou nuttig zijn meer case studies te doen die direct verband houden met de huidige industrie trends.;Het voelt alsof de docenten meer presenteren dan dat ze echt beschikbare individuele hulp bieden.;Het is moeilijk om te weten wanneer mijn verzoek voor hulp echt behandeld wordt.;The distinction between theoretical knowledge and application in the exam questions was not clear enough.;Perhaps adding scheduled coffee breaks with staff would encourage spontaneous discussion.;Meer begeleiding bij het navigeren door de verschillende aanvraagprocedures is echt nodig.
503;1;2026/27;Den Bosh;Artificial Intelligence;Full-time;Third-year;Ik heb het gevoel dat er te veel verwachtingen zijn op een te korte tijdspanne.;Zouden er meer sessies georganiseerd kunnen worden over salarisonderhandeling en vacatureanalyse?;It seems like they are teaching to the test rather than encouraging actual critical thinking.;Hearing positive feedback about my efforts made me feel genuinely seen by the academic staff.;De software gaf steeds meldingen over ‘onbekende fouten’, wat echt angstaanjagend en frustrerend was.;The system needs to prove that our critical input actually translates into tangible improvements.;Het zou helpen als alle video's automatisch ondertiteling hebben, zodat ik ze makkelijker kan volgen.
504;1;2026/27;Venlo;ICT & Business;Part-time;Fourth-year;De docent is heel duidelijk, maar de uitleg over complexe theorieën was soms te snel.;Het zou nuttig zijn als we meer projecten zouden doen die echt een bedrijfsomgeving nabootsen.;We need a more prompt system for receiving actionable feedback from our assigned mentors.;It was fantastic to find a support system among my classmates, the community aspect is key.;I wish the instructions were clearer, especially for the application of the theory.;Could you consolidate the support contacts? It feels like too many different departments.;Het zou fijn zijn als er altijd een begeleidende tekst bij alle video's staat, niet alleen ondertiteling.
505;1;2026/27;Eindhoven;HBO-ICT;Full-time;First-year;Could the department address [NAME]'s grading speed? The wait times are unbearable.;Het zou nuttig zijn om meer duidelijke opties voor industry-recognized certificaten te krijgen.;Kunnen we meer individuele aandacht krijgen? Het voelt te veel als een grote groepslessen.;I really appreciate the resources provided to explore different academic disciplines.;Could the institution offer workshops on effective study strategies for students with ADHD?;Soms voelt het alsof we te weinig persoonlijke aandacht krijgen van de docenten.;Could the criteria for need-based financial aid be presented with more accessible examples?
506;1;2026/27;Tilburg;Software Engineering;Full-time;Second-year;It would help greatly if the criteria were documented better, especially for the essays.;Meer variatie in de gastsprekers, zodat we een breder beeld van het vakgebied krijgen.;Please consider assigning us a dedicated, stable academic advisor for the entire program duration.;Thank you for building such a supportive environment where effort is always recognized.;We zouden een betere technische ondersteuning nodig hebben tijdens de hele examentijd.;Kortom, meer mogelijkheden voor spontane contactmomenten zouden de leerervaring verbeteren.;The lecturers were genuinely understanding about my extended deadlines, which helped greatly.
507;1;2026/27;Den Bosh;Cyber Security;Full-time;Third-year;Het is prima, maar soms is het lastig om de verbanden tussen de verschillende modules te zien.;Het carrièrecentrum is goed, maar zou meer focus kunnen leggen op niche-sectoren.;We are constantly chasing updates, the weeks-long delay for simple replies is unacceptable.;The counseling services are good, but I wish they were easier to book and less intimidating.;"Graag meer context bij de examenvragen; ik was onzeker over de precieze reikwijdte van de benodigde kennis.";De coaches waren vriendelijk, maar de gesprekken misten soms wat persoonlijke betrokkenheid.;Offering customized learning tracks would greatly improve the overall student experience.
508;2;2026/27;Venlo;Artificial Intelligence;Full-time;Fourth-year;Het zou goed zijn om de les te verbreden met betere aandacht voor uitsluiting en marginalisatie.;We need practical guidance on job application follow-ups and professional etiquette.;Ik heb de indruk dat er veel onduidelijkheid is over de gangbare praktijk onder de docenten.;Alleen maar dat ik zo goed geadviseerd ben over mijn toekomst en loopbaanontwikkeling.;Wanneer kunnen we verwachten de resultaten? Het wachten is erg onzeker en frustrerend.;Graag zouden we meer mentorship programma's willen, zowel oudere als jongere studenten, voor betere sociale integratie.;Providing individualized academic advising would greatly support a tailored educational journey.
509;2;2026/27;Eindhoven;ICT & Business;Full-time;First-year;The allocated time for this course is insufficient, making deep understanding quite challenging.;It would be great to have industry experts discuss salary expectations and market trends.;Kortom, de mentorrol is een pluspunt, maar de begeleiding van de mentoren zelf is wisselend.;Het is nuttig, maar de bereikbaarheid en wachttijden van de hulpdiensten zijn nog te groot.;Could the assessment structure be diversified to reduce the single-exam focus?;Could the coaches offer more advanced strategies tailored to our specific courses?;Het zou nuttig zijn om meer flexibiliteit te zien bij het inkorten van het curriculum voor studeren onder druk.
510;2;2026/27;Tilburg;HBO-ICT;Full-time;Second-year;I believe incorporating indigenous knowledge systems would greatly enhance our understanding of the subject.;Voorkeur gaat naar assignments die echte marktonderzoeksprojecten nabootsen en oplossen.;Het is een goede initiatief, maar ik wil vragen of er meer begeleiding kan komen bij moeilijke vakinhoudelijke onderwerpen.;Ik zou graag meer regelmatige check-ins willen, misschien zelfs een keer per week.;Could we get an estimated timeframe for when the detailed feedback will be released, please?;Zou de docenten meer ruimte kunnen laten voor spontane, informele discussies tijdens de virtuele lessen?;De video's missen vaak ondertiteling, wat het leren lastig maakt zonder specifieke hulpmiddelen.
511;2;2026/27;Den Bosh;Software Engineering;Full-time;Third-year;Seriously, [NAME] needs to expedite the grading process, our grades are perpetually delayed.;More hands-on insights from experts working in niche parts of the industry would be invaluable for us students.;Could there be more interactive virtual sessions that mimic in-person class energy?;More peer-led support groups focusing on transition anxiety would really benefit students.;Maybe menggantikan written exams with hands-on lab assessments would be better.;Could the department organize more small group workshops instead of just large lectures? We need interaction.;Zou het mogelijk zijn om een portfolio-gebaseerde benadering voor het curriculum te overwegen?
512;1;2026/27;Venlo;Cyber Security;Full-time;Fourth-year;Ik begrijp niet waarom mijn werk niet goed genoeg was als de criteria nooit volledig zijn uitgelegd.;Excursies naar bedrijven helpen ons veel meer dan alleen theorie te begrijpen over de industrie.;Ik waardeer de bereidheid om altijd extra uren in te plannen voor ons, geweldig werk.;It is hard to focus when I don't know if my reported issues will actually lead to any changes.;Ik vond het algemeen eerlijk, maar de communicatie over mogelijke verbeterpunten na het examen was te minimaal.;I wish there was a dedicated office hour schedule to catch staff if I have urgent questions.;More support and adaptable timelines are needed when students are dealing with unpredictable health issues.
513;2;2026/27;Eindhoven;Artificial Intelligence;Part-time;First-year;De docent is erg deskundig, maar het gevoel was dat de stof te snel werd behandeld in de laatste modules.;Het zou goed zijn om meer rollenspel te doen over lastige gesprekken met collega’s.;Ik voelde dat de docent meer uit een handleiding sprak dan vanuit eigen expertise.;De workshops waren erg behulpzaam, maar ik zou meer aandacht voor diverse culturen willen zien.;A mix of assessments is great, but clustering major exams back-to-back is overwhelming.;Misschien een wekelijkse overzichtspost met alle aankomende wijzigingen, dat zou fijn zijn.;I felt completely supported emotionally and academically by the entire academic team.
514;1;2026/27;Tilburg;ICT & Business;Full-time;Second-year;Ik heb het gevoel dat we meer praktische oefeningen nodig hebben dan wat nu wordt gegeven.;Het zou goed zijn om de relatie tussen vakinhoud en specifieke arbeidsmarktbehoeften beter te integreren.;I spent half a day waiting for a response that finally came after nearly two weeks.;Could we get clearer timelines for addressing common student complaints regarding resources?;Het is cruciaal om de feedback snel te krijgen zodat we onze leerpunten direct kunnen aanpassen.;"Het zou fijn zijn als de docenten sneller reageerden op e-mails; ik wacht vaak te lang.";More accessible resources for emotional support are needed, especially for stressed parents.
515;1;2026/27;Den Bosh;HBO-ICT;Full-time;Third-year;Could the curriculum incorporate more diverse voices, especially those from post-colonial literature?;Verder inzicht in de dagelijkse uitdagingen via industrie-experts zou de leerervaring verbeteren.;Het voelt alsof mijn e-mails verdwijnen in een zwart gat, wekenlang zonder reactie.;Could you implement a formal buddy system for incoming first-year students? Dank u!;Het zou een enorme verbetering zijn als de feedback direct na het examen te ontvangen was.;Het contact met mijn mentor was sporadisch en voelde soms wat te algemeen aan.;The LMS needs a clearer guide on how to correctly format downloadable documents for maximum accessibility.
516;2;2026/27;Venlo;Software Engineering;Full-time;Fourth-year;Kunnen we een voorbeeld zien van een A-kwaliteit paper, alstublieft?;Zou het mogelijk zijn om een platform te creëren voor studenten om zelf professionele contacten te initiëren?;I wish the department would provide more context regarding the teachers' individual strengths.;Zou het mogelijk zijn om meer sessies over AI en industriële toepassingen te organiseren?;Could the institution ensure exams only test what was genuinely covered in the course syllabus?;Ik zou meer behoefte hebben aan een gedeelde, informele ruimte voor ontspanning en discussie.;Perhaps a more streamlined process for requesting academic adjustments would be beneficial.
517;2;2026/27;Eindhoven;Cyber Security;Full-time;First-year;Ik heb moeite met de onbetrouwbaarheid van de streamingvideo's tijdens de lessen.;Het zou fijn zijn als er meer modules waren over agile project management methodologieën.;Helaas voelde het soms alsof de mentors zelf de stof niet volledig begrepen.;I'd prefer something more structured, like a quick check-in after every major milestone, really.;Ik raad aan om een proefexamen te doen om de technische stabiliteit goed te testen voordat het echte examen plaatsvindt.;Zou het mogelijk zijn om een keer per week een Q&A sessie te organiseren?;The counselor's approach was excellent, offering practical tips and genuine emotional support.
518;2;2026/27;Tilburg;Artificial Intelligence;Full-time;Second-year;Could we please get more practical sessions? The current hours are not sufficient.;It would be great to see more guest speakers from actual professionals in the field.;Het zou enorm helpen als we meer sessies over het opbouwen van een professioneel netwerk zouden houden.;Het is moeilijk om een consistent mentorcontact te krijgen vanwege de planningbeperkingen.;Het systeem voelt te veel gericht op een cijfer en te weinig op het leren zelf.;Ik moet te vaak gissen of het secretariaat de juiste mensen kan doorverwijzen bij complexe vragen.;Het zou fijn zijn als er meer opties waren voor verlate inleveringen, zonder te veel bureaucratie.
519;2;2026/27;Den Bosh;ICT & Business;Full-time;Third-year;The professors truly emphasized real-world applications, which I found incredibly valuable.;Could we get dedicated workshops on using industry-standard project management software like Jira?;The lack of consistent mentorship undermines the entire purpose of the program structure.;I really appreciate the counseling services, they made a huge difference for my anxiety.;It would be great to spread out the exams more evenly alongside our coursework assignments.;Het is lastig om snelle feedback te krijgen als men moet wachten tot de werkweek begint.;Het zou goed zijn met meer peer-support groepen, waar studenten elkaar informeel kunnen helpen.
520;1;2026/27;Venlo;HBO-ICT;Full-time;Fourth-year;Het zou helpen als meer internationale casestudies in de lessen werden opgenomen, om een breder perspectief te geven.;Het zou ideaal zijn met een centraal portaal voor alle stagegerelateerde informatie.;More private consultation slots would greatly improve the feeling of being supported.;De sociale aspecten van het programma hebben mij geholpen de campus meer te omarmen en mij thuis te voelen.;Please test the stability of the online proctoring software more rigorously before real exams.;I feel like I got personalized attention from my coach, which was very reassuring.;De counselors waren luisterend, maar ik wilde meer directe, actiegerichte oplossingen voor mijn specifieke situaties.
521;2;2026/27;Eindhoven;Software Engineering;Full-time;First-year;Please ask [NAME] to grade our work more quickly, the delay is unbearable.;Het zou super zijn als we toegang kregen tot professionele licenties voor de relevante technische software.;Het lijkt erop dat de mentoren simpelweg niet weten hoe snel ze geacht worden te antwoorden.;Het zou fijn zijn als we duidelijker feedback krijgen over hoe onze projecten in de grotere context passen.;Ik zou graag meer feedback willen zien over hoe men best kan scoren op dit type opdracht.;Het zou handig zijn als alle wijzigingen direct in onze studentenportal zouden staan, niet alleen per mail.;Het is belangrijk dat het welzijn van studenten net zo hoog op de agenda staat als de academische prestaties.
522;2;2026/27;Tilburg;Cyber Security;Part-time;Second-year;De workload is zo groot dat het moeilijk is om focus te houden op de belangrijkste onderwerpen.;Ik wil meer specifieke hulp bij het vertalen van mijn academische vaardigheden naar een cv-taal.;De docenten bereiken ons te weinig individueel, het mist de persoonlijke begeleiding.;Het is frustrerend wanneer ik meerdere keren een reactie moet wachten om een simpel advies.;De examenvragen waren soms wat dubbelzinnig en mochten meer context gegeven worden.;Het contactpunt was prima, maar meer structuur in de mentor-sessies zou het nog beter maken.;Het zou helpen als de counseling sessies minder wachtlijsten hadden en makkelijker te boeken waren.
523;1;2026/27;Den Bosh;Artificial Intelligence;Full-time;Third-year;It feels like emails go unanswered for days, making coordination difficult.;More specialized training on professional interview skills for internships would be greatly appreciated.;Ik ervaar de begeleiding te veel als een massa-uitzending in plaats van persoonlijke ondersteuning.;Het zou fijn zijn met meer flexibele opties voor afspraken.;Ik vond de beveiligingssoftware soms te beperkend en irriteerde mijn werkstroom.;Meer laagdrempelige momenten om vragen te stellen buiten het klaslokaal zou geweldig zijn.;I really appreciate the digital formats, yet some documents are not compatible with my preferred accessibility software.
524;1;2026/27;Venlo;ICT & Business;Full-time;Fourth-year;Honestly, [NAME]'s slow grading habits are negatively impacting my confidence in this course.;Het zou goed zijn met meer verplichte modules over het opbouwen van een professioneel portfolio.;Het is frustrerend dat ik weken moet wachten op een antwoord op een simpele e-mail.;Het was fijn om een plek te hebben waar ik zowel academisch als sociaal steun kon vinden.;The intermittent connectivity issues seriously jeopardized my performance on the digital assessments.;Soms is het lastig om weten wie we precies moeten contacteren voor specifieke onderwerpen.;It was comforting to know that the staff understood the challenges I was facing this year.
525;1;2026/27;Eindhoven;HBO-ICT;Full-time;First-year;Het curriculum biedt een fantastisch overzicht van zowel academische als professionele kanten.;The connection between theoretical knowledge and actual industry workflows needs much more emphasis in the course structure.;The current setup lacks the personalized guidance that is essential for complex subjects like this.;Meer cursussen over het opbouwen van een persoonlijke merkidentiteit zouden fantastisch zijn.;Ik waardeer de ondersteuning enorm, maar het aanvraagproces is te bureaucratisch.;Ik zou graag meer toegang willen hebben tot oudere studenten die recentelijk afgestudeerd zijn.;Ik hoop dat er opties zijn voor een meer individueel leertraject.
526;2;2026/27;Tilburg;Software Engineering;Full-time;Second-year;The constant juggling of multiple assignments is honestly really stressful and difficult.;More opportunities to connect with alumni working in diverse geographical locations would be fantastic.;We zouden meer tijd nodig hebben voor individuele overleggesprekken over onze loopbaanpaden.;Het zou fijn zijn als de mentoren een centrale planningstool zouden gebruiken.;Het zou een grote verbetering zijn als de feedback direct na het afleggen van het examen beschikbaar was.;Het zou fijn zijn met meer directe Q&A sessions buiten de klasuren om het beter te snappen.;The system for requesting special consideration needs a clearer online interface to use.
527;2;2026/27;Den Bosh;Cyber Security;Full-time;Third-year;I'm struggling to balance the assignments with my other courses, it's too much workload.;Zou het mogelijk zijn om meer industrie-ervaring op te doen via een georganiseerd internship programma?;Als ik snel hulp nodig heb, voelt het wachten op reacties als een enorme bottleneck.;Ik zou graag een meer persoonlijke en langdurige begeleidingstraject willen ervaren.;Could we perhaps incorporate more continuous assessments rather than relying so heavily on final written exams?;It felt like I was just another case file, not a unique student needing genuine support.;Expanding access to virtual appointments would make care more accessible for busy or remote students.
528;2;2026/27;Venlo;Artificial Intelligence;Full-time;Fourth-year;Het is moeilijk om te weten wat we precies moeten opleveren qua beoordeling.;I wish there was a stronger link between theoretical knowledge and practical industry applications.;De uitleg was best verwarrend, ik voelde dat het meer een afgelezen presentatie was.;Het zou prettig zijn als er meer aandacht was voor verschillende culturele feestdagen.;Could we get more options like submitting a detailed research proposal instead of just an exam?;Zouden de docenten meer tijd kunnen reserveren voor spreekuren? Het is vaak te lastig.;Het is moeilijk om duidelijkheid te krijgen over het proces van het aanvragen van een uitstel.
529;2;2026/27;Eindhoven;ICT & Business;Full-time;First-year;Het is teleurstellend dat we zo weinig directe interactie met de docenten krijgen.;Het zou nuttig zijn om de theorie toe te passen op echte, actuele zakelijke situaties.;The current setup minimizes the opportunity for genuine, detailed interaction with faculty.;The current scheduling process feels too complicated and hard to navigate.;Betere uitsplitsing van de vragen en de vereiste output zou het proces verhelderen.;"It felt like I was talking to a script; more real advice would be greatly appreciated.";It would be helpful to have more standardized options for rescheduling deadlines when personal issues arise.
530;1;2026/27;Tilburg;HBO-ICT;Full-time;Second-year;Can we get an update on Smith's marking schedule? This delay is affecting us.;More training on industry-standard software, like Figma or Adobe, would be incredibly beneficial.;De organisatie moet de mentoren meer begeleiden qua pedagogische technieken.;Het gevoel van acceptatie is er, maar cultureel gevoelige hulp is echt noodzakelijk.;Would it be possible to spread out the assessment weight throughout the semester, reducing exam clustering?;De verschillende contactpersonen voor academische hulp zijn niet duidelijk genoeg.;Zou het kunnen dat meer leermaterialen in een meer flexibele en toegankelijke opmaak worden aangeboden?
531;1;2026/27;Den Bosh;Software Engineering;Part-time;Third-year;[NAME] is te traag. [NAME]'s grading cycle is making us anxious about our final GPA.;Kunt u meer aandacht geven aan conflictbeheer en communicatie binnen diverse teams?;It's almost impossible to get continuity when the instructors keep cycling through.;The peer mentoring system provided much-needed emotional and academic support.;Perhaps allowing practical demonstrations would offer a broader view of our skills.;Het zou helpen als er meer structuur was rondom de sociale aspecten van de studie.;The specialized study areas need better ramp access and adequate maneuvering space for wheelchairs.
532;1;2026/27;Venlo;Cyber Security;Full-time;Fourth-year;We really need some extra scheduled time to solidify the theoretical knowledge presented.;Maybe introducing experts from adjacent industries would give us a broader perspective.;Het zou goed zijn als de mentoren ook feedback konden geven op mijn cv en carrièrepad.;It would be helpful if there was a centralized system for escalating unanswered student concerns.;Kunnen we feedback krijgen over hoe ik mijn argumentatie in de praktijk beter kan verankeren?;We really need more direct feedback on our assignments, not just grades.;De communicatie over welke soorten aanpassingen mogelijk zijn, zou duidelijker moeten zijn.
533;2;2026/27;Eindhoven;Artificial Intelligence;Full-time;First-year;We need clearer timelines for Smith's assessments, de wachttijd is [NAME].;Kunt u meer cursussen aanbieden over het schrijven van effectieve sollicitatiebrieven?;The feedback process felt somewhat rigid, meer spontane input zou echt nuttig zijn.;De begeleiding op mijn studiepad was echt nuttig, ik voelde me hierdoor veel meer gericht.;Assessment should consider our ability to apply knowledge, not just recall it.;Het zou nuttig zijn als de buddy-programma's ook meer gericht zijn op oudere of afgeleide studenten.;Consider offering childcare vouchers or subsidized daycare access on campus.
534;2;2026/27;Tilburg;ICT & Business;Full-time;Second-year;I wish [NAME] would speed up grading, waiting weeks for grades feels unnecessarily punitive.;Het zou handig zijn om meer feedback te krijgen over mijn non-verbale communicatie.;Het wisselende mentorbeleid werkt averechts, we hebben behoefte aan consistente en betrouwbare begeleiding.;We really need clearer guidelines on the expected response time for mentor emails.;"De examinering moest meer specifiek zijn; de vragen waren soms te algemeen geformuleerd.";I wish the study coaches provided more individualized check-ins, not just generic group calls.;Ik waardeer de hulp, maar het gebrek aan follow-up na de sessie is frustrerend.
535;2;2026/27;Den Bosh;HBO-ICT;Full-time;Third-year;We really need more lab time, the current contact hours are simply inadequate.;"The modules feel theoretical; employers actually need people who can solve immediate business problems.";De communicatie moet verbeteren, het wachten op de docenten is een grote bron van stress.;De mentoren waren zeer bereikbaar en gaven concrete tips voor mijn studievaardigheden.;Zou het goed zijn als de vragen meer context zouden geven voordat je ze stelt?;Kunt u meer hands-on oefeningen in de virtuele omgeving inbouwen om het leren meer tastbaar te maken?;It would be great if there were a centralized hub for accessible notes and resources.
536;2;2026/27;Venlo;Software Engineering;Full-time;Fourth-year;Het voelt alsof we te weinig contacturen hebben, wat het leren erg beperkt.;Ik verwacht dat de carrièrecentrale meer persoonlijke aandacht en op maat gemaakt advies kan bieden.;I keep running into errors when trying to reserve a slot, which makes planning very difficult.;I appreciate the personalized check-ins, knowing someone cares makes a huge difference.;I need feedback that addresses my critical thinking, not just my ability to recall facts.;We hebben meer ruimte nodig voor spontaan contact, bijvoorbeeld een centrale ontmoetingsplek op de campus.;Ze waren zo ondersteunend en hielpen me met het inhalen van gemiste stof, wat geweldig was.
537;1;2026/27;Eindhoven;Cyber Security;Full-time;First-year;We zouden meer praktische sessies nodig hebben om de theorie echt te kunnen toepassen.;Meer focus op industrie-specifieke software zou onze carrièregroei enorm helpen.;Ik heb het gevoel dat mentorondersteuning te traag is voor urgente academische vragen.;Het is lastig om mentor tijd te krijgen als het schema van de mentor te vol staat.;Zou het mogelijk zijn om online platforms te gebruiken voor snellere feedbackaanlevering?;The personalized support I received really helped me understand my academic weaknesses.;Could you please improve communication about emergency funding availability and timelines?
538;1;2026/27;Tilburg;Artificial Intelligence;Full-time;Second-year;Zou het mogelijk zijn om een meer gestructureerde grading timeline te krijgen van [NAME]?;Meer sessies van experts die al in de industrie werken zou de carrièreoriëntatie echt verbeteren.;Het voelt alsof de behandelingen soms te abstract en algemeen blijven.;Het zou fantastisch zijn met meer regelmatige kleine controles om de motivatie hoog te houden.;Some of the grading criteria were confusing, making it hard to know what passed or failed.;Het zou helpen als er een centrale plek was voor snelle antwoorden en contactgegevens.;We need clearer guidelines about emergency funding options and deadlines.
539;2;2026/27;Den Bosh;ICT & Business;Full-time;Third-year;Kunnen we alsjeblieft weten wanneer we de beoordeling van [NAME] kunnen verwachten?;Een uitgebreidere en meer diverse carrièrebeurs zou ons helpen met oriëntatie op de arbeidsmarkt.;Kunnen de begeleiders hun e-mails sneller beantwoorden? Het voelt alsof niemand aandacht heeft.;Ik vond de groepsgesprekken erg nuttig, het voelde alsof ik bij een familie was.;It would be beneficial to have clearer guidelines on accessing specialized software for tests.;De coaches zijn erg deskundig, maar het contact voelt soms te kort en oppervlakkig.;We zouden meer aangepaste studeerplekken in de buitenruimtes willen, bijvoorbeeld.
540;1;2026/27;Venlo;HBO-ICT;Part-time;Fourth-year;Ik voel me constant overbelast met [NAME] huiswerk die we moeten inleveren. (I feel constantly overwhelmed with the amount of homework we have to hand in.);I suggest focusing on tools commonly used by firms in this sector, making us job-ready.;I find it difficult because the instructors offer conflicting information regarding policy.;Ik merk dat ik sneller help met meer gestructureerde en frequente begeleiding.;Het is lastig om te weten welke bronnen de primaire focus van de examenopdracht moeten zijn.;Ik zou graag meer feedback willen ontvangen over mijn opdrachten, niet alleen een cijferje.;Can we get a central repository for fully accessible, captioned learning materials?
541;1;2026/27;Eindhoven;Software Engineering;Full-time;First-year;Ik ben erg onder de indruk van hoe de docenten de theorie direct toepasbaar maken in de praktijk.;Integrating live industry problems into our coursework would make it much more relevant.;Could the school please address the high turnover among faculty? It makes keeping momentum almost impossible.;It was really reassuring to have expert advice on thesis options and academic hurdles.;Perhaps providing more detailed and constructive feedback, rather than just a grade, would be beneficial for growth.;Extra sessies over het vinden van betaalbare huisvesting zouden erg nuttig zijn.;My lecturers showed remarkable empathy, making sure my focus remained on learning, not stress.
542;1;2026/27;Tilburg;Cyber Security;Full-time;Second-year;Honestly, the delayed feedback from [NAME] makes it impossible to adjust for the next assignment.;Het zou echt nuttig zijn om vroeg in het studieprogramma al in contact te komen met potentiële werkgevers.;Kunnen we meer case studies zien die direct relevant zijn voor de hedendaagse industrie?;Het netwerkevenement gisteren was fantastisch, ik heb veel waardevolle contacten gelegd.;Please communicate clearer expectations regarding the expected turnaround time for all assessments.;Nog meer proactieve check-ins zouden mijn betrokkenheid echt kunnen verhogen, echt.;More flexible participation requirements would allow for greater study integration with caregiving duties.
543;1;2026/27;Den Bosh;Artificial Intelligence;Full-time;Third-year;De communicatie van docenten is soms heel traag, wat het leerproces flink belemmert.;Misschien kunnen we ook meer speakers uit de lokale MKB-sector uitnodigen?;Meer systemen nodig om de mentorresponstijd te verkorten, want het is nu te traag.;Het nuttig om te zien hoe ik mijn academische kennis kan toepassen in de echte arbeidsmarkt.;More targeted suggestions on specific concepts would be really helpful for studying.;I really hope staff members can be more responsive when answering student queries outside of class time.;Could the elevators in the main building be updated to better accommodate mobility aids?
544;2;2026/27;Venlo;ICT & Business;Full-time;Fourth-year;Kunt u de docenten aanmoedigen om meer flexibele en toegankelijke spreekuuropties aan te bieden?;Ik vind het idee van een regelmatige paneldiscussie met verschillende professionals erg waardevol.;Honestly, the constant change in mentors makes it really hard to build any lasting connection.;The networking opportunities with peers helped me feel less isolated while adjusting to university life.;We need better resources for managing the intense pressure that comes with final examinations.;Kunnen we meer weten over wanneer docenten casual beschikbaar zijn voor een snelle chat?;Het is belangrijk dat er altijd een alternatief is als de lift defect is voor belangrijke afspraken.
545;1;2026/27;Eindhoven;HBO-ICT;Full-time;First-year;Het zou heel fijn zijn met extra sessies om alle stof echt goed te kunnen doorgronden.;Het huidige aanbod is goed, maar meer praktijkvoorbeelden en mock-interviews zouden het nog beter maken.;Het boekingssysteem is te frustrerend, ik kon altijd geen geschikte tijd vinden.;I really appreciate the counseling services available on campus right now.;"Graag meer directe en specifieke feedback; alleen een cijfer zegt eigenlijk niets over onze prestaties.";Het is echt frustrerend dat de schemawijzigingen altijd pas vlak voor de les worden gecommuniceerd.;More practical advice and time off options for students with significant care responsibilities.
546;1;2026/27;Tilburg;Software Engineering;Full-time;Second-year;Het zou waardevol zijn om de impact van kolonialisme op verschillende etnische groepen dieper te bestuderen.;Het zou helpen om eens te zien hoe een bedrijf echt functioneert door een sitebezoek. Dat is echt leerzaam.;I wish there was a warning system when specific time slots are highly contested.;Wat betreft emotionele ondersteuning, voelt het soms wat ad hoc en niet structureel.;Could the institution consider incorporating more low-stakes, practical assessments to reduce overall exam anxiety?;Could the staff incorporate more real-time polling or quick polls to keep everyone attentive and involved?;They could improve by having counselors with specific training in anxiety and learning differences.
547;2;2026/27;Den Bosh;Cyber Security;Full-time;Third-year;Smith's grading process feels stalled, [NAME], to please?;Het zou nuttig zijn om sessies te organiseren met mensen uit niet-academische, maar gerelateerde vakgebieden.;Waarom is het zo lang om een simpel mailtje te ontvangen? Het is erg frustrerend.;Could the mentorship staff implement a more proactive check-in system instead of waiting for us to reach out?;Het zou echt helpen als de feedback directer en sneller beschikbaar zou zijn na het examen.;Het is cruciaal dat we snelle en duidelijke feedback krijgen op onze ingeleverde werkstukken.;De ondersteuning was uitstekend, en ze reageerden altijd met empathie en begrip.
548;1;2026/27;Venlo;Artificial Intelligence;Full-time;Fourth-year;Smith's tardiness with grades is making us panic, we need timely updates, please.;Seeing how businesses actually run through organized visits is invaluable for career planning.;De snelle wisseling van mentoren haalt echt de focus uit de hele cursus.;I really appreciated the opportunities to connect with people who understand my academic struggles.;Een mix is perfect, maar de dichtheid van de examens in november is echt te hoog.;I think expanding the reach to rural areas and online learners would significantly improve engagement.;More designated quiet study areas with proper seating arrangements are much needed.
549;1;2026/27;Eindhoven;ICT & Business;Part-time;First-year;Soms voelt het alsof de docent te abstract blijft en minder verbindt met de praktijk.;Could you organize industry-specific meet-ups to help us explore career paths?;De instructie mist die diepte die je krijgt als je echt met één persoon kunt sparren.;Het zou fijn zijn als er meer flexibele uren beschikbaar waren voor de sessies.;Ik heb behoefte aan feedback die mijn kritisch denkvermogen verder aanscherpt en uitdaagt.;Meer peer-to-peer sessies zouden een leuke manier zijn om toch nog meer contact te krijgen.;Het zou een enorme verbetering zijn als alle faciliteiten op de eerste verdieping direct bereikbaar zijn.
550;2;2026/27;Tilburg;HBO-ICT;Full-time;Second-year;Het is lastig om de video's te volgen omdat de apparatuur vaak hapert.;Ik hoop dat we meer uitdagingen krijgen die herleiden zijn aan actuele industrieproblemen.;Ik waardeer de initiatief, maar de mentoren moeten misschien meer op het gebied van toelichting leren.;Could the institution implement a dedicated scheduling tool to improve accessibility?;Meer workshops over stressmanagement en copingmechanismen zouden heel waardevol zijn voor iedereen.;It would be really useful to get more one-on-one feedback sessions with the subject matter experts.;De liften tussen de verschillende gebouwen werken soms niet, wat een groot probleem is.
551;1;2026/27;Den Bosh;Software Engineering;Full-time;Third-year;I wish the teachers had more accessible office hours, they are almost impossible to schedule.;I wish the program included more modules on data visualization tools, as that skill is highly sought after in the job market.;Ik heb meer behoefte aan snelle ondersteuning, de wachttijd is gewoon te groot.;I feel much more confident about my career path after speaking with my mentor.;The academic staff are very accommodating, but the physical testing environment needs better accessibility ramps.;The process for academic advising feels separate from the administrative help, which is confusing.;"Their guidance felt too general; I need tailored advice for my particular learning differences."
552;2;2026/27;Venlo;Cyber Security;Full-time;Fourth-year;Kunnen we vragen om een betere grading planning? [NAME] is te langzaam.;Het zou goed zijn met een grotere database van mogelijke stage-instellingen. (Dutch);De docenten lijken minder bereikbaar voor de online studenten dan voor degenen die dagelijks aanwezig zijn.;Ik zou graag zien dat de mentor meer consistent contact opneemt, niet alleen wanneer we het moeten vragen.;De beoordelingscriteria waren duidelijk en eerlijk, ik voelde me goed over de transparantie.;Could we have more inter-departmental mixers to help students meet people outside their main majors?;De counselors waren erg begripvol, maar meer praktische tips zouden nuttig zijn.
553;1;2026/27;Eindhoven;Artificial Intelligence;Full-time;First-year;I'm unsure if my effort aligns with the passing grade because the criteria were ambiguous.;Het zou fantastisch zijn om meer guest speakers van de industrie te krijgen, om inzicht te krijgen in de praktijk.;Het is frustrerend dat de mentors soms tegenstrijdige informatie geven over de cursus.;I think more frequent check-ins, maybe bi-weekly, would be really helpful for my progress.;We need better guidelines on how to handle unexpected technical failures without penalty.;More chances for informal group discussion, maybe through a dedicated Discord channel, would be great.;Meer workshops over het opbouwen van veerkracht zouden echt een verschil kunnen maken.
554;2;2026/27;Tilburg;ICT & Business;Full-time;Second-year;Could the institution consider adding extra makeup classes? The current schedule feels quite rushed.;Could we please have more focused job panels specifically for technology roles?;Het zou geweldig zijn als de docenten meer industriegebieden konden delen met ons.;It would really help if they provided materials that acknowledge my heritage and background.;Ik vrees dat de weging van verschillende onderdelen van het examen te wisselvallig was.;Misschien zouden er vaste, laagdrempelige ‘walk-in’ sessies op verschillende dagen kunnen komen.;Ik hoop dat er meer multidisciplinaire teams komen kijken naar de studentenproblematiek.
555;2;2026/27;Den Bosh;HBO-ICT;Full-time;Third-year;Could the program incorporate more discussions about neurodiversity and different learning styles?;De carrièrecentrale zou meer industrie-specifieke bureaus en bedrijven moeten integreren voor praktijkervaring.;Het is heel prettig dat de docenten altijd een luisterend oor en advies hebben.;Ik voelde me gesteund en gewaardeerd door de persoonlijke aandacht en complimenten van iedereen.;Ik denk dat de beoordeling transparant is, maar ik zou graag meer gestructureerde discussies over moeilijke casussen zien.;Why is the contact regarding minor changes sometimes given last minute?;Het zou fijn zijn als de gesprekken minder theoretisch en meer op schoolgerelateerde oplossingen gefocust waren.
556;1;2026/27;Venlo;Software Engineering;Full-time;Fourth-year;Is er een reden waarom [NAME] zo langzaam is met het geven van de beoordelingen? Het is te veel.;Could we get industry experts to speak about their career paths and needs? (English);It feels like the teaching is a massive lecture rather than personal academic support.;More dedicated drop-in sessions would significantly improve my access to guidance.;Ik stel voor om de beoordeling meer te spreiden over het hele semester, niet alleen in exams.;Het zou geweldig zijn als er meer studentgeorganiseerde workshops zouden komen over CV-schrijven.;Zouden de online video's ook een transcript hebben, naast de ondertiteling? Zoekbaarheid.
557;1;2026/27;Eindhoven;Cyber Security;Full-time;First-year;Het is lastig om snel antwoord te krijgen op vragen, de docenten zijn vaak onbereikbaar.;Het zou een grotere focus kunnen hebben op 'shadowing' dagen bij lokale bedrijven om ervaring op te doen.;I feel like the teaching style lacks flexibility and is too rigid for diverse learning needs.;De gemeenschappelijke ervaringen met peers hebben mij echt geholpen om mij op de campus te voelen.;Ik waardeer meer diepgaand commentaar op de onderliggende concepten, niet alleen de feiten.;"I feel genuinely seen and supported by my mentor; the guidance has been invaluable.";I wish there was clearer information regarding alternative study locations during inclement weather.
558;1;2026/27;Tilburg;Artificial Intelligence;Part-time;Second-year;We need clearer guidelines, the constant stream of unclear updates makes learning difficult.;Zou het mogelijk zijn om een centrale database met potentiële stagegevers op te zetten?;It would really help if the professors could focus more on individual student needs.;Het is lastig om een consistent ritme te houden door de onvoorspelbare afspraken.;The exam paper needs clearer examples for those complex conceptual questions.;Het zou een enorme hulp zijn als de docenten een duidelijkere reactie-op-dag-tijdlijn hadden.;Zou de bibliotheek meer uren open kunnen zijn tijdens grote toernooien, alstublieft?
559;2;2026/27;Den Bosh;ICT & Business;Full-time;Third-year;We hebben meer tijd nodig om al deze projecten en leesmaterialen goed te verwerken.;Het zou helpen als de carrièreadviseurs meer op de hoogte waren van de nieuwste trends in AI en tech.;De mentoren zijn erg behulpzaam met moeilijke onderwerpen, het versterkt echt mijn begrip.;Understanding the 'why' behind the grading system would clear up a lot of confusion for us.;Developing a practical component, like a prototype, would greatly enhance the learning experience.;I feel like I'm getting the minimum required guidance, nothing more enriching.;We need clearer instructions on how to troubleshoot accessibility issues with the online learning portal.
560;1;2026/27;Venlo;HBO-ICT;Full-time;Fourth-year;De hoeveelheid leeswerk en projecten zorgt voor een onrealistische werkdruk.;Having a structured platform to meet industry leaders outside of formal job fairs would be invaluable for us.;Het is frustrerend dat persoonlijke aandacht bijna onmogelijk is in zulke grote formaten.;Het is frustrerend dat ik me vaak moet melden omdat mijn vragen over studieadvies niet snel beantwoord worden.;De examenvragen waren uitstekend, maar er miste meer transparantie in hoe de punten verdeeld werden.;It would be excellent to have access to mentors outside of class hours for deeper discussion.;More flexible deadlines for major projects would greatly benefit those with intense commitments.
561;2;2026/27;Eindhoven;Software Engineering;Full-time;First-year;More structured, dedicated class time would make a significant positive difference to our learning.;I really think more mandatory company visits would bridge the gap between theory and the actual job market.;Ik ervaar vaak inconsistentie in de begeleiding, het wisselt sterk van week tot week.;Ik ben erg blij met de ondersteuning en de complimenteuze woorden, ik voel me nu echt gesteund.;Het zou geweldig zijn om de tentamens te vervangen door een uitgebreide mondeling examen.;Ik zou meer willen weten over de gemiddelde reactietijd op e-mails van de docenten.;The platform needs better functionality for users who rely on specialized reading software.
562;1;2026/27;Tilburg;Cyber Security;Full-time;Second-year;It felt rushed, we need more actual instructional time to cover everything properly.;The focus on theory sometimes makes us feel unprepared for the fast-paced demands of the job market.;Ik zou meer individuele begeleiding willen krijgen dan de huidige grote sessies bieden.;Meer aandacht voor anti-racisme en culturele competentie van het personeel is welkom.;We appreciate the coursework, maar te veel zware examens op korte tijd is echt vermoeiend.;Could there be more casual study rooms where students can just hang out and talk?;Ik zou graag meer opties voor gepersonaliseerde studiematerialen willen zien.
563;1;2026/27;Den Bosh;Artificial Intelligence;Full-time;Third-year;Het zou echt helpen als de docenten wat meer tijd zouden reserveren voor praktijkvoorbeelden.;Ik zou graag meer projecten willen die gebaseerd zijn op actuele bedrijfsdata uit het echte leven.;Misschien meer practica met bedrijven zodat we écht industrie-ervaring kunnen opdoen.;De sessie over het schrijven van een sterke motivatiebrief was zeer waardevol.;Het gebrek aan goede studiemateriaal tijdens examens verhoogt de stress enorm.;Zou het mogelijk zijn om een forum te creëren waar we direct en anoniem vragen kunnen stellen aan de docenten?;Adding more resources for coping strategies for general stress levels would greatly assist.
564;1;2026/27;Venlo;ICT & Business;Full-time;Fourth-year;Het zou fantastisch zijn als we eens meer bestudeerden over minderheidsgroepen en hun ervaringen.;Het zou fijn zijn als de docenten meer input van recente industry professionals zouden krijgen, voor een frisser perspectief.;It makes such a difference when the instructors reach out with tips, not just waiting for us.;More resources on portfolio building and industry best practices would be amazing.;Kortom, de formulering van sommige examenvragen miste aan precisie en duidelijkheid, wat frustrerend was.;It's confusing whether to call the registrar or the student services desk for course changes.;"It felt like the staff understood my challenges; they were genuinely supportive and accommodating."
565;1;2026/27;Eindhoven;HBO-ICT;Full-time;First-year;I am consistently frustrated by [NAME]'s extremely slow feedback turnaround, it causes unnecessary stress.;Graag zouden we meer diepgaande analyses van echte zakelijke dilemma's kunnen maken.;Honestly, the lack of in-person interaction makes us feel pretty isolated.;Het zou nuttig zijn als er back-up mentoren waren als de primaire mentor niet beschikbaar is.;Het zou fijn zijn als de examens wat minder stressvol zouden zijn, misschien met meer flexibele toetsvormen.;Het is prima, maar iets meer nadruk op het creëren van een echte studiegenoot-sfeer zou helpen.;Ik denk dat variëteit in lesformaten, zoals meer praktijk, nuttig zou zijn.
566;1;2026/27;Tilburg;Software Engineering;Full-time;Second-year;De tools die we krijgen zijn vaak onbetrouwbaar, wat onze leerervaring negatief beïnvloedt.;Meer modules over het geven van effectieve feedback aan collega's zou ik graag zien.;Ik hoop op meer variatie in de lesaanpak, het wordt te voorspelbaar en saai.;The counseling services are generally good, yet I wish there were more drop-in sessions available.;Could the institution please expedite the process for marking and returning final assignments?;Ik merk dat we minder directe contacturen hebben, waardoor de stof wat moeilijk te volgen is.;Could the institution consider improving the tactile paving along the walkways for visually impaired students?
567;1;2026/27;Den Bosh;Cyber Security;Part-time;Third-year;More accessible consultation times are needed so students don't feel lost.;Het zou helpen om een mentorprogramma te starten met professionals in het vakgebied.;The delay in mentor replies is genuinely disruptive, we need quicker turnaround on crucial topics.;Het zou nuttig zijn om minder afhankelijk te zijn van één persoon voor al onze vragen.;I feel that the assessment didn't accurately reflect the material covered in the lectures.;More quick office hours would really help us clarify confusing concepts before exams.;The listening ear is great, maar meer concrete plannen voor de toekomst zouden echt een verschil maken.
568;2;2026/27;Venlo;Artificial Intelligence;Full-time;Fourth-year;Ik hoop dat er meer lesuren komen, want de huidige hoeveelheid is onvoldoende.;Meer aandacht voor de waarde van certificaten in de industrie zou echt helpen.;Ik merk dat de feedbacksessies meer een massa-uitzending zijn dan persoonlijk advies.;Het zou nuttig zijn om duidelijkheid te krijgen over welke criteria we moeten gebruiken voor de beoordeling.;Meer communicatie over wat te doen bij een systeemuitval zou helpen enorm.;"Het persoonlijke advies van mijn mentor was echt waardevol; ik voelde me hierdoor echt gezien.";Sommige interactieve modules zijn te complex en werken slecht op diverse browsers.
569;1;2026/27;Eindhoven;ICT & Business;Full-time;First-year;Het is onacceptabel dat belangrijke slides vaak te laat worden gedeeld na de colleges.;Het zou geweldig zijn als we meer gerichte sessies over industriecontacten zouden houden.;Ik hoop dat er een centraal online kennisplatform komt dat makkelijker te gebruiken is.;De communicatie over veranderingen in het studieplan was te traag en vaag.;Ik heb behoefte aan concrete tips, niet alleen een cijfer, om te weten wat ik volgende keer beter kan doen.;Ik heb behoefte aan één overzichtelijke plek die alle relevante contactpersonen bij elkaar zet.;Ik waardeer de empathie, maar de praktische oplossingen die geboden worden, zijn te vaag.
570;2;2026/27;Tilburg;HBO-ICT;Full-time;Second-year;I feel like the assignment load is unreasonable and makes effective time management nearly impossible.;Could you integrate more opportunities for AWS or Google certifications into the degree plan?;Zij nemen het initiatief om ons te helpen bij mogelijke struikelblokken, wat zeer professioneel is.;We really need clearer guidelines on how much effort is expected outside of class time.;"The quality of feedback needs improvement; it often feels like simply pointing out errors.";I wish there was a clearer schedule of when faculty are actually available.;Het was lastig om te navigeren tussen de verschillende beleidsdocumenten over afwijkende data.
571;2;2026/27;Den Bosh;Software Engineering;Full-time;Third-year;Het onderwerp zelf is interessant, maar de manier van presenteren mist soms structuur.;Meer workshops over portfoliobouw en sollicitatietechnieken zouden enorm waardevol zijn voor ons.;Please consider assigning fewer mentors, this turnover rate is simply unmanageable for students.;Could you please expand the hours for the counseling services? It's often too limited.;I think more weight should be placed on the practical application of seminar material.;"The career services really need to revamp their advising sessions; they are too vague and unhelpful.";Could the institution host more workshops explaining various aid packages?
572;2;2026/27;Venlo;Cyber Security;Full-time;Fourth-year;Het feedbackmechanisme mist structuur, we weten niet welke punten cruciaal zijn voor een goede score.;Would it be possible to arrange a mix of smaller, specialized talks from different fields?;The constant delays in replies make it difficult to plan my academic work effectively.;Zou het mogelijk zijn om de afspraken vaker te plannen, bijvoorbeeld elke drie weken?;Kortom, het is een goede basis, maar de subjectiviteit in de beoordeling moet verminderd worden.;I think incorporating more practical, real-world case studies would significantly boost engagement.;Zou het mogelijk zijn om meer flexibele examenformaten te overwegen, zoals online opties?
573;1;2026/27;Eindhoven;Artificial Intelligence;Full-time;First-year;Het is ontzettend frustrerend om te wachten op Smith's feedback, we hebben die resultaten sneller nodig.;Ik zou willen dat we meer industriegebruikte software als Adobe Suite op het curriculum zouden integreren.;Kunnen we een meer consistente bron vinden, want de docenten zijn vaak tegenstrijdig?;De docenten waren erg bereikbaar en hielden me goed op de hoogte van de veranderingen.;Het zou helpen als de vragen in de praktijk meer context en richtlijnen bevatten.;Het zou super zijn als de docenten ons meer feedback konden geven op onze conceptversies, zelfs kort.;Could you implement a centralized system for tracking and approving all special circumstances requests?
574;1;2026/27;Tilburg;ICT & Business;Full-time;Second-year;Ik heb moeite met de onduidelijke uitleg, het zou duidelijker moeten van de docenten.;Meer focus op ethische overwegingen binnen onze vakgebied zou onze professionele integriteit versterken.;Honestly, managing the slots is a nightmare because the system seems to crash during peak hours.;The current process makes it feel like mentorship is a luxury, not a resource.;The scope of Question 3 felt too broad, making it hard to focus my efforts effectively.;Could we incorporate more interactive project work that requires direct teacher feedback throughout the process?;Het is goed dat ze luisteren, maar ik wil meer strategieën voor examenstress horen.
575;1;2026/27;Den Bosh;HBO-ICT;Full-time;Third-year;Het zou helpen als de docenten meer open discussies mochten voeren over actuele sociale ongelijkheid.;Zou een case study van een echte Nederlandse onderneming beter zijn?;Ik wou dat we meer sessies hadden waar we onze specifieke worstelingen echt kunnen bespreken.;Het netwerk evenement hielp me om inzichten te krijgen in de professionele wereld.;I feel the pass/fail grading sometimes lacks nuance regarding student improvement.;A dedicated contact page differentiating urgent tech issues from general queries would be excellent.;"Please improve the gradual ramps; the current inclines are often too steep for wheelchairs."
576;1;2026/27;Venlo;Software Engineering;Part-time;Fourth-year;De diepgang van de stof en de link met de praktijk was echt indrukwekkend, dankzij de docenten.;Een betere samenwerking met lokale bedrijven zou de stagekansen vergroten. (Dutch);Ik had meer behoefte aan verdere begeleiding buiten de collegeuren, echt intensiever.;Ze namen de tijd om mijn zorgen te beluisteren en een realistisch plan op te stellen.;Ik vond dat sommige examenvragen losstaten van wat we daadwerkelijk op de seminaries besproken hebben.;"I appreciate the clear weekly updates; it really helps me stay organized with my assignments.";Een duidelijker pad naar professionele hulp, zonder lange wachtlijsten, zou erg welkom zijn.
577;2;2026/27;Eindhoven;Cyber Security;Full-time;First-year;Het is lastig om snel antwoord te krijgen op e-mails, waardoor ik vaak in de war ben.;Organizing more focused industry talks would help us understand potential career paths better.;Ik zou meer individuele begeleiding waarderen die gericht is op mijn specifieke zwakke punten.;Could the mentoring staff respond to urgent academic queries more quickly, please?;De assessments lijken soms te testen concepten die nauwelijks aandacht kregen tijdens de colleges.;Het zou fijn zijn als er een duidelijker protocol was voor spoedvragen van studenten.;Could the institution offer more adaptive pacing for students who need extra time?
578;1;2026/27;Tilburg;Artificial Intelligence;Full-time;Second-year;Could we please get some supplementary sessions to cover the remaining topics?;We need more hands-on exposure through company trips to truly prepare for professional life.;Ik waardeer de proactieve communicatie enorm, het maakt het leren echt makkelijker.;Could the professors dedicate time to clarifying the overall assessment expectations?;It would help if the grading criteria were more transparent and detailed.;I really wish there were more informal check-ins with the tutors outside of class hours.;Kunnen we een checklist krijgen voor docenten over toegankelijke online content, alstublieft?
579;1;2026/27;Den Bosh;ICT & Business;Full-time;Third-year;De lessen zijn prima, maar de docenten lijken weinig beschikbaar voor vragen buiten college.;More dedicated workshops on interview skills and professional networking would be extremely valuable.;De docenten moeten meer ruimte creëren voor persoonlijke interactie in plaats van alleen brede uitleg.;Ik voel me hier echt gewaardeerd, maar meer focus op diverse feestdagen zou fijn zijn.;Could the department provide more transparency on how marks are ultimately calculated for the final grade?;Ik zou graag meer mogelijkheden zien om de docenten buiten de collegeuren te benaderen.;De geboden hulp was zeer waardevol, maar de sessies voelen soms te algemeen en niet specifiek genoeg.
580;1;2026/27;Venlo;HBO-ICT;Full-time;Fourth-year;Ik voelde dat de contacturen echt te weinig waren om alle complexe onderwerpen goed te kunnen behandelen.;Het zou de leerervaring enorm verbeteren als we echte professionele uitdagingen op tafel leggen.;Ik waardeer de mentoren die hun real-world ervaring en carrièrepaden delen met ons.;It would be really helpful to know the specific criteria used when grading performance.;Het is fijn om duidelijker voorbeeldvragen te zien voor de examens, zodat we beter voorbereid zijn.;We zouden meer feedback moeten kunnen geven over de beschikbaarheid van begeleiders naast de lesuren.;The institutional support feels good, yet integration with demanding performance schedules remains challenging.
581;2;2026/27;Eindhoven;Software Engineering;Full-time;First-year;Het rooster lijkt niet voldoende om alle onderwerpen echt goed te kunnen behandelen.;I think the career counseling needs to update its focus to match current tech industry demands.;Ik vond het verwarrend dat de lesstof soms tegen de campusregels inging.;I think a dedicated support coordinator could help streamline mentor access and scheduling.;Het zou fijn zijn als er een betere back-up plan is voor stroomuitval.;Het contactmomenten zijn goed, maar de coaches zouden meer focus moeten leggen op studiemethoden voor examens.;Ik zou graag meer duidelijke richtlijnen willen over het gebruik van schermlezers op de portal.
582;2;2026/27;Tilburg;Cyber Security;Full-time;Second-year;Meer tijd in de les zou enorm helpen, we hebben meer interactie nodig dan nu.;More guest lectures from experienced industry professionals would really enrich our learning experience.;Students need quicker access to advice, the delays are causing unnecessary stress.;Meer georganiseerde bijeenkomsten met alumni en studenten zou fantastisch zijn voor begeleiding.;De terminologie in sommige vragen was onduidelijk en vereiste te veel aannames.;Het is frustrerend wanneer belangrijke veranderingen plotseling per e-mail verdwijnen zonder duidelijke uitleg.;Het zou fijn zijn als er meer begeleiding was bij het opstellen van een maatwerk studieplan.
583;1;2026/27;Den Bosh;Artificial Intelligence;Full-time;Third-year;Kunnen de docenten meer proactief communiceren over de veranderingen in het curriculum?;Het zou enorm helpen als er een verplichte cursus over business development en zakelijk inzicht zou zijn.;I wish the institution would stabilize the teaching staff for better continuity and support.;The mentors consistently offered actionable advice that improved my understanding of academic pathways.;Ik voel mij vaak overweldigd door de constante druk van examens, wat mijn slaap beïnvloedt.;Ik zou meer proactieve communicatie op het beginsemester willen over de planning.;I felt respected when I could openly discuss my personal struggles with my course leaders.
584;2;2026/27;Venlo;ICT & Business;Full-time;Fourth-year;We need clearer guidelines, because the way the material is communicated is quite confusing.;We zouden meer workshops over AI en de toekomst van het werk moeten krijgen.;De website is traag en de boekingsfuncties laten mij keer op keer hangen.;The emotional support seems available, but access points need to be easier for busy students.;Het is goed dat er een systeem is, maar de inconsistentie in de grading zorgt voor onzekerheid.;Het zou fijn zijn als er meer outreach was naar de faculteiten die moeilijk bereikbaar zijn.;Meer transparantie over de aanvraagprocedures voor speciale subsidies zou enorm helpen.
585;1;2026/27;Eindhoven;HBO-ICT;Part-time;First-year;Ik was teleurgesteld dat de lessen zo kort waren, ik had meer interactie verwacht.;More structured workshops on effective professional correspondence and LinkedIn usage would be beneficial.;Their willingness to check in before we ask anything makes a huge difference.;Het was fijn om te horen van oudere studenten over hun ervaringen.;Could the scope of the required reading material be explicitly stated to avoid ambiguity?;"I feel the breakout rooms are a bit underutilized; maybe more structured group activities would boost engagement.";Ik stel voor om een toegankelijkheidstest voor de hele online leerplatform te laten uitvoeren.
586;1;2026/27;Tilburg;Software Engineering;Full-time;Second-year;De begeleiding bij projecten is fantastisch en heeft mij enorm geholpen bij mijn vaardigheden.;Het zou helpen als we vaker kleinschalige workshops kregen over specifieke carrières en industrieën.;Ik vond de begeleiding nuttig, maar de mentoren waren soms te onzeker met de stof.;Soms voel ik me genegeerd als ik probeer feedback over studiematerialen te geven.;Could the feedback elaborate more on the theories I misunderstood, rather than just stating the error?;More structured peer discussions would really boost both engagement and understanding.;De ondersteuning met het medisch personeel na blessures is uitstekend en zeer professioneel.
587;1;2026/27;Den Bosh;Cyber Security;Full-time;Third-year;Ik ben erg gefrustreerd door de trage beoordelingssnelheid van [NAME], het belemmert mij.;More workshops focused on tailoring resumes specifically for professional internships would be beneficial.;Booking slots feel impossible, especially when everyone is trying to schedule at once.;Ik zou graag een workshop over academische vaardigheden ontvangen, naast de goede begeleiding.;Het was onduidelijk wat de exacte scope was van de analyse die we moesten uitvoeren.;More structured Q&A sessions would definitely help solidify the concepts we are learning.;I wish there was a single, straightforward point of contact for all special circumstance inquiries.
588;1;2026/27;Venlo;Artificial Intelligence;Full-time;Fourth-year;Could the department ensure all required materials are uploaded by the scheduled date?;Seeing actual company operations would be incredibly valuable for my future career path.;Deze docenten geven echt een blik op de industrie, ik voel me beter voorbereid.;Meer focus op het erkennen van soft skills, naast alleen de academische resultaten.;De ambiguïteit in de casestudies leidde tot veel onnodige discussie tijdens het examen.;I really wish the teaching staff were more accessible when we have urgent academic questions.;Het zou fijn zijn als we duidelijker weten hoe ver de flexibiliteit echt reikt qua examendata.
589;1;2026/27;Eindhoven;ICT & Business;Full-time;First-year;What exactly makes a difference between a B and an A? The grading scale needs clarity.;Offering paid exam vouchers for certifications would be a huge boost for our professional development.;Ik vind het geweldig dat ze proactief feedback geven over ons leerproces.;Meer specifieke feedback over mijn zwakke punten, in plaats van alleen een cijfer.;I really need actionable advice, not just a passing grade, to truly understand my weaknesses.;We zouden meer proactieve meldingen willen over potentiële vertragingen of wijzigingen.;Could mandatory extensions be automatic if a student meets certain criteria?
590;2;2026/27;Tilburg;HBO-ICT;Full-time;Second-year;Their dedication to providing up-to-date industry insights makes the learning incredibly valuable.;Could the curriculum integrate professional-grade design tools commonly employed by firms today?;The booking system is always overloaded, making it almost impossible to schedule required sessions.;I wish I knew what 'improvement' actually means in the grading rubric.;Ik zou graag willen zien hoe de eindbeoordeling van verschillende taken wordt gewogen.;It would be great to have more consistent communication channels for student support.;Kunt u meer informatie geven over aangepaste tempo-opties voor het studeren?
591;1;2026/27;Den Bosh;Software Engineering;Full-time;Third-year;We need to see how intersectionality is addressed in the readings, rather than just single dimensions.;More opportunities to hear from people who are actually working in the field would be amazing.;We really need better support for assigned faculty members, they jump around too much.;Could the institution improve the scheduling process so we can meet more easily?;Assessment weighting between theory and practical components needs to be communicated better.;Soms voelt het alsof vragen blijven liggen zonder een reactie van de docent.;I wish there was a dedicated point of contact rather than relying on multiple departmental emails.
592;1;2026/27;Venlo;Cyber Security;Full-time;Fourth-year;Het is moeilijk om een hoog cijfer te halen als de beoordelingscriteria zo vaag blijven.;Ik wil graag meer feedback over mijn CV ontvangen van professionals buiten de faculteit.;Ik zou graag meer begeleiding krijgen bij het vinden van een passende baan na afstuderen.;I really need a dedicated point of contact who can respond quickly to immediate academic worries.;Het zou helpen als er meer mogelijkheden waren om groepsopdrachten te gebruiken in plaats van enkel geschriftelijke toetsen.;Zou de instelling meer online opties kunnen bieden voor studenten die fysiek beperkt zijn?;Kortom, de counselors zijn aardig, maar de communicatie over mijn toekomst mist nog structuur.
593;1;2026/27;Eindhoven;Artificial Intelligence;Full-time;First-year;Het is moeilijk om mee te doen met de praktijkopdrachten vanwege de onbetrouwbare software.;Ik denk dat de kloof tussen academische en professionele software te groot is en dat moet verkleind worden.;Zou het mogelijk zijn om een mentor te krijgen die echt individueel met ons kan sparren?;Ik heb meer flexibiliteit nodig om mentoren te spreken buiten kantooruren.;Some questions were genuinely ambiguous, leading to confusion about the required depth of answer.;"Ik zou meer korte discussies tijdens collegeuren willen; het helpt bij het begrip.";A system that allows for pacing adjustments based on skill proficiency would be ideal.
594;1;2026/27;Tilburg;ICT & Business;Part-time;Second-year;We really need an update on [NAME]’s marking schedule because waiting is becoming unbearable.;I think more industry guest speakers would greatly enhance our understanding of real-world applications.;Teaching staff often check in, which makes the whole learning experience feel very supported and safe.;I appreciate the comprehensive advice regarding advanced coursework and academic tracks.;"Meer coursework zou helpen om het ritme te breken; nu is het te veel examen-examen-examen.";I really appreciated the one-on-one sessions, but sometimes it felt too generic and rushed.;Het zou geweldig zijn als het curriculum flexibeler kon zijn qua zowel inhoud als bestuderingstijd.
595;2;2026/27;Den Bosh;HBO-ICT;Full-time;Third-year;Het voelt alsof wij constant achter de feiten aanlopen door de trage updates.;Het zou geweldig zijn als de universiteit meer workshops over sollicitatietechnieken aanbiedt.;Het is fijn dat er altijd iemand is die bereid is om extra begeleiding te geven als je het nodig hebt.;It would be great to get feedback that points to specific areas where I need to focus my efforts.;More detailed commentary on structure and argument flow would greatly benefit future writing.;Could the department establish a clearer policy on expected email response times?;Ik zou graag meer proactieve workshops willen over academische strategieën en copingmechanismen.
596;1;2026/27;Venlo;Software Engineering;Full-time;Fourth-year;Kunnen we het beleid rondom grading van [NAME] herzien? Het is echt te traag voor ons.;More structured opportunities to interact with industry professionals would be extremely helpful.;Ik zou graag meer feedback willen geven over de gebrek aan aparte online studenten faciliteiten.;The mentoring sessions are great, but sometimes the cultural differences feel overlooked.;Het constante hoge examenstressgehalte maakt het moeilijk om goed te slapen en te concentreren.;A more structured guide detailing departmental responsibilities would greatly reduce student anxiety.;It would be beneficial to have dedicated academic advising tailored specifically for elite performers.
597;2;2026/27;Eindhoven;Cyber Security;Full-time;First-year;Het was frustrerend dat de technische tools niet goed werkten tijdens de virtuele sessies.;I think integrating genuine industry challenges would significantly enhance our professional readiness.;It would greatly help if specialized technical help was more accessible outside of standard working hours.;More actionable feedback would be greatly appreciated, instead of just general statements about improvement.;Het zou fijn zijn om meer praktijkopdrachten te krijgen in plaats van alleen examens.;A few dedicated Q&A sessions outside of lecture time would really improve our grasp of the material.;Ik waardeer de open communicatie en het empathische beleid van het gehele personeel enorm.
598;1;2026/27;Tilburg;Artificial Intelligence;Full-time;Second-year;It really feels like we aren't getting enough hands-on time with the material.;Misschien meer workshops over het opstellen van een portfolio voor creatieve vakgebieden.;Het zou prettig zijn als de ondersteuning evenwichtiger werd verdeeld tussen de fysieke en digitale leeromgeving.;I wish there were more group sessions focusing on managing exam stress.;It would really help our learning if the grades and detailed feedback were returned much sooner.;Ik zou meer variatie in de contactvormen willen, zodat het niet altijd academisch voelt.;Het is lastig om te weten waar de speciale rustruimtes zich exact bevinden, dat moet beter.
599;1;2026/27;Den Bosh;ICT & Business;Full-time;Third-year;Office hours feel sporadic, we need a more predictable system for consultation.;Could we organize a speaker series that includes both established and emerging voices in the field?;The high turnover rate among teachers really impacts the quality of the learning experience.;Het zou fijn zijn als de mentor meer flexibele spreekuuropties had voor drukke studenten.;De beoordelingscriteria waren duidelijker dan verwacht, waardoor ik het proces als eerlijk ervoer.;Contacturen zijn prima, maar meer kleine groepsprojecten zouden de interactie verhogen.;The staff are kind, but I wish the guidance was more proactive and tailored to specific academic hurdles.
600;1;2026/27;Venlo;HBO-ICT;Full-time;Fourth-year;The constant push to deliver high-quality work across so many modules is exhausting.;We need better coordination between academic coursework and actual industry job requirements.;We need more structured opportunities for one-on-one academic consultation with the instructors.;Could we have more structured workshops focused on peer mentorship skills and sharing?;"The instructions for the case study were confusing; we needed clearer guidance on what exactly to analyze.";We need clearer communication channels regarding policy changes and academic requirements.;Ik zou graag de mogelijkheid willen om mijn studiebelasting aan te passen aan mijn persoonlijke ritme.
601;2;2026/27;Eindhoven;Software Engineering;Full-time;First-year;Why is [NAME] grading so slow? It really impacts our study schedule and motivation.;Het zou super zijn als de docenten meer gebruik maakten van de professionele, actuele software.;Het materiaal lijkt niet helemaal up-to-date met de recente ontwikkelingen in het vak.;Het mentorschap heeft mij een duidelijk overzicht gegeven van mijn vakopties en focuspunten.;Kunt u meer aandacht besteden aan de helderheid van de vragen en instructies, alstublieft?;Please ensure all schedule changes are announced at least two weeks in advance through multiple channels.;Een peer-support systeem zou enorm helpen, waar studenten elkaar kunnen adviseren.
602;1;2026/27;Tilburg;Cyber Security;Full-time;Second-year;I really wish the teachers would be more available during office hours.;Would it be possible to arrange mock interviews with industry professionals? (English);Het is onmogelijk om een slot te boeken als alles al vol staat op het moment dat je kijkt.;Wat een verschil zou het maken als er meer spontane en regelmatige check-ins waren.;Het is echt zwaar om steeds te moeten presteren als er zoveel op het spel staat.;Zouden er meer opties zijn voor online, maar snelle, consultaties buiten de vaste uren?;Kan de vereniging meer helderheid bieden over de voorwaarden van beurzen?
603;2;2026/27;Den Bosh;Artificial Intelligence;Part-time;Third-year;Het zou waardevol zijn om gastsprekers te hebben die verschillende sociaal-economische achtergronden vertegenwoordigen.;Meer practica waarbij we echt moeten adviseren op basis van complexe, bestaande scenario's.;Het is echt frustrerend dat ik zo lang moet wachten op cruciale feedback.;The advice on postgraduate options was incredibly helpful for mapping out my next academic steps.;Zou het kunnen dat we een workshop hebben over het interpreteren van dit soort feedback?;Het zou geweldig zijn met een wekelijkse 'coffee hour' om informeel contact te kunnen houden.;Could the PDFs be formatted better for screen readers? They are often inaccessible.
604;1;2026/27;Venlo;ICT & Business;Full-time;Fourth-year;More practical time would really make a difference, the lectures were far too brief.;Het zou helpen als de opdrachten meer aansloten bij de praktijk.;I wasted so much time dealing with the buggy booking portal instead of studying my course material.;Het lijkt alsof de mentoren te druk zijn, wat het moeilijk maakt om echte hulp te krijgen.;"De feedback was te algemeen; het miste specifieke suggesties voor mijn volgende poging.";Het zou fantastisch zijn als er meer samenkomstpunten waren waar we gewoon even kunnen chillen.;Het zou helpen als er meer informatie was over de mentale gezondheid van specifieke studentengroepen.
605;2;2026/27;Eindhoven;HBO-ICT;Full-time;First-year;Ik vind het erg frustrerend dat [NAME] zo langzaam corrigeert, we hebben het resultaat nodig.;It would be really helpful to have guest speakers who can talk about career paths outside the typical corporate track.;I spent hours trying to book, but the platform kept glitching every time I checked.;I needed a faster response time, especially when dealing with complex financial aid questions.;Could the prompt for the final project be more precise? The boundaries felt somewhat vague.;Het is frustrerend dat ik vaak te laat op de hoogte ben van locatiewijzigingen voor colleges.;Would it be possible to structure the courses with more individualized study blocks?
606;1;2026/27;Tilburg;Software Engineering;Full-time;Second-year;Het lijkt alsof de theorie te snel wordt behandeld, meer tijd zou echt helpen bij de verdieping.;The curriculum should better prepare us for the collaborative, multidisciplinary nature of modern workplace projects.;Ik hoop dat er meer netwerkevenementen zijn met alumni die al werken in de sector.;Perhaps a system with optional, more frequent check-ins would be more supportive for everyone.;Het zou beter zijn als de beoordelingen strakker aansluiten bij de stof die we echt behandeld hebben.;It would be great to have at least one extra tutorial session per month for practical applications.;Mijn begeleiders waren erg begripvol en hielpen mij om een plan op te stellen.
607;1;2026/27;Den Bosh;Cyber Security;Full-time;Third-year;Smith's delayed grading really messes up our time management for the next semester, really annoying.;Would it be possible to host smaller, informal networking coffees with professionals?;Ik heb het gevoel dat de docenten de stof gewoon aan het doorlopen zijn zonder diepgang.;Het zou echt nuttig zijn met een routine check-in systeem om te zien of we het goed doen.;Het zou onze studieproces enorm helpen als de feedback directer en sneller kon worden verstrekt.;The course material is excellent, yet the sense of community could be strengthened through more activities.;Zou het mogelijk zijn om een meer toegankelijke, leesvriendelijke versie van de leeromgeving te implementeren?
608;2;2026/27;Venlo;Artificial Intelligence;Full-time;Fourth-year;More time in the seminar room would greatly help us grasp these complex concepts fully.;Meer interactieve carrièregerelateerde workshops en sprekers van het bedrijfsleven zouden ideaal zijn.;The mentorship often feels like a mass broadcast, rather than personalized academic support.;A dedicated support coordinator could help manage the scheduling complexities better.;De Zoom-verbinding viel tijdens de proefexamen, wat echt stressvol was en mijn prestatie beïnvloedde.;Het zou geweldig zijn als er meer opties waren voor asynchrone groepswerk buiten de hoofdles.;Het onderhoud aan de drempels bij de ingangen moet beter, want dat belemmert de toegang enorm.
609;1;2026/27;Eindhoven;ICT & Business;Full-time;First-year;Ik zou zeggen dat de cursus een onmisbare bron van diepgaande en relevante academische inzichten is.;More hands-on trips to businesses would really bridge the gap between theory and practice.;De docenten zijn echt toegankelijk en neemt het initiatief om ons te helpen.;Ik waardeer de hulp, maar ik miste een meer preventieve benadering van wellbeing, niet alleen reactief.;Ik had gewerkt met een onderwerp dat niet voldoende aandacht kreeg in de seminar sessies.;Het was goed, maar ik voelde me soms meer als een dossiernummer dan als een individu. (Dutch);Could the curriculum incorporate more practical modules on time management for busy adults?
610;2;2026/27;Tilburg;HBO-ICT;Full-time;Second-year;Alleen maar feedback over de docent: ze is erg toegankelijk en altijd bereid om vragen te beantwoorden.;We zouden meer training willen over specifieke data-analyse tools die op de markt zijn.;We zouden meer gespecialiseerde online feedback en revisiemogelijkheden waarderen.;Het was heel nuttig om te horen van alumni over hun werkelijke loopbaantrajecten.;Het zou geweldig zijn als de feedback zo snel mogelijk na de examenweek zou komen.;"It feels like getting responses takes too long; I need quicker support.";We really need more options for adjusting the curriculum flow based on performance.
611;2;2026/27;Den Bosh;Software Engineering;Full-time;Third-year;De lessen voelen te kort aan, ik verwachtte een grondigere behandeling van de stof.;Ik zou meer begeleiding willen bij het navigeren door de gig economy en freelance opties.;De expertise van de docenten die actief in de industrie zijn, is echt goud waard voor ons.;I learned so much from the informal discussions with fellow students about academic strategies.;De toetsing was eerlijk, maar de afweging tussen deeltoetsen en het examengevoel miste nog een duidelijke structuur.;I need faster responses when I'm struggling with complex material outside of class time.;I appreciate how open the teaching staff were to discussing my special circumstances openly.
612;1;2026/27;Venlo;Cyber Security;Part-time;Fourth-year;The availability of the teaching staff could be significantly improved for the sake of the students.;Kunt u overwegen om ons bloot te stellen aan data van multinationals voor een betere voorbereiding?;Het is frustrerend dat de aandacht van de docenten zo versnipperd lijkt over zo veel studenten.;I need clearer feedback distinguishing between effort and actual mastery of the subject matter.;Mijn feedback is dat de beoordelingsmatrix beter moet communiceren wat 'excellente' prestatie precies inhoudt.;"The system feels overwhelming; I need clear pathways for both practical and scholarly concerns.";Zouden jullie kunnen kijken of de video's naast ondertiteling ook een samenvattingstekst bevatten?
613;1;2026/27;Eindhoven;Artificial Intelligence;Full-time;First-year;Smith’s grading is always so slow, we really need a clearer timeline for feedback.;We need more direct exposure to industry professionals who can speak about job realities.;I feel that the teaching style is very rigid and lacks genuine interaction with the students.;Krijgen meer sessies over het opstellen van effectieve LinkedIn profielen en cv’s.;Kunnen we meer voorbeelden krijgen van hoe de vragen gesteld gaan worden?;Het zou helpen als de docenten sneller zouden reageren op e-mails buiten kantooruren.;The faculty showed great flexibility regarding my modified study schedule.
614;2;2026/27;Tilburg;ICT & Business;Full-time;Second-year;We really need more practical sessions, the current time is too little to grasp the concepts fully.;I think more hands-on preparation for interviews with corporate recruiters would be useful.;The platform needs serious work, booking classes feels like a battle against a glitchy computer.;I really need more consistent touchpoints to keep me on track with my coursework.;De vragen hadden soms dubbele betekenissen, waardoor we twijfelden over de beoordeling.;Het zou helpen als de beschikbare contacturen duidelijker zouden worden gecommuniceerd aan alle studenten.;The file formats for assignments should be universally accessible, avoiding proprietary software.
615;2;2026/27;Den Bosh;HBO-ICT;Full-time;Third-year;Zou er gekeken kunnen worden naar meer diversiteit in de case studies die we behandelen?;Het zou geweldig zijn om meer sessies met alumi-na een recente bedrijfspresentatie te organiseren.;Zeker een verbetering nodig op het gebied van tijdige communicatie en reactie op mail.;The academic support provided a solid foundation for my professional growth, thank you.;Meer gerichte feedback over mijn argumentatiekracht zou enorm waardevol zijn voor mijn studie.;Do you offer a central point of contact that can triage my questions effectively?;De docenten waren mij zeer behulpzaam en hielden rekening met mijn beperkingen.
616;2;2026/27;Venlo;Software Engineering;Full-time;Fourth-year;De online bestanden waren vaak verouderd, wat het begrip van de lesstof lastig maakte.;Het zou helpen als we meer kunnen werken met projecten die vergelijkbaar zijn met echte consultancywerk.;De opties voor netwerken met experts zijn echt waardevol voor onze toekomstige loopbaan.;Meer flexibiliteit in de afsprakenplanning van de begeleiders zou een groot pluspunt zijn.;De platformcrashing tijdens het examen zorgde voor enorme stress en maakte concentratie onmogelijk.;It would be great if we had a regular, low-stakes forum for asking general questions.;Kortom, een proactiever systeem voor tijdelijke leeruitstel zou erg gewaardeerd worden.
617;1;2026/27;Eindhoven;Cyber Security;Full-time;First-year;Smith's grading speed is really impacting my ability to progress in this course, I need better feedback.;It would be great to get hands-on experience with industry-specific coding frameworks like React.;We really need more stability, having three teachers changes the whole learning dynamic.;De academische adviezen waren echt nuttig en hebben mij geholpen mijn carrièrepad te verfijnen.;Ik had meer behoefte aan meer uitleg over hoe de punten op het essay verdeeld werden.;Het is niet altijd duidelijk wie ik moet benaderen voor problemen met mijn studieplan versus de financiële administratie.;"Ik voelde me enorm gesteund door de docenten; ze vierden mijn voortgang in plaats van alleen mijn falen."
618;1;2026/27;Tilburg;Artificial Intelligence;Full-time;Second-year;Ik hoop dat er meer structuur komt in de communicatie, want nu is het een beetje chaotisch.;Providing direct pathways to certifications would significantly boost our employability after graduation.;Over het algemeen is de mentorverandering te frequent en hindert onze progressie.;The submission guidelines were vague, so clearer expectations on formatting and length would prevent confusion.;Zou het mogelijk zijn om periodieke updates te geven over het proces van de cijferbeoordeling?;Het zou fijn zijn als er meer informele momenten waren om even bij de docenten te luisteren.;More practical workshops on time management tailored specifically for students with disabilities would help.
619;2;2026/27;Den Bosh;ICT & Business;Full-time;Third-year;Het is lastig om een direct antwoord te krijgen als je niet per ongeluk op het juiste moment bent.;It would be beneficial to integrate actual client case studies to bridge theory and practice.;Overall, the instruction felt quite impersonal, like I was attending a lecture rather than a workshop.;Het is moeilijk om een afspraak te krijgen, misschien meer reserves of een wachtlijst kunnen helpen?;Ik zou meer proactieve training willen over het gebruik van de digitale examenplatformen.;I wish there was a single, centralized platform for all schedule and syllabus changes.;Could you make the process for alternative assessment methods more standardized across departments?
620;1;2026/27;Venlo;HBO-ICT;Full-time;Fourth-year;Can someone clarify the weight of different components? The grading seems inconsistent.;Ik wil graag dat we meer werken met data die afkomstig is van echte, grote organisaties.;De mentorant was wekenlang onbereikbaar, wat mijn studieverloop enorm vertraagde.;It would be great to have a routine check-in, perhaps at least every two weeks, for support.;I think personalized critique focusing on my core misunderstandings would be much more beneficial.;I felt like I just submitted a form, not that I received genuine personalized attention.;Het zou fijn zijn als de parkeerplaatsen meer speciale, duidelijke parkeerplekken hadden.
621;2;2026/27;Eindhoven;Software Engineering;Part-time;First-year;Het voelt alsof de docenten niet echt beschikbaar zijn voor individuele studenten hulp.;More emphasis on soft skills and presentation training would greatly boost our job prospects.;Te vaak wordt er te lang gewacht, de mentors moeten meer bereikbaar zijn voor de studenten.;Het zou super zijn met meer consistentie, niet te vaak, maar wel vaak genoeg om te helpen.;Het zou fijn zijn als we meer groepsopdrachten konden gebruiken in plaats van alleen tentamens.;De verwarring over de nieuwe roosterstructuur moet sneller verduidelijkt worden aan de studenten.;We really need a clearer, more upfront understanding of how accommodations are assessed.
622;1;2026/27;Tilburg;Cyber Security;Full-time;Second-year;The grading turnaround time from [NAME] is unacceptable for our program.;Dutch: Het zou geweldig zijn als we meer industriestandaard software konden gebruiken in de praktijk.;Het zou geweldig zijn met meer guest speakers uit verschillende sectoren.;The workshop on networking was extremely helpful for my job search efforts.;The technical instability seriously detracted from the integrity of the assessment process.;It would greatly help if the contact methods for financial aid and academic advising were separate.;Zou het mogelijk zijn om een vaste contactpersoon te hebben, iemand die ons echt kent?
623;2;2026/27;Den Bosh;Artificial Intelligence;Full-time;Third-year;De contacturen zijn te beperkt voor een dergelijk complex vakgebied, echt een probleem.;Zou een gepland rooster van industrieexperts helpen, misschien per semester?;A huge thank you to the faculty for their accessibility and willingness to go the extra mile.;Het lastig om op korte termijn hulp te krijgen als de agenda's al vol zitten.;More personalized comments focusing on critical analysis skills would greatly improve my studies.;Ik hoop op meer flexibiliteit in de afspraken, want soms is het moeilijk om tijd te vinden.;Kunt u meer details geven over de maximale hoogte en de voorwaarden van deze speciale grants?
624;2;2026/27;Venlo;ICT & Business;Full-time;Fourth-year;De hoeveelheid assignments is echt te veel, ik voel me constant overbelast.;Zou het goed zijn als we meer industriestandaard software, zoals Revit, in de collegezaal konden gebruiken?;Het zou fijn zijn als er meer netwerkbijeenkomsten met professionals worden georganiseerd.;Het zou helpen als er meer frequente, onverwachte check-ins zouden zijn.;Sommige onderwerpen op het examen waren verrassend en vielen buiten het curriculum.;More personalized feedback on assignments would make a big difference to our academic development.;Het zou fijn zijn als er meer opties zijn voor gedeeltijd werkgerelateerde afspraken.
625;1;2026/27;Eindhoven;HBO-ICT;Full-time;First-year;Could we please review the pacing? The current pace is simply too intense for everyone.;Meer betaalde 'shadowing' opties zouden een fantastische manier zijn om ervaring op te doen.;More focus on real-world case studies and industry best practices would be very helpful.;Het was geweldig om te zien dat jullie onze kleine successen ook erkennen, dat voelt fantastisch.;Could there be opportunities for assessing skills through creative problem-solving tasks?;Could we get a dedicated group chat just for quick Q&A about course adjustments?;I suggest integrating basic emotional intelligence modules into existing student seminars.
626;1;2026/27;Tilburg;Software Engineering;Full-time;Second-year;Kunt u meer tijd besteden aan de herhaling van de basisconcepten, dat zou enorm helpen?;Meer praktische blikken van experts helpen om de kloof tussen studie en werk te overbruggen.;The constant changes in mentorship make it difficult to build any lasting understanding.;Could you organize dedicated peer support groups for first-year students feeling overwhelmed?;Zou het kunnen dat de examenvragen meer gestandaardiseerd en minder interpreterend zijn?;The institutional website needs better categorization of support services by problem type.;Could the counselors provide better resources regarding time management for students with disabilities?
627;2;2026/27;Den Bosh;Cyber Security;Full-time;Third-year;De manier waarop de theorie wordt gekoppeld aan de werkelijkheid was zeer inzichtelijk en nuttig.;It would be beneficial if we could work on case studies involving actual industry data.;Het voelt alsof we continu aan het begin staan met elke nieuwe docent die ons begeleidt.;Kortom, een snellere en proactievere communicatie zou de studentenervaring enorm verbeteren.;Het zou fijn zijn als meer periodieke toetsen vervangen zouden worden door meer projectmatig werk.;More diverse cultural events would greatly enhance the sense of belonging for everyone.;The lack of clear ramp access to certain research labs significantly hinders participation.
628;1;2026/27;Venlo;Artificial Intelligence;Full-time;Fourth-year;It would be great if the instructors could slow down when covering statistical modeling topics.;Zou het mogelijk zijn om een uitgebreidere database met potentiële stagegevers te creëren?;Could the department please stabilize the teaching staff? It's too erratic.;I really wish there was a dedicated online booking system so scheduling isn't so complicated.;A clear link between lecture material and exam scope would greatly improve student preparedness.;Super behulpzaam! Ze gaven praktische tips voor examenstress die ik echt kon toepassen.;Er mist echt meer verhoogde borden om de bewegwijzering van de campus duidelijker te maken.
629;2;2026/27;Eindhoven;ICT & Business;Full-time;First-year;Please reduce the required readings, the current workload severely impacts my overall well-being.;Meer kansen om directe interactie te hebben met potentiële werkgevers tijdens carrièrebeurzen zou geweldig zijn.;Could you organize more scheduled virtual office hours for personalized help?;Ik ben dankbaar voor de constante feedback, het hielp me om mijn prestaties en richting te verbeteren.;I believe there is a slight disconnect between the taught material and the final examination scope.;Kunt u toelichten hoe we betrouwbare bronnen kunnen vinden voor de meest actuele lesdetails?;Everyone at the institution was supportive and made me feel like I was part of the team.
630;2;2026/27;Tilburg;HBO-ICT;Part-time;Second-year;De gedeelde online bronnen zijn vaak verouderd en helpen nauwelijks bij de stof.;Dutch: Het zou fijn zijn als we de beste tools uit de sector in de lessen zouden integreren.;More coordination between teaching staff and department administration is really necessary.;Het was fijn om te zien dat er een laagdrempelige plek was voor studenten om te ontmoeten.;"Het is erg frustrerend hoe lang we moeten wachten op de uitslagen; communicatie hierover helpt.";Zou de outreach naar studenten met een zware werkdruk op tijdstippen kunnen worden aangepast?;The recognition of my athletic commitment is valued, but the academic flexibility needs to be expanded.
631;2;2026/27;Den Bosh;Software Engineering;Full-time;Third-year;The links to external resources are frequently broken, making research difficult.;We zouden meer aandacht kunnen gebruiken voor het koppelen aan de certificeringstrajecten die nodig zijn voor de industrie.;Het zou helpen als er meer gelegenheid was om individueel met de docenten te sparren over mijn werk.;The constant encouragement from staff really made me feel seen and genuinely valued this semester.;More tailored input would be excellent, moving beyond vague suggestions of 'needs improvement'.;Kunnen we een betere structuur hebben voor het raadplegen van docenten? De reactietijd is soms traag.;It would help if maintenance checked all ramps regularly to ensure smooth usability.
632;1;2026/27;Venlo;Cyber Security;Full-time;Fourth-year;Het is erg lastig om te plannen met deze onvoorspelbare en trage deadlines van [NAME].;Het zou erg waardevol zijn om meer praktische, hands-on sessies met professionals te doen.;Deze niveau van proactieve begeleiding is precies wat studenten nodig hebben om echt te groeien.;More guidance on transitioning from academia to industry would be incredibly helpful for us.;The online portal for accommodations could be significantly improved for better user experience.;Ik zou meer interactie en directe communicatie van docenten waarderen, vooral buiten collegeuren.;We need more designated quiet zones that are easily bookable for focused studying.
633;1;2026/27;Eindhoven;Artificial Intelligence;Full-time;First-year;Meer begeleiding in groepsverband zou echt een groot verschil maken voor de leerervaring.;Het zou onze vaardigheden versterken als we meer met professionele data-analyse tools werken, zoals Tableau.;Honestly, the turnover rate for instructors is making it difficult to feel supported in this program.;Your supportive words really helped build my confidence when I was struggling with the coursework.;It would be helpful if the instructions were broken down into smaller, more manageable steps.;Het zou goed zijn als de coaches meer flexibiliteit hadden in het plannen van afspraken.;The emotional support was excellent, but the practical academic advice felt a little vague.
634;1;2026/27;Tilburg;ICT & Business;Full-time;Second-year;Wij hebben meer structuur nodig, docenten moeten duidelijker communiceren over hun beschikbaarheid.;Zouden we meer casesbestudies gebruiken van grotere, bekende multinationals?;The booking system consistently glitches when too many students try to reserve slots.;I wish there was a more visible emphasis on emotional resilience building alongside our coursework.;Please give us guidelines on how to transition from this assessment to the next level.;"Ik mis het fysieke contact met de docenten; het online voelt erg afstandelijk.";Could the financial aid resources for special circumstances be consolidated into one easy-to-read page?
635;2;2026/27;Den Bosh;HBO-ICT;Full-time;Third-year;We really need additional sessions to cover all the material properly and adequately.;I think more guidance on translating academic skills into industry-specific outcomes is necessary.;I feel like the personalized feedback is missing, making learning less engaging.;Could the professors specify what skills we should be improving on in our next assignments?;"De feedback was te algemeen; ik had behoefte aan specifieke punten van verbetering.";Zou het mogelijk zijn om meer workshops te houden over carrièregidsing en netwerken?;Het zou nuttig zijn als de lift direct verbonden is met de hoofdentree van het gebouw.
636;1;2026/27;Venlo;Software Engineering;Full-time;Fourth-year;Ik heb meer tijd nodig om al deze projecten te voltooien zonder zo veel stress.;Het zou helpen als er meer partnerships met middelgrote, gespecialiseerde bedrijven zouden komen.;Could the teaching staff please ensure their advice aligns better with departmental guidelines?;It was helpful to have a built-in system for finding classmates who share similar interests.;De verwachtingen voor de output waren onduidelijk, waardoor we niet zeker wisten waar we mee begonnen.;A dedicated communication channel for urgent course changes would be incredibly helpful to students.;They really showed understanding regarding my family commitments and offered flexible attendance options.
637;1;2026/27;Eindhoven;Cyber Security;Full-time;First-year;Can someone please clarify the grading criteria? The communication on that front was very poor.;Het zou nuttig zijn om een jaarlijks overzicht te krijgen van veelgevraagde industrieën.;I hope they implement a system to ensure timely follow-up, because waiting weeks is tough.;De communicatie over de mentorbeschikbaarheid mist soms een beetje transparantie en consistentie.;I feel the assessments didn't fully reflect the depth of coverage provided during the seminars.;"Sometimes het voelt alsof we lange tijd moeten wachten op reacties; meer directe communicatie zou helpen.";We really need more dedicated, quiet study rooms that are physically accessible on every floor.
638;1;2026/27;Tilburg;Artificial Intelligence;Full-time;Second-year;I feel [NAME] is dragging their feet with the grades, it’s quite stressful.;Could we please see a more regular schedule of talks from professionals working in this specific sector?;A bit impersonal, really, het voelde alsof de docent de stof gewoon aan het afvinken was.;I really benefited from the resume critiques and advice on tailoring applications effectively.;Ik denk dat een portfoliogebaseerde beoordeling beter zou passen bij mijn leerstijl.;Could you perhaps consolidate the contacts for student life and curriculum requirements into one place?;I think a more flexible approach to deadlines would really help manage work-life balance.
639;1;2026/27;Den Bosh;ICT & Business;Part-time;Third-year;The accessibility of the teaching staff could really improve to better support students.;Maybe organise mock interviews with actual industry professionals, not just faculty.;Het is frustrerend dat urgente e-mails wekenlang zonder enig reactie blijven liggen.;Ik hoop dat er duidelijke protocollen komen voor het oppakken van studentengefeedback, anders blijft het stil.;Het zou helpen als de mogelijke foutengevallen of uitzonderingen in de vragen meer werden uitgewerkt.;Het is lastig te overzien wie de beste persoon is voor problemen buiten het studierichtingsgebied.;The support was there, but I wish the counselors focused more on career pathways.
640;1;2026/27;Venlo;HBO-ICT;Full-time;Fourth-year;Their real-world examples make complex topics much easier to grasp and implement.;We really need better guidance on preparing for the actual interview process for these jobs.;Het voelt fijn dat ze altijd bereikbaar zijn, zelfs buiten de collegeuren.;Their response times are often slow, making quick advice hard to obtain when needed.;Het zou geweldig zijn als de feedback zo snel mogelijk, direct na de tentamenperiode, beschikbaar zou zijn.;Zou het niet helpen als er een mentorprogramma was, waarbij oudere studenten jongeren begeleiden?;I appreciate the empathy, but the guidance felt too academic rather than practical.
641;1;2026/27;Eindhoven;Software Engineering;Full-time;First-year;The depth of knowledge and commitment shown by the faculty is highly commendable.;Het zou nuttig zijn om simulaties te doen die echt stressvolle teamomstandigheden nabootsen.;Kunt u de communicatieprocessen verbeteren? Mijn dringende vragen blijven maanden hangen.;Ze hebben mij echt goede opties gegeven voor vakken die mijn profiel versterken.;Misschien kunnen we een online portaal krijgen waar de feedback direct te zien is.;Kortom, meer feedbacksessies zouden helpen om onze voortgang en zorgen beter te bespreken.;I wish the policies for deadline adjustments were more transparent and easily accessible online.
642;2;2026/27;Tilburg;Cyber Security;Full-time;Second-year;The assignment guidelines didn't specify how much critical thinking versus mere presentation was valued.;Meer kleinere, kleinschalige netwerkevenementen zouden de interactie verbeteren.;Ik ben erg blij met de begeleiding, het voelt alsof ze altijd een stap vooruit denken.;It would be helpful if staff responded to emails concerning academic progress faster.;We need more promptness in providing both grades and constructive feedback afterwards.;Het is moeilijk om het gevoel van een hechte gemeenschap te krijgen als het contact te veel via digitale middelen verloopt.;The counselors were professional, but I think more accessible online tools would be beneficial too.
643;2;2026/27;Den Bosh;Artificial Intelligence;Full-time;Third-year;De docenten zijn heel moeilijk bereikbaar, vooral buiten de reguliere lesuren.;More personalized career advice sessions with various industry representatives would be highly useful.;Het lijkt alsof we allemaal evenveel aandacht krijgen, wat niet klopt.;Ik zou meer flexibele spreektijden van mentoren willen, zodat het makkelijker is om af te spreken.;I think dedicating more resources to mental health workshops during assessment periods is crucial.;It would be helpful to have more varied contact methods, perhaps short video calls.;Ik zou graag de mogelijkheid hebben om mijn studie aan te passen aan mijn specifieke carrièredoelen.
644;1;2026/27;Venlo;ICT & Business;Full-time;Fourth-year;Ik kreeg mijn vragen vaak pas na weken beantwoord, wat onacceptabel is.;Meer speakers uit verschillende sectoren zouden echt waardevol zijn voor onze oriëntatie.;De verwarring neemt toe omdat de begeleiding van de mentoren niet altijd overeenkomt met de studiedocumentatie.;I found the networking sessions invaluable for connecting with professionals in the field.;Assessment should prioritize application over rote memorization, please consider that.;Het zou geweldig zijn met een bi-weekly check-in, zodat we meer persoonlijk contact behouden.;Could there be dedicated quiet spaces on campus specifically for mental breaks and relaxation?
645;2;2026/27;Eindhoven;HBO-ICT;Full-time;First-year;Please look into [NAME]'s grading speed, the current wait time is severely impacting our academic progress.;Het zou helpen om de gasten te laten praten over hun salaris- en carrièrepaden.;The lack of timely feedback makes staying motivated incredibly difficult for the students.;I wish there was a clearer, more proactive system for handling student worries.;Het voelt alsof er stof wordt getoetst dat buiten het scope van onze seminars valt.;De meldingen over het examen zijn vaak te laat, een betere timing is nodig voor de studenten.;We need clearer communication and more flexible pathways when life interferes with studies.
646;1;2026/27;Tilburg;Software Engineering;Full-time;Second-year;I suggest breaking down the larger assignments to manage the stress and time commitment better.;I wish there were more sessions featuring alumni working in diverse professional roles.;Het zou helpen als de docenten meer ruimte deden voor discussies, in plaats van alleen monologen.;The mentors are great, but scheduling them feels like a constant battle every week.;Zou het mogelijk zijn om de examens minder academisch te maken en meer praktisch?;We need clearer resources and dedicated groups specifically for students with learning disabilities.;Could the institution provide clearer guidance on applying for grants specific to my circumstances?
647;2;2026/27;Den Bosh;Cyber Security;Full-time;Third-year;I wish there was a clearer breakdown of how the final grade is calculated.;Meer sessies over sollicitatiestrategieën en portfoliobouw zou fantastisch zijn.;We really need more dedicated online support sessions, not just recordings.;De academische begeleiding is erg nuttig en heeft me echt in de goede richting gestuurd.;Het zou beter zijn als er minder grote tentamens zijn en meer momenten om kennis te laten zien.;Het zou fijn zijn als de docenten de wijzigingen direct in de LMS konden uploaden.;The signage about accessible entrances needs to be standardized across all departments, please.
648;1;2026/27;Venlo;Artificial Intelligence;Part-time;Fourth-year;The sheer volume of material is hard to master with such insufficient contact time.;I suggest organizing company visits that simulate a real professional work environment.;Het materiaal leek te verouderd en hield niet altijd rekening met de moderne ontwikkelingen.;De communicatiekanalen lijken te overweldigd, we hebben meer back-up support nodig.;Could you please provide more explicit guidelines on how the questions should be approached in the exam?;Het systeem zou baat hebben bij een centralisatie van contactinformatie voor alle docenten.;Having accessible vertical transportation everywhere would greatly improve the student experience overall.
649;1;2026/27;Eindhoven;ICT & Business;Full-time;First-year;Waar moeten we echt op letten? De gradingcriteria voelden heel vaag aan tijdens de les.;Misschien zouden we meer verplicht excursies kunnen doen om de sector beter te leren kennen?;The booking process itself needs a total overhaul to be manageable and user-friendly.;Ik waardeer de ondersteuning, maar de begeleiders raken soms de culturele nuances niet.;Zou het helpen als de docenten konden uitleggen welke theoretische concepten ik gemist heb?;The website could better categorize support options so I know who to talk to first.;De documentatie is nuttig, maar het schermlezer-vriendelijk maken is essentieel.
650;2;2026/27;Tilburg;HBO-ICT;Full-time;Second-year;Kunnen we een deadline krijgen voor [NAME] feedback? De vertraging is te groot voor ons.;Het zou enorm helpen als er een centraal portaal is met actuele vacatures van bedrijven die stages aanbieden.;I appreciate the support, but the mentors could definitely use more structured training.;Het was fijn om te weten dat mijn inspanningen werden opgemerkt, dat is pure motivatie.;It would be helpful to have a single point of contact for all accessibility inquiries.;Het zou goed zijn als de interactie wat minder formeel en meer dialooggericht was.;I appreciate the options, but getting an extension process feels a bit confusing and bureaucratic.
651;1;2026/27;Den Bosh;Software Engineering;Full-time;Third-year;I think mixing lectures with more interactive problem-solving sessions would be beneficial.;Ik zou graag meer leren over hoe ik mijn ideeën overtuigend en professioneel kan presenteren aan collega's.;I really appreciate the student perspective, but sometimes it lacks academic depth.;While inclusive, the support sometimes feels generic and lacks cultural specificity.;Could the institution provide clearer technical support guidelines before digital assessments begin?;Misschien een keer per jaar een student-bestuurlijke vergadering om directe suggesties te doen.;While the resources are available, coordinating between my training and class schedule remains quite challenging.
652;2;2026/27;Venlo;Cyber Security;Full-time;Fourth-year;Could the teaching staff please clarify the grading rubric before the next assignment?;Zou het mogelijk zijn om meer directe Q&A sessies met de guest speakers in te plannen?;Het zou prettig zijn als de mentoren ook meer op de juiste bronnen hebben gewerkt.;Ik vond de carrièrebegeleiding over industriële standaarden erg nuttig om mee te beginnen.;Het zou fijn zijn met concrete voorbeelden van verbeteringen in plaats van vage opmerkingen.;Het zou helpen als de contactpersonen per thema (bijv. huisvesting) op één plek stonden.;Could the institution increase the number of dedicated mental health counselors available throughout the week?
653;2;2026/27;Eindhoven;Artificial Intelligence;Full-time;First-year;Het voelt alsof feedback een luxe is, we wachten weken op correcties.;Het zou beter zijn als er meer naadloze begeleiding was van het studeren naar werk.;The feedback given felt too standardized and didn't really address our specific learning needs.;Het aanbieden van deze sociale vangnetten is een geweldige toevoeging aan het curriculum.;De examens lijken te gaan over materialen die we nauwelijks tijd hebben gekregen om goed te begrijpen.;Zouden jullie meer studentgeoriënteerde activiteiten kunnen organiseren buiten de lesuren?;Kortom, een proactiever en flexibeler beleid rond deadlines zou de studentenervaring enorm verbeteren.
654;1;2026/27;Tilburg;ICT & Business;Full-time;Second-year;Seriously, [NAME]'s grading is always so slow, it's really stressing out the whole class.;Could the curriculum incorporate more elective courses focused on niche, in-demand skills like AI ethics or quantum computing?;De uitleg van de docent was te theoretisch en miste praktische toepassingen op de werkvloer.;Misschien wat meer spontane check-ins? Het huidige rooster is soms een beetje onvoorspelbaar.;Could the system automatically adjust for recognized learning differences?;"Verhoog de communicatie over de doelen van deze feedback; anders lijkt het inderdaad zinloos.";Het is prima, maar de knop om een alternatieve test te aanvragen zou beter zichtbaar moeten zijn.
655;2;2026/27;Den Bosh;HBO-ICT;Full-time;Third-year;Kunnen ze vragen meer gestructureerd beantwoorden? Het is te verwarrend nu.;Het zou geweldig zijn met meer gastcolleges van ervaren professionals uit de industrie.;Really need a more responsive system, weeks for basic emails are unacceptable.;Please establish a minimum frequency for our support sessions to maintain momentum.;De evaluatie leek soms te gaan over zaken die we alleen in de aanvullende literatuur vonden.;They barely listened when I explained my difficulties, making the whole session unproductive and frustrating.;Ik zou graag meer structuur zien in de aanvraagprocedure, zodat het minder tijdrovend is.
656;2;2026/27;Venlo;Software Engineering;Full-time;Fourth-year;Het is bijna onmogelijk om een goed cijfer te halen met deze immense hoeveelheid werk.;Meer focus op professionele best-practices en de tools die daarmee gepaard gaan, alstublieft.;Ik heb meerdere malen geprobeerd, maar het systeem lijkt gewoon kapot te zijn.;I really think the institution needs more visible, readily available mental health resources for students.;More hands-on projects would really help demonstrate skills that exams ignore.;Meer interactie met de docenten, buiten de collegezaal, zou de betrokkenheid enorm verhogen.;More clear workshops on balancing parenthood and academic demands would be extremely helpful.
657;1;2026/27;Eindhoven;Cyber Security;Part-time;First-year;Kunnen we meer structuur krijgen over de uitleg? Het voelt te ad-hoc.;I wish there were more formal sessions connecting students directly with potential employers.;Seriously, the booking system needs a major overhaul, it's practically unusable right now.;I need more frequent check-ins to keep my momentum and stay on track with my goals.;Het zou prettig zijn als de beoordeling minder afhankelijk was van één enkele test.;Ik waardeer de begeleiding, maar een meer gestructureerd, individueel plan zou helpen.;Ze waren erg flexibel en hielpen mij om op schema te blijven, ondanks de omstandigheden.
658;1;2026/27;Tilburg;Artificial Intelligence;Full-time;Second-year;It is very difficult to get an appointment outside of class time, de docenten zijn te druk.;"Kunt u de frequentie van guest speakers verhogen; dat helpt enorm bij carrièreplanning.";We hebben echt meer ondersteuning nodig bij het navigeren door de online leeromgeving.;De communicatie over wijzigingen in ondersteuning moet direct en duidelijker zijn.;Could we get more detailed analysis on why certain sections of the exam failed to meet the criteria?;Kunnen we een duidelijke websitepagina maken die de juiste afdeling specificeert voor elke vraag?;Het is goed dat het mogelijk is, maar de communicatie over de nieuwe schema's mist vaak details.
659;2;2026/27;Den Bosh;ICT & Business;Full-time;Third-year;The waiting time for Smith's grades is making this course unnecessarily difficult.;More diverse industry perspectives would really enrich our curriculum, I think.;The remote students are being overlooked when it comes to advising and practical help.;It would be very beneficial if the check-ins were more consistent, without setting rigid appointments.;Het zou een lichter rooster zijn met minder zware tentamens in een korte periode.;Het is lastig om studentenadviseurs buiten de geplande sessies te bereiken.;Would it be possible to offer more individualized support rather than a one-size-fits-all policy?
660;1;2026/27;Venlo;HBO-ICT;Full-time;Fourth-year;The course material felt overwhelming given the extremely limited contact hours available.;Zou het kunnen om meer case studies van recente bedrijven te integreren, dat zou super nuttig zijn.;Seriously, the response time on emails is unacceptable for a professional educational setting.;Hoewel de ondersteuning er is, voelt het soms onzichtbaar of moeilijk te benaderen.;Please make sure the assessment guidelines are very clear so there is no misunderstanding.;Please use a dedicated student portal instead of scattered emails for important announcements.;I appreciate the recorded lectures, but more virtual childcare options would be immensely helpful.
661;1;2026/27;Eindhoven;Software Engineering;Full-time;First-year;Het rooster lijkt te krap, waardoor we moeite hebben om de onderwerpen volledig uit te pluizen.;Misschien kunnen we case studies gebruiken die afkomstig zijn van lokale, kleine ondernemingen?;De begeleiding is prima, maar soms zou het nuttig zijn om dieper ingaan op onderzoeksmethoden.;Ik zou graag een gespecialiseerd workshop over financiële carrièreplanning willen volgen.;I found several question prompts ambiguous and needed clarification during the exam.;Zou de campus meer diverse culturele evenementen kunnen organiseren?;Ik zou graag een betere uitleg willen over de verschillende financieringsopties die er zijn.
662;1;2026/27;Tilburg;Cyber Security;Full-time;Second-year;Ik hoop echt dat het grade-process van [NAME] wordt versneld, het is te traag.;Organizing excursions to various professional settings would be invaluable for our learning.;I waste so much time just trying to navigate the glitchy and overbooked reservation platform.;Mijn vrienden en ik voelen ons hier echt thuis, maar soms is de discussie te westers georiënteerd.;De terminologie in de vragen was soms te complex en onduidelijk.;De ondersteuning is prijzenswaardig, maar ik zou meer één-op-één feedback willen ontvangen.;Adding peer-to-peer support groups facilitated by trained staff would greatly benefit us all.
663;1;2026/27;Den Bosh;Artificial Intelligence;Full-time;Third-year;The professors’ real-world insights elevate the material far beyond the textbook.;Meer keuzes voor gespecialiseerde certificaten naast ons huidige studieprogramma zou geweldig zijn.;Please improve the communication protocol, I need prompt support for my coursework.;Ik hoop echt dat er snel verbeteringen komen op het gebied van de responstijd van de ondersteuning.;Gebruik meer simulaties om ons de kans te geven onze vaardigheden te testen.;Het zou geweldig zijn als er een grotere overlap was tussen het studenten- en docentenblok.;Over het algemeen was het heel ondersteunend, en ze behandelden mij met veel menselijkheid.
664;1;2026/27;Venlo;ICT & Business;Full-time;Fourth-year;Can the administration intervene regarding [NAME]'s grading speed? It's affecting our learning cycle.;We ask for more resources and practical exercises using commercially relevant software platforms.;Ik merk dat de ondersteuning die gegeven wordt, primair gericht is op de studenten die fysiek aanwezig kunnen zijn.;Het zou fijn zijn als er een centrale, makkelijk bereikbare plek was voor mentorvragen.;Vooral voor dit vak zou een case study analyse echt nuttig zijn voor de beoordeling.;Ik zou graag zien dat er meer gesprekken komen over de unieke uitdagingen van de studentbevolking.;Misschien kunnen we een keuzemodule inbouwen zodat we zelf de richting kunnen bepalen.
665;1;2026/27;Eindhoven;HBO-ICT;Full-time;First-year;Ik ben erg teleurgesteld door de trage beoordeling van [NAME] assignments.;Meer directe begeleiding nodig bij het opstellen van cv’s en motivatiebrieven voor stages.;De docenten zijn super toegankelijk en geven veel voor ons, wat heel waardevol is.;Het zou prettig zijn als de materialen meer vertaald werden naar verschillende lokale talen.;Kunt u meer duidelijkheid geven over de beoordelingscyclus, want de wachttijden zijn enorm.;We need more opportunities for peer-to-peer learning and mentorship programs on campus.;De signalisatie voor toegankelijke ingangen moet overal op de campus consistente zijn.
666;2;2026/27;Tilburg;Software Engineering;Part-time;Second-year;Thank you for such a well-rounded and professionally oriented program.;Zouden er meer mogelijkheden zijn om een IT-certificaat te volgen tijdens mijn studie?;De mentoren zijn vriendelijk, maar ik heb soms professionele academische hulp nodig.;I feel much more confident about my degree path after speaking with the advisor.;The instructions seemed mismatched with the actual content, causing student confusion.;Meer gekoppelde, kleine groepsopdrachten tijdens de live sessies zouden de betrokkenheid enorm vergroten.;Could the criteria for 'special circumstances' adjustments be outlined more explicitly for students?
667;1;2026/27;Den Bosh;Cyber Security;Full-time;Third-year;Ik vind de uitleg zeer diepgaand, maar het zou wat meer visuele hulpmiddelen kunnen gebruiken.;Het zou fantastisch zijn als de link met lokale bedrijven en de industrie sterker was.;Het proactieve karakter van de begeleiders maakt het leren veel minder overweldigend en stressvol.;Het zou geweldig zijn als de sessies meer rekening hielden met verschillende religieuze feestdagen.;We need more robust testing for the online exam environment to prevent technical failures.;Het zou helpen als we een centraal kanaal hadden voor snelle, niet-urgente vragen.;Could the policy regarding deadline extensions be more transparent for all students?
668;1;2026/27;Venlo;Artificial Intelligence;Full-time;Fourth-year;The material is interesting, but the explanation needs clearer transitions between different topics.;More focused networking opportunities with different company representatives would be extremely valuable.;Het is ontzettend frustrerend om elk jaar een nieuwe mentor te krijgen, dat haalt de samenhang.;Meer contact, ook al is het maar een korte e-mail, zou de zekerheid vergroten.;"De feedback miste diepgang; ik wil weten wat ik precies moet anders doen om beter te worden.";Het zou fijn zijn als er sneller reactiekomt op e-mails, vooral met betrekking tot cursusvragen.;Could the institution provide a more centralized platform for all flexibility requests and approvals?
669;1;2026/27;Eindhoven;ICT & Business;Full-time;First-year;We really need more teaching time to fully grasp all the complex concepts.;Ik zou graag meer begeleiding willen over het aanpassen van mijn curriculum voor de industrie.;Het mist een gevoel van persoonlijke begeleiding, het is te anoniem.;Graag meer praktijkgerichte workshops over het schrijven van academische en professionele documentatie.;Ik voel me echt gestrest door de druk van de examens en het is moeilijk om goed te slapen.;Ik zou meer feedback willen over hoe we de sociale cohesie binnen de studentengroep kunnen verbeteren.;Het zou helpen als we meer flexibiliteit in de studiebelasting konden krijgen.
670;1;2026/27;Tilburg;HBO-ICT;Full-time;Second-year;I was very impressed by how thoroughly they covered complex topics with real-life examples.;Kunt u meer cursussen aanbieden die leiden tot specifieke technische certificaten?;The availability of the teachers is wonderful, they never make you feel lost in the material.;I think the current system makes it challenging to get timely feedback when needed.;Misschien meer projecten en minder grote, allesbepalende examenperiodes, dat zou helpen.;Meer interactiviteit en gesprekskansen zouden het gevoel van een echte leeromgeving verbeteren.;Could you improve the maintenance schedule for the lifts, as they often seem unreliable?
671;1;2026/27;Den Bosh;Software Engineering;Full-time;Third-year;De online leerplatformen zijn vaak traag, waardoor het lastig is om op tijd de stof te volgen.;Zou het leuk zijn om vaker gastsprekers uit de sector te organiseren, met focus op specifieke casestudies.;De ondersteuning is super toegankelijk en altijd beschikbaar, zelfs buiten de reguliere uren.;Extra sessies over het schrijven van een professionele portfolio zouden super nuttig zijn voor iedereen.;Some assessments felt weighted towards niche topics not fully explored in the main readings.;Could we get more personalized follow-up after the first semester to ensure smooth integration?;I suggest clearer protocols for managing missed classes due to international competition commitments.
672;1;2026/27;Venlo;Cyber Security;Full-time;Fourth-year;The lack of timely clarification on assignments is really stressful for us students.;More practical advice on tailoring resumes and cover letters for internships would be great. (English);Soms geeft de docent advies dat echt botst met wat de afdeling heeft vastgesteld.;Ik hoop dat het feedbackproces sneller en transparanter wordt voor iedereen.;I appreciated the transparency, but sometimes the marking felt quite subjective across different markers.;Het mist een centrale plek waar studenten spontaan kunnen samenkomen en netwerken.;Ik hoop op meer flexibiliteit met deadlines als ik even moet meedoen aan een toernooi.
673;1;2026/27;Eindhoven;Artificial Intelligence;Full-time;First-year;The constant deadlines are exhausting, and the workload feels unsustainable for most students.;Het zou top zijn als er meer workshops over portfolio building en sollicitatiestrategieën waren.;It would be much better if the curriculum wasn't tied to such a high rate of staff turnover.;Could we get clearer benchmarks for submitting our drafts before the final submission date?;I wish the grading provided more specific examples of where my arguments fell short.;"Organize a departmental volunteer day; that builds community spirit and shared purpose.";I need more accessible resources detailing varying forms of financial assistance.
674;2;2026/27;Tilburg;ICT & Business;Full-time;Second-year;It would greatly help if the teaching staff were more proactively available for support.;Graag meer feedbacksessies over hoe succesvolle studenten hun stageplaatsen hebben gevonden.;We zouden meer kleinschalige discussies moeten hebben om echt feedback te geven aan de lesgevers.;Het zou helpen als de mentor ons een herinnering stuurde voor de check-in, want dat vergeet je makkelijk.;Ik zou graag meer uitleg ontvangen over de discrepantie tussen de tussentijdse en definitieve scores.;"De studiecoaches waren erg behulpzaam; ze namen de tijd om mijn specifieke vragen te behandelen.";A follow-up group session would really help peers and normalize the experience.
675;2;2026/27;Den Bosh;HBO-ICT;Part-time;Third-year;De uitleg was heel duidelijk, maar ik wil meer praktijkvoorbeelden horen.;Ik zou graag meer gastcolleges willen horen van mensen die daadwerkelijk in de industrie werken.;Ik ben erg blij met het proactieve karakter van de docenten en hun ondersteuning.;They provided comprehensive guidance regarding thesis topics, making the whole process manageable.;I think more individualized follow-ups would make the accommodations feel more personal.;Perhaps adding some mandatory short group activities would boost participation and interaction.;Het is belangrijk om de flexibiliteit van de leerstof aan te passen aan het persoonlijke ritme van de student.
676;2;2026/27;Venlo;Software Engineering;Full-time;Fourth-year;The instructors made complex topics so clear, providing both theory and practical insight.;Using real-world datasets instead of hypothetical ones would greatly improve our understanding.;Het gebrek aan online begeleiding bij complexe onderwerpen is echt een groot probleem.;Het is fijn om te weten dat er een plek is waar je met andere studenten kunt uitwisselen.;The feedback lacked depth, making it difficult to know my next steps for improvement.;A more reliable system for contacting specialized staff would greatly improve the experience.;Could you organize more group therapy sessions focused on academic anxiety and pressure?
677;2;2026/27;Eindhoven;Cyber Security;Full-time;First-year;The combination of expert knowledge and practical application is truly top-notch.;Het zou prettig zijn als de carrièrebeurs ook meer nadruk legde op startups en kleine bedrijven.;Het is frustrerend dat simpele vragen soms weken overnemen voordat ik een antwoord krijg.;Het gevoel van gemeenschap dat ik kreeg door de studiegroepen is enorm belangrijk.;I believe a more detailed breakdown of conceptual grading would improve student confidence greatly.;Ik wil meer georganiseerde communicatie over grote examenhervormingen van het afgelopen jaar.;Het is vaak erg moeilijk om een redelijke verlenging te krijgen, vooral als het om examens gaat.
678;1;2026/27;Tilburg;Artificial Intelligence;Full-time;Second-year;Smith's grading turnaround time is ridiculously slow, we need a system improvement here.;Could we incorporate more guest speakers from different sectors to show us how our skills apply in real job roles?;Waarom duurt het zo lang? Ik had direct advies nodig voor mijn volgende stap.;Would it be possible to have virtual drop-in sessions when mentors are swamped?;Could we get workshops that teach us how to interpret and act upon academic feedback effectively?;Makkelijkere navigatie op de site voor het vinden van de juiste persoon voor specifieke vragen.;We really need better access to necessary equipment in the studio spaces.
679;2;2026/27;Den Bosh;ICT & Business;Full-time;Third-year;Het is frustrerend dat we soms weken moeten wachten op simpele feedback, zelfs na het opsturen van projecten.;Graag meer cursussen over het navigeren door verschillende carrièreroutes, niet alleen directe banen.;Het is onrealistisch om zo vaak van begeleider te wisselen, wij hebben meer stabiliteit nodig voor de studie.;Het zou ideaal zijn met een meer voorspelbaar schema voor ons mentorschap.;Could the institution provide more detailed examples of what constitutes 'high quality' work?;Would it be possible to host more cultural exchange events that involve all majors?;Ik voelde me gehoord en begrepen door de docenten, wat erg fijn was.
680;1;2026/27;Venlo;HBO-ICT;Full-time;Fourth-year;Die beoordelingssnelheid van [NAME] is echt een probleem voor ons studieritme.;Ik zou graag meer mogelijkheden willen om bedrijven te ontmoeten die buiten de traditionele sectoren vallen.;I really appreciate the proactive support, the teachers are always ready to help us succeed.;The mentorship structure seems robust and has helped many students find their focus.;We zouden willen dat het testmateriaal een betere weerspiegeling is van de lessen en discussies.;Zou het niet beter zijn om feedback te verzamelen tijdens groepsdiscussies dan alleen via enquêtes?;Het is nuttig, maar ik zou graag meer concrete, dagelijkse voorbeelden van aanpassingen zien.
681;2;2026/27;Eindhoven;Software Engineering;Full-time;First-year;Zou je de stabiliteit van de online leeromgeving kunnen verbeteren, alsjeblieft?;Ik hoop op meer directe samenwerking met bedrijven voor stageplaatsen.;I wish the teachers would align their advice better with the actual curriculum structure we are following.;I really appreciate the workshops on networking strategies and industry connections.;Perhaps we could use portfolios to assess our understanding, not just written tests.;Het is geweldig hoe snel jullie reageerden op de vragen over de nieuwe leslocatie.;De docenten reageerden altijd kalm en professioneel op mijn vragen en zorgen.
682;2;2026/27;Tilburg;Cyber Security;Full-time;Second-year;Het voelt echt alsof we te weinig contacturen hebben om de stof goed te kunnen verwerken.;Het zou de praktijkwaarde enorm verhogen als de software in de cursus aansluit bij de marktstandaard.;Could the professors give us more constructive criticism that helps us improve, instead of just grades?;Het gesprek over vakkencombinaties gaf me inzicht in mijn eigen sterke punten.;De hoge inzet van de examens veroorzaakt veel angst, en we zouden meer mentale gezondheidsondersteuning nodig hebben.;Could we maybe get some mandatory review sessions before the big exams to solidify the concepts?;"Ik zou meer flexibele examentijden willen; het combineren met een werkende partner is heel lastig."
683;2;2026/27;Den Bosh;Artificial Intelligence;Full-time;Third-year;Smith's grading turnaround time is becoming a real source of student stress.;Meer betaalbare netwerkbijeenkomsten met alumni in verschillende sectoren zouden geweldig zijn.;Extra workshops over specifieke sector trends zouden onze kennis completeren.;Meer frequentie in de support zou de leercurve echt versnellen, bedankt.;Ik twijfelde vaak over wat exact met de gevraagde analyse bedoeld werd in die specifieke vraag.;Zou het mogelijk zijn om een gezamenlijke studiestam te organiseren, puur voor ontspanning?;More accessible childcare options integrated with campus facilities would greatly improve balance.
684;1;2026/27;Venlo;ICT & Business;Part-time;Fourth-year;The professors could really improve their clarity when explaining complex topics in class.;The quality of guest speakers was excellent, but we need them more often.;Could some of the practical skills be taught with more small-group mentoring?;Het overzicht geven van de carrièremogelijkheden na mijn studie was perfect.;"Het is frustrerend om weken te wachten om te weten hoe we presteerden; snel feedback is cruciaal.";I wish there was a single, centralized location for all syllabus and assignment updates.;Overall, the empathy was high, but I suggest integrating career counseling tailored for diverse learning paths.
685;1;2026/27;Eindhoven;HBO-ICT;Full-time;First-year;Het zou nuttig zijn als er meer begeleiding was om de gemiste uren op te vangen.;Graag meer praktijkoverleg over het leiden van meetings en het beïnvloeden van groepen.;Ik zou meer gestabiliseerde begeleiding willen zien, te veel mensen maken het rommelig.;Er zou een workshop over interculturele communicatie zeer nuttig zijn voor alle studenten.;Het voelt alsof de examens te ver gaan met het materiaal dat we in de lessen hebben behandeld.;Ik merk dat het contact soms wat te weinig is, waardoor ik soms wat verloren voel.;Ik waardeer de online bronnen, maar het ontbreekt soms aan duidelijke navigatiestructuur.
686;2;2026/27;Tilburg;Software Engineering;Full-time;Second-year;De lessen zijn te kort en we zouden meer tijd nodig hebben om de opgaven grondig te bespreken.;Geef ons meer training over netwerken en het benaderen van potentiële werkgevers.;I would appreciate more opportunities to hear from professionals in the tech field.;Het contact met mijn medestudenten hielp mij enorm om een betere balans te vinden.;It would be really helpful if the feedback included recommended resources or supplementary readings.;It would be beneficial to have dedicated support groups for different academic disciplines.;The teaching staff were wonderfully supportive throughout my challenging time here.
687;2;2026/27;Den Bosh;Cyber Security;Full-time;Third-year;De criteria voor de eindtoets waren zo vaag dat we moeite hadden om ons voor te bereiden.;Kunnen we meer simulaties doen van werksituaties die samenwerking vereisen?;Seriously, waiting weeks for an email reply is significantly delaying my progress and causing stress.;It would be helpful to have dedicated student well-being officers visible on campus throughout the day.;The delay in grades significantly impacts our ability to plan for future studies or jobs.;Ik zou graag meer proactieve check-ins willen die echt diep ingaan op mijn moeilijkheden.;Could we get more proactive advice on when to request an extension, rather than waiting until the last minute?
688;1;2026/27;Venlo;Artificial Intelligence;Full-time;Fourth-year;Ik snap niet wat de beoordelingscriteria precies zijn voor het essay.;Het zou waardevol zijn om de theorie te koppelen aan recente nieuwsberichten of bedrijfscijfers.;Ik heb mijn mentor al drie keer gemeld en nog steeds geen bruikbare reactie gekregen.;Het zou fijn zijn als we een duidelijkere procedure hadden voor het aanvragen van extra begeleiding.;We really need a clearer timeline for when final grades and feedback will be available.;I think a quick call-back system for non-urgent matters would significantly improve the student experience.;Graag meer voorlichtingssessies over de verschillende soorten financiële hulp die beschikbaar zijn.
689;1;2026/27;Eindhoven;ICT & Business;Full-time;First-year;Het voelt alsof we soms moeten raden wat er verwacht wordt, door het gebrek aan duidelijke instructies.;I really need more dedicated career guidance specifically for securing relevant placements. (English);We need more stable faculty assignments, having three different teachers makes the support feel disjointed.;Ik zou graag zien dat de mentoren meer bereikbaar zijn buiten de reguliere lesuren.;De feedback miste een duidelijke koppeling naar de leerdoelen die we aan het begin van het semester hadden.;"We zouden meer thematische borrels moeten organiseren; het maakt de school sfeer veel gezelliger.";Het parkeergebied voor mensen met een beperking is te ver van de hoofdingang en is dus onpraktisch.
690;2;2026/27;Tilburg;HBO-ICT;Full-time;Second-year;I wish there were more dedicated sessions, we feel rushed through complex topics.;Ik waardeer de sessies, maar de frequentie zou echt opgevoerd moeten worden.;Nog zo'n mentorwissel en we verliezen alle draad, dit is echt vermoeiend.;Thank you for connecting us with alumni working in exciting professional roles.;Het is lastig om goed voorbereid te zijn als de examens van een andere focus hebben dan de lessen.;De updates over de examenregelingen waren zeer duidelijk en tijdig, bedankt voor de moeite!;"The support system in the department was wonderful; everyone seemed genuinely empathetic."
691;1;2026/27;Den Bosh;Software Engineering;Full-time;Third-year;Smith's grading is so slow, I really need feedback on that process.;Ik zou graag meer sessies willen zien van professionals die direct in het veld werken.;Het voelde niet echt gemotiveerd, de lessen waren te gestandaardiseerd en zonder menselijke touch.;Het was prima, maar het voelde alsof emotionele stabiliteit ondergeschikt was aan academische prestaties.;Could the department standardize the rubric usage across all modules for consistency?;Ik hoop dat de verenigingen meer aandacht krijgen, want die zijn cruciaal voor een echte campusgeest.;My department handled my circumstances with remarkable professionalism and kindness.
692;2;2026/27;Venlo;Cyber Security;Full-time;Fourth-year;Kunt u meer tijd besteden aan hands-on oefeningen? Theoretische kennis alleen is niet voldoende.;Het zou super zijn als de praktijkopdrachten data van bedrijven gebruiken die momenteel in de markt actief zijn.;We zouden meer kleine workshops waarderen die zich echt op ons kunnen richten.;Het is lastig om mensen te vinden die echt tijd hebben voor studentenbegeleiding.;Could the curriculum ensure better alignment between lecture materials and assessment content?;Sometimes het voelde alsof ik alleen maar een student nummer was, zonder echt luisterend oor.;Ik kreeg veel begrip voor mijn aanpassingen en voelde me niet beoordeeld. Dank u wel.
693;1;2026/27;Eindhoven;Artificial Intelligence;Part-time;First-year;Could the lecturer provide more concrete examples of acceptable submissions next time?;Het zou geweldig zijn als we meer projecten baseren op actuele bedrijfsvallen.;Ik voelde me tijdens de les vaak alsof de docent puur aan het voorlezen was.;My advisor provided excellent guidance that aligned my passion with practical academic paths.;Overall, I found the assessment methods mostly fair, although the weighting was confusing.;Het zou fijn zijn meer spontane bijeenkomsten buiten de lesuren om het contact te versterken.;Het helpt enorm als we vooraf weten welke flexibiliteitsopties er bestaan.
694;1;2026/27;Tilburg;ICT & Business;Full-time;Second-year;We need more reliable access to the learning management system, it keeps crashing.;We really need workshops focused on behavioral questions and STAR method preparation.;Can someone address the delayed communication? Weeks waiting for simple replies is not okay.;De reacties op mijn ingediende formulier voelden te algemeen en niet direct behulpzaam.;I struggled with the lack of clear boundaries on several complex essay questions.;Generally, it is unclear who to contact regarding billing issues versus curriculum questions.;I feel that the emotional support provided was excellent, but the practical academic guidance was insufficient.
695;2;2026/27;Den Bosh;HBO-ICT;Full-time;Third-year;The turnaround time for feedback is excessively slow, hindering our learning progress.;Graag meer interactieve Q&A sessies tijdens de industriële lezingen.;Kunt u de communicatie over verbeteren, want de wachttijd is te lang?;Het advies over specialisatie was erg nuttig en heeft mij een nieuwe richting gegeven.;Het zou helpen als er duidelijke tijdlijnen waren voor het ontvangen van de eindbeoordelingen.;"Soms voelen we ons wat afgesneden; meer kleine groepswerk zou de band versterken.";Meer transparantie over de criteria voor speciale subsidies zou super zijn voor studenten.
696;1;2026/27;Venlo;Software Engineering;Full-time;Fourth-year;[NAME] assignment grading always takes forever, waardoor we grip verliezen op de stof.;Het zou handig zijn meer cursussen over tijdmanagement en het leiden van vergaderingen.;Het was moeilijk om te voelen dat de docent echt bij ons was en ons individueel zag.;A dedicated seminar on advanced professional skills, such as negotiation, would be excellent.;Het zou nuttig zijn om een portfolio te gebruiken in plaats van alleen geschreven toetsen.;The department could organize more interdisciplinary social mixers to help students connect.;Meer proactieve communicatie over financiële aanpassingen zou de stress verminderen.
697;2;2026/27;Eindhoven;Cyber Security;Full-time;First-year;I wish the practical examples were more varied to help solidify abstract concepts.;Meer focus op live data-analyse zou het begrip van de industrie echt verbeteren.;Kunnen de docenten meer tijd vrijmaken voor individuele adviesgesprekken?;Het regelmatige aanmoedigen maakt het verschil, het zorgt voor een positieve leeromgeving.;Het feedback was vaak te algemeen om echt te weten waar ik mezelf moet verbeteren.;More opportunities for one-on-one time with the specialized lecturers would greatly help my understanding.;Het zou geweldig zijn als de deadlines flexibeler konden zijn, afhankelijk van de individuele leercurve.
698;1;2026/27;Tilburg;Artificial Intelligence;Full-time;Second-year;Sommige onderwerpen waren te abstract en ik miste meer concrete voorbeelden.;Zouden er meer mogelijkheden kunnen komen om te spreken met professionals die een carrière hebben gemaakt in het buitenland?;De docenten zijn echt proactief, ik waardeer het dat ze hulp aanbieden voordat je het vraagt.;Het was geweldig om mijn klassiegenoten te ontmoeten en te praten over studieproblemen.;Korte feedback na de toetsen zou enorm waardevol zijn voor ons leren en verbeteren.;Misschien meer workshops die gefaciliteerd worden door docenten, om het leren actiever te maken.;De docenten waren erg begripvol en hielpen mij om een plan te maken voor het examen.
699;1;2026/27;Den Bosh;ICT & Business;Full-time;Third-year;Kunnen we toch een snellere manier vinden? Smith's grading tempo is gewoon niet te volgen.;We would benefit greatly from adopting industry-standard tools that mirror professional workflows.;Het zou enorm helpen als er meer mentor-sessies waren die echt online toegankelijk en ondersteunend zijn.;The mentors were excellent at clarifying complex academic requirements for me.;I experienced a glitch with the online submission portal, making me doubt the integrity of my answers.;The support system is great, but I need more one-on-one dedicated time to discuss specific topics.;We really need more accessible restrooms on the upper floors of the library building.
700;2;2026/27;Venlo;HBO-ICT;Full-time;Fourth-year;Can someone please address [NAME]'s extremely slow grading? It affects our study planning significantly.;More mock interviews with industry professionals would significantly boost our confidence before job applications.;Ik ben echt onder de indruk van de manier waarop ze ons ondersteunen voordat wij het probleem zien.;More accessible and timely feedback on assignments would significantly boost student morale and focus.;De beoordelingscriteria waren over het algemeen duidelijk, maar de weging voelde soms ondoorzichtig.;Het zou helpen als de afspraken over tentamenlocaties een vaste, duidelijke aankondiging zouden krijgen.;The institution could provide clearer guidelines regarding academic accommodations for caregivers.
701;2;2026/27;Eindhoven;Software Engineering;Full-time;First-year;De tempo van het programma is te hoog, we hebben meer ademruimte nodig tussen de modules.;Zou de universiteit een partnernetwerk kunnen opzetten voor stageplekken bij lokale bedrijven?;The best thing would be a formalized feedback loop for the student mentors themselves.;The support feels sporadic, perhaps weekly brief meetings would significantly improve things.;Ik zou willen dat de examens dichter bij de kernconcepten van de colleges zouden blijven.;Could there be more student-led forums specifically for first-generation college students to connect?;Het is belangrijk om duidelijke en anonieme routes voor psychologische hulp te creëren.
702;2;2026/27;Tilburg;Cyber Security;Part-time;Second-year;Could the instructors provide clearer guidelines on how assignments will actually be graded?;"Site visits are crucial; seeing operations in action bridges the academic gap.";It feels like the institution prioritizes in-person students' needs over ours.;Zou het mogelijk zijn om een snellere supportlijn voor acute studieproblemen te creëren?;Ik zag dat sommige vragen dubbelzinnig waren en dat leidde tot verwarring.;Meer workshops over financiële planning zouden voor de studentengemeenschap waardevol zijn.;Please review the accessibility of the outdoor paths during bad weather conditions.
703;2;2026/27;Den Bosh;Artificial Intelligence;Full-time;Third-year;Their enthusiasm for the subject makes even difficult topics enjoyable to learn.;Meer hulp bij het begrijpen van industriële certificeringen zou enorm waardevol zijn.;Het is erg nuttig om te horen van succesvolle carrières die hier zijn opgebouwd.;Could we get clearer guidelines on setting up meeting times, please?;Could the department consider providing preliminary feedback while the final grades are being calculated?;I wish there was one person to point me in the right direction, rather than multiple departments.;I wish there were more visible counselors available outside of scheduled appointment times.
704;1;2026/27;Venlo;ICT & Business;Full-time;Fourth-year;The expectations for the assignments kept changing, which makes it difficult to study for the test.;More guidance on tailoring cover letters for specific industries would be very beneficial.;Zou het mogelijk zijn om een snellere responstijd voor studenten te garanderen?;Could the institution schedule mandatory office hours so we know when to reach you?;Ik waardeer de feedback, maar het zou helpen als de grading criteria concreter en meetbaarder waren.;Meer bereikbaarheid buiten de collegeuren zou een enorme verbetering zijn in onze studiemotivatie.;Zou het mogelijk zijn om meer individuele planningssessies in te plannen voor de lange termijn?
705;2;2026/27;Eindhoven;HBO-ICT;Full-time;First-year;Het is echt jammer dat de theoretische stof zo snel behandeld wordt in zo weinig uur.;Ik hoop dat er meer interactieve sessies zijn met professionals, zodat we vragen kunnen stellen.;The peer mentors are genuinely helpful, I appreciated the extra guidance.;The organic connection with other students made the whole university experience feel much more cohesive.;Kunnen we een betere uitleg krijgen over de criteria voor de grotere projecten?;Knowing the specific department for tech support versus advising would be very helpful.;Could the institution offer subsidized childcare options when required for coursework?
706;2;2026/27;Tilburg;Software Engineering;Full-time;Second-year;Seriously, the grading from [NAME] is dragging, please update us on the expected date.;Please integrate modules focused on modern project management methodologies, because those are key skills employers are asking for.;Supervriendelijk en erg helpend, ze zijn er echt voor de studenten.;Zou eenmalige sessies vervangen kunnen worden door korte, frequente updates?;De interface was te complex en de technische problemen maakten de beoordeling van mijn kennis onnodig moeilijk.;"Ik heb het gevoel dat ik soms niet genoeg aandacht krijg; persoonlijker contact zou helpen.";Het zou nuttig zijn als alle video's ook een transcript beschikbaar stellen na afloop.
707;2;2026/27;Den Bosh;Cyber Security;Full-time;Third-year;De uitleg was helder, maar ik had meer praktische voorbeelden in de les willen zien.;Zoek naar een grotere variatie aan gastsprekers, zodat we een breder beeld krijgen van het beroep.;Het is erg lastig om een slot te krijgen omdat het systeem constant overbelast raakt met verkeer.;More detailed pointers on refining our methodology would make our research much stronger, really.;When drafting questions, please ensure all terminology is consistently defined for the students.;Could we maybe schedule some extra office hours, especially before big assignments?;Ik wil meer duidelijke routeskaart zien over studiemogelijkheden na het behalen van een diploma.
708;2;2026/27;Venlo;Artificial Intelligence;Full-time;Fourth-year;Het is problematisch dat [NAME] beoordelingen zo lang duren, wij willen meer duidelijkheid.;Het zou goed zijn om meer cursussen over professionele netwerken en het schrijven van overtuigende cv's te krijgen.;De vertraging in het antwoord bemoeilijkt het leren en de voortgang van mijn studie.;De mentoren zouden misschien meer middelen kunnen krijgen om hun tijd beter te managen.;Het zou fijn zijn als er meer nadruk kwam op continu leren in plaats van één grote tentamen.;Ik hoop dat er meer flexibiliteit is voor spoedgevallen, zodat men direct contact kan opnemen.;More regular, group-based workshops on stress management and mindfulness would really help the student body.
709;1;2026/27;Eindhoven;ICT & Business;Full-time;First-year;Het is frustrerend dat de digitale bronnen soms verouderd of onvolledig zijn voor de cursus.;Het zou fijn zijn meer gestructureerde netwerkevenementen met diverse industries.;De uitleg was zo breed dat ik niet wist waar ik mijn energie aan moest steken.;Deze informele netwerken waren perfect om praktische studietips uit te wisselen.;"We zouden meer moeten doen met simulations; dat voelt realistischer dan een examen.";Zou het kunnen dat er een duidelijke flowchart is voor verschillende soorten hulpvragen?;Zou het beter zijn als er meer toegankelijke, anonieme counseling sessies beschikbaar zijn voor studenten.
710;2;2026/27;Tilburg;HBO-ICT;Full-time;Second-year;I appreciate the effort to keep the curriculum current with industry advancements.;Graag meer praktische tips over het aanvragen van betaalde, gerelateerde traineeships.;Ik heb een paar keer gemerkt dat het communiceren met de docenten traag verloopt, wat lastig is.;More accessible meeting times, especially outside typical 9-to-5 hours, would be greatly appreciated.;"De druk van deze beoordelingen raakt mijn concentratie; minder zware toetsen zou beter zijn.";I wish there were clearer communication channels for urgent academic concerns outside class time.;De communicatie over de flexibele opties is momenteel te vaag om echt te kunnen plannen.
711;1;2026/27;Den Bosh;Software Engineering;Part-time;Third-year;Het zou goed zijn als de docenten de diversiteit van de studentengroep meer zichtbaar maakten in de les.;Het is jammer dat de soft skills, zoals presenteren en onderhandelen, te weinig aandacht krijgen.;I really wish the institution could stabilize the mentoring process, the constant changes are disruptive.;Meer focus op mentale gezondheidscursussen zou de studenten enorm helpen.;Het is nodig dat de examenopdracht een duidelijke structuur heeft, anders raken we in verwarring.;I wish the support felt less standardized and more genuinely supportive of individual needs.;De counselors waren geduldig en geruststellend, maar ik vroeg om een betere brug naar de docenten.
712;1;2026/27;Venlo;Cyber Security;Full-time;Fourth-year;More consistent and timely communication from the faculty would be greatly appreciated.;Het zou nuttig zijn om meer flexibele routes naar erkende professionele certificering te integreren.;We zouden meer één-op-één sessies nodig hebben om echt door problemen te komen.;More structured activities for peer networking would really enhance the student experience.;Could we please get more mental health resources available during assessment periods?;I wish there were more opportunities to meet with faculty members outside of grading times.;It would be helpful if the policy for deadline extensions was more clearly communicated to students.
713;2;2026/27;Eindhoven;Artificial Intelligence;Full-time;First-year;Ik voelde me wat gemarginaliseerd omdat de beoordelingssysteem niet duidelijk was.;Het zou helpen als meer vakken de praktische case studies over koplopertechnologieën bevatten, want dat is wat werkgevers eisen.;Having mentors who proactively offer extra help is incredibly valuable for student success.;I think more workshops focused on boundary setting would really benefit students.;Het zou nuttig zijn als we wisten welke aspecten van ons werk echt gemist werden.;It would be great if the academic advising process could be made more easily accessible online.;It would greatly help if all supplementary readings were uploaded as properly tagged EPUB files instead of raw PDFs.
714;1;2026/27;Tilburg;ICT & Business;Full-time;Second-year;The supplementary materials are almost never uploaded on time for us to review.;Het zou nuttig zijn als we meer begeleiding krijgen bij het opbouwen van een professioneel netwerk en carrièrepad.;De proactieve ondersteuning helpt ons om echt gemotiveerd en geminderde stress te blijven.;The professional development resources provided were exactly what I needed right now.;Het zou helpen als de toetsing direct gekoppeld was aan de stof die we in de lessen hebben behandeld.;Kunt u alsjeblieft een centrale plek maken voor alle cursusupdates, want dat is erg verwarrend.;Offering varied study loads would help me maintain focus and keep up.
715;1;2026/27;Den Bosh;HBO-ICT;Full-time;Third-year;Ik waardeer de poging tot verschillende lesmethoden, maar de uitleg mist soms concrete voorbeelden.;Zou het mogelijk zijn om meer gespecialiseerde industriële tools te gebruiken voor onze projecten?;The mentors' advice on job applications and interviews was incredibly helpful for me.;The academic department provided excellent resources and guidance throughout my first year.;The exam coverage suggests a gap between the taught scope and the tested depth.;Kortom, de contactpunten zijn te verward. Voor administratie en cijfers moet ik twee mensen bellen.;Making sure all embedded media has proper alt-text would greatly improve the student experience.
716;1;2026/27;Venlo;Software Engineering;Full-time;Fourth-year;Kunt u alstublieft meer specificeren wat 'academische kwaliteit' concreet betekent in deze cursus?;The frequency of industry expert talks really needs to be increased for better insights.;I think the current system is too informal, professional oversight would make the peer support much more valuable.;Het is fijn om te weten dat mijn inspanningen door het personeel worden opgemerkt en gewaardeerd.;Het zou fijn zijn als we sneller feedback en cijfers zouden ontvangen na de tentamens.;It would be fantastic to receive a single, comprehensive summary of all syllabus modifications.;Meer keuze in het studielastmodel zou ons helpen om beter met de materialen om te gaan.
717;2;2026/27;Eindhoven;Cyber Security;Full-time;First-year;[NAME]’s assignments are always marked so slowly, we need a clear timeline, please.;Het inzien van werkelijke bedrijfsprocessen zou de theorie veel concreter maken voor ons.;The support feels inadequate due to the significant time gap in mentor replies.;I need clearer guidelines on how my progress is measured throughout this whole program.;Het is erg demotiverend om weken te wachten zonder enige vorm van kritische feedback op ons werk.;"Het contact moet persoonlijker zijn; soms voelt de interactie te algemeen en afstandelijk.";I really appreciate the empathy, yet some academic advice felt vague and unhelpful.
718;1;2026/27;Tilburg;Artificial Intelligence;Full-time;Second-year;De hoeveelheid assignments is overweldigend, ik heb echt moeite met de tijdsplanning.;Ik hoop dat er meer contact wordt gelegd met alumni die een sterke band hebben met de industrie, voor coaching.;I spent an hour trying to book, but the glitching made it impossible to secure a time.;Het zou fijn zijn als er meer workshops over stressmanagement en mindfulness zouden komen.;"The assessment felt inconsistent; some days were clear, others were quite arbitrary.";Het is prettig om te weten op welke momenten je de docenten kunt bereiken zonder afspraak.;It would greatly help if support staff could offer more personalized advice on managing these accommodations.
719;1;2026/27;Den Bosh;ICT & Business;Full-time;Third-year;De feedback miste een duidelijke koppeling naar de beoordelingsmatrix, wat frustrerend is.;Ik hoop echt dat we assignments krijgen die gebaseerd zijn op actuele markttrends en echte projecten.;Misschien zou men de lessen meer moeten structureren zodat het minder chaotisch wordt.;Het zou nuttig zijn als er reservementen waren voor overbelaste mentoren.;Ik vond de gradingcriteria soms te vaag, wat het moeilijk maakte om te weten wat ik moest verbeteren.;Het is frustrerend als men niet weet wie men moet contacteren voor specifieke hulp.;"Ik voelde me echt gesteund door mijn docenten; ze waren erg begripvol voor mijn situatie."
720;1;2026/27;Venlo;HBO-ICT;Part-time;Fourth-year;Ik snap niet wat de minimale vereisten zijn voor een hoog cijfer, het is te subjectief.;I think workshops on professional email etiquette and networking would be super beneficial.;Het is lastig om te weten wat de juiste aanpak is door tegenstrijdige info van docenten.;Het is top dat er zo'n focus is op het verbinden van studie met de arbeidsmarkt.;We need clearer demarcation between what is expected knowledge and what is simply suggested reading material.;Het is geweldig, maar meer georganiseerde activiteiten voor buiten-studie studenten zouden het nog mooier maken.;The restrooms in the science building could really use an updated, accessible design.
721;2;2026/27;Eindhoven;Software Engineering;Full-time;First-year;The connection between theory and practical online examples needs better organization.;I wish the career services office could organize more panel discussions with recent alumni.;Het is frustrerend dat je zo moeilijk aan een geschikte tijdslot komt, het is onbruikbaar.;Het is vaak moeilijk om een reactie te krijgen, misschien een meldingstijd?;We zouden meer ruimte moeten krijgen om onze stress te verminderen, niet alleen studiemateriaal.;Can you provide a clearer breakdown of who handles registration problems versus personal records?;Meer voorlichting over hoe 'special circumstances' precies worden gedefinieerd zou enorm helpen.
722;2;2026/27;Tilburg;Cyber Security;Full-time;Second-year;De interactie in de klas is goed, maar de uitleg van de onderliggende concepten is te vaag.;De nadruk zou moeten liggen op transversale vaardigheden, niet alleen op de technische kennis.;Seriously, booking these sessions feels impossible because everything is full.;The mentors were really helpful in clarifying my research focus and next steps.;"De feedback op het examen was te algemeen; ik zou meer specifieke verbeterpunten willen zien.";Ik zou feedback geven voor meer wisselende en leuke sociale activiteiten binnen de faculteit.;It would be beneficial to have designated parking spots near buildings for students with mobility impairments.
723;1;2026/27;Den Bosh;Artificial Intelligence;Full-time;Third-year;De theoretische stof is goed, maar de uren voor oefeningen zijn te minimaal.;Het zou fijn zijn met een lijst van bedrijven die al stages aanbieden binnen onze opleiding.;I wish there was a dedicated online student resource hub to centralize all information.;Het zou fijn zijn als er een duidelijkere triage was voor het plannen van afspraken.;Ik zou meer examenvormen willen die ons creativiteit en analysevermogen laten zien.;Zouden jullie een platform willen opzetten waar studenten elkaar en de faculteit kunnen raadplegen?;Het zou een enorme verbetering zijn als alle gangen en trappen meer antislipmateriaal hadden.
724;1;2026/27;Venlo;ICT & Business;Full-time;Fourth-year;De verstrekte digitale bronnen voelden onvolledig aan en waren niet altijd up-to-date.;Meer geavanceerde CV-reviews en industrie-specifieke carrièrepaden zouden geweldig zijn.;Het was onduidelijk welke verwachtingen de docenten van ons precies hadden voor dit programma.;Kortom, een duidelijker protocol voor het aanvragen van mentoradvies zou enorm helpen.;Het zou een enorme hulp zijn om de examenbelasting te spreiden over het hele semester.;More cross-departmental social activities would help break down silos and foster a stronger community feeling.;Please clarify the renewal process and requirements for special funding sources.
725;1;2026/27;Eindhoven;HBO-ICT;Full-time;First-year;Smith's marking process is excessively slow, and it makes us feel undervalued as students.;More hands-on interaction during guest talks would make the learning stick better.;Kunnen ze de communicatie verbeteren? Het wachten op feedback is veel te lang.;Het proces om een belastingverhoging te bespreken is veel te traag en frustrerend.;Meer aandacht voor het welzijn van studenten is belangrijker dan alleen de cijfers.;Ik zou het fijn vinden als de coaches meer op mij ingingen in plaats van alleen naar het curriculum.;Het is cruciaal om duidelijke informatie over financiële steun te geven.
726;2;2026/27;Tilburg;Software Engineering;Full-time;Second-year;The pacing felt a bit rushed at times, making some concepts hard to grasp fully.;Het zou fantastisch zijn als we de mogelijkheid krijgen om een paar grotere bedrijven te bezoeken.;Altijd vol tijdens de drukte, waardoor studenten zonder probleem hun cursus niet kunnen volgen.;My advisor was incredibly helpful, providing clear direction for my major electives.;Het zou ideaal zijn als er een soort overzicht is van de examens, wat de structuur duidelijker maakt.;Het is goed, maar meer korte quizzen en mondelinge oefeningen zouden de interactie verhogen.;De online platformen zijn nuttig, maar de bestandstypen zijn soms te complex en niet altijd toegankelijk.
727;2;2026/27;Den Bosh;Cyber Security;Full-time;Third-year;Their approach truly bridged the gap between academic learning and professional practice.;I think dedicated modules on industry-specific job market trends would be valuable.;Het is extreem moeilijk om tijdsloten te boeken, vooral vlak voor tentamens.;Ik vond de begeleiding prima, maar de reactietijd van het studentenloket was traag.;Het feedback was te algemeen om echt te weten waar ik mijn vaardigheden moet verbeteren.;"I really appreciate the proactive updates; knowing about changes beforehand makes everything so much easier.";De procedures voor het veranderen van tentamendagen lijken inconsistent en verwarrend.
728;1;2026/27;Venlo;Artificial Intelligence;Full-time;Fourth-year;Het is moeilijk om een balans te vinden tussen de cursussen met zo veel deadlines.;Het zou helpen als er een mentorprogramma was dat studenten met professionals koppelt.;Overall, de hulp is oké, maar consistentie in de kwaliteit van de begeleiding ontbreekt.;Zou het mogelijk zijn om een mentorpool te creëren met meer beschikbare experts op elk moment?;Het zou goed zijn om meer praktijkgerichte lessen en minder theoretische kennis te testen.;It would be great to get clearer timelines regarding when these assignments will actually be due.;I think a simple, centralized portal for all special circumstance requests would really help out.
729;1;2026/27;Eindhoven;ICT & Business;Part-time;First-year;We need better guidance on managing the immense volume of required readings and assignments.;Please offer more hands-on training regarding industry networking and professional communication.;Booking appointments is nearly impossible, the glitches and limited availability make it stressful.;De faciliteiten zijn prima, maar ik zou graag meer mogelijkheden willen voor vrijetijdsbesteding en ontspanning.;Meer praktijkopdrachten in plaats van alleen theoretische toetsen zou geweldig zijn.;"The staff needs to improve their response time; I shouldn't have to chase them for basic info.";I really appreciated how understanding my lecturers were about my health situation.
730;2;2026/27;Tilburg;HBO-ICT;Full-time;Second-year;We need more guidance on prioritization because the current workload is unsustainable.;Het is belangrijk om te leren hoe je je mening professioneel verdedigt zonder defensief te zijn.;Hun netwerkcontacten en ervaringen geven ons een enorme voorsprong op de arbeidsmarkt.;Zou de mentor meer bereikbaar kunnen zijn via een snelle chatfunctie voor kleine vragen?;"Het wachten op de feedback is echt frustrerend; snellere beoordeling zou geweldig zijn.";We appreciate the opportunity, but please implement changes we suggest, otherwise it feels pointless.;Het is cruciaal dat de details over financiële steun makkelijker te vinden zijn online.
731;1;2026/27;Den Bosh;Software Engineering;Full-time;Third-year;Het lijkt alsof de docenten te weinig tijd besteden aan de diepere discussies.;Het zou fijn zijn als er meer workshops waren over het solliciteren naar stageplekken. (Dutch);I wish they would prioritize keeping experienced teachers instead of constantly cycling through new staff.;Het zou goed zijn als de mentoren meer getraind zouden zijn over interculturele communicatie.;Het is prima, maar een centrale, makkelijk te vinden hub voor alle accommodaties zou helpen.;Ik wil graag dat er meer opties zijn voor flexibele inlogtijden, want de huidige structuur is te strak.;The faculty made sure my special circumstances didn't negatively impact my overall learning experience at all.
732;1;2026/27;Venlo;Cyber Security;Full-time;Fourth-year;I really wish [NAME] would speed up the marking, we need those grades to plan our next courses.;Het zou helpen als er meer mentorprogramma's waren om ons te begeleiden richting specifieke banen.;Zou het kunnen dat er meer kleinschalige, persoonlijke coaching sessies komen?;Het voelt alsof onze opmerkingen over de deadlines niet echt worden meegewogen.;Some grading decisions seemed overly dependent on the grader's personal interpretation.;Ik waardeer het, maar er mist nog contact met studenten die niet direct in het studiestartproces betrokken zijn.;I think more transparency regarding the decision-making process for extensions would be reassuring.
733;2;2026/27;Eindhoven;Artificial Intelligence;Full-time;First-year;I believe increasing the weekly contact hours would significantly improve the learning experience.;Het zou helpen als er een gecentraliseerd platform was voor stageaanbiedingen. (Dutch);De uitwisseling van kennis is waardevol, maar de begeleiding aan de start was te oppervlakkig.;We zouden meer gestructureerde, maar ook meer spontane, contactmomenten waarderen in het curriculum.;Overall, the system is fine, but objectivity in grading needs constant reinforcement and checking.;I really need quicker turnaround time for grading and responses to student queries.;Ik hoop dat de lat voor het indienen van grote projecten wat flexibeler kan zijn.
734;1;2026/27;Tilburg;ICT & Business;Full-time;Second-year;De diepgang van de stof is echt indrukwekkend, de lessen zijn zowel academisch als praktisch relevant.;Ik heb behoefte aan betaalde practica en hulp bij het vinden van die kansen.;Could we get smaller group seminars instead of large lecture formats?;Could there be more specialized mentorship focusing on STEM fields, perhaps?;Some questions seemed redundant or overlapped too much with the material covered in earlier lectures.;More targeted outreach to minority student groups would enhance the sense of belonging greatly.;Counselors moeten meer aandacht besteden aan de specifieke academische uitdagingen.
735;2;2026/27;Den Bosh;HBO-ICT;Full-time;Third-year;I feel like the scheduled lectures are simply not enough time to cover all the necessary modules.;I really appreciate the career fair, but more industry guest speakers would be beneficial.;The advice given often lacked depth, making it hard to apply outside of this specific module.;Het is frustrerend dat het aanvraagproces te langzaam en complex is voor de student.;Ik zou meer gewicht moeten geven aan het projectwerk om de druk van de tentamens te verminderen.;Could we get a quick tutorial session once a week to review the most complex topics?;Could you make the application process for extension dates clearer and more streamlined?
736;2;2026/27;Venlo;Software Engineering;Full-time;Fourth-year;Doe de gradingplease sneller, [NAME], ik heb die cijfers al weken nodig.;Could we schedule site visits to different types of companies to expand our knowledge?;Wachten weken op een simpel e-mailantwoord is erg stressvol en inefficiënt.;I feel much more confident about my major after these insightful guidance sessions.;Please consider integrating more continuous assessment methods to reduce the examination stress.;Wie neem ik precies waar ik problemen heb met mijn studentenkaart en wie met mijn inschrijvingsgegevens?;Ik voelde me echt gesteund door mijn docenten toen ik over mijn gezondheidsproblemen vertelde.
737;2;2026/27;Eindhoven;Cyber Security;Full-time;First-year;Please make sure all required materials are uploaded at least one day earlier.;It would be amazing to schedule visits to companies that are leaders in their respective fields.;Ik zou graag meer sessies willen over specifieke industrie netwerken tips.;Could the institution implement a dedicated support portal to streamline booking appointments?;The interface was confusing and kept freezing at critical moments of the assessment.;Het is lastig om te weten wanneer we mensen kunnen vinden als we buiten de lesuur iets moeten bespreken.;Could the institution host peer support groups led by trained student volunteers?
738;2;2026/27;Tilburg;Artificial Intelligence;Part-time;Second-year;Overall, teacher accessibility needs a significant overhaul to better support students.;More industry connections and specialized workshop sessions would greatly improve placement chances.;De feedback is vaak te theoretisch en mist de praktische toepassingen die we nodig hebben.;The expectations for participation need clearer definition to help us perform better.;I think performance-based assessments would accurately reflect what we actually know.;Could the department schedule some more informal office drop-in hours next semester?;Counseling was helpful, maar ik zou meer proactieve sturing bij examenvrees willen horen.
739;1;2026/27;Den Bosh;ICT & Business;Full-time;Third-year;More open communication and clearer scheduling for [PII] office hours would be greatly appreciated.;Het is nuttig, maar ik hoop op meer praktische hulp bij het vinden van stageplekken.;The faculty's willingness to connect with us early on shows genuine care for student success.;Het zou handig zijn als er meer gestructureerde, groepsgerichte sessies zouden zijn voor mentoring.;Some questions relied on unstated assumptions, which made answering problematic.;"Ik heb moeite met het bijhouden van alle wijzigingen; een betere centrale bron is nodig.";Het is lastig om de cursusmateriaal te volgen als de websites niet volledig responsief zijn op verschillende apparaten.
740;1;2026/27;Venlo;HBO-ICT;Full-time;Fourth-year;I feel confused about how the final grade will be calculated, de criteria zijn te vaag.;Het zou nuttig zijn om workshops te houden over conflictresolutie en professionele onderhandelingstechnieken.;Het is erg lastig om op tijd te studeren als de begeleiding weeks duurt om te reageren.;Connecting with peers helped me feel less alone while navigating university life.;Hoewel het proces oké was, zou meer concrete voorbeelden helpen bij het begrijpen van de beoordelingsstandaarden.;I feel that staff responsiveness varies too much between different course instructors.;The counselors were empathetic, but I wish they provided more hands-on academic planning support.
741;1;2026/27;Eindhoven;Software Engineering;Full-time;First-year;I wish we had more allocated time in the syllabus for practical application and discussion.;Meer focus op het oplossen van echte zakelijke problemen met bestaande data zou top zijn.;Ik zou meer begeleiding van de docenten op maat willen, niet zo'n groepsbijeenkomst.;I hope the institution can expand these peer networking opportunities further next year.;Het is frustrerend als het examen te veel leunt op details die niet behandeld zijn in de colleges.;Graag meer proactieve communicatie over mogelijke vertragingen, ook als het nog vaag is.;Het zou handig zijn meer duidelijkheid over de beschikbare speciale beurzen, please.
742;2;2026/27;Tilburg;Cyber Security;Full-time;Second-year;Overall, the academic quality here is top-notch and highly applicable.;The university should offer resume review sessions tailored to specific industry requirements.;Kunnen jullie de capaciteit verhogen? Het is onmogelijk om een plek te vinden.;More dedicated time for peer-to-peer skill sharing would be incredibly valuable.;Could the exams focus more narrowly on the specific case studies presented during the course?;It would be great to have a dedicated student mentor who is highly accessible for quick doubts.;De communicatie over uitstelopties is vaak vaag en laat veel ruimte voor interpretatie.
743;1;2026/27;Den Bosh;Artificial Intelligence;Full-time;Third-year;Could the institution ensure all resources are uploaded promptly? The delays are disruptive.;We really need more hands-on exposure through industrial site visits and tours.;Het is moeilijk om echt diepgaand te leren als de begeleiders zo constant wisselen en gaan.;Kunnen jullie een duidelijker protocol maken voor het behandelen van studentenfeedback?;Het navigatiesysteem voor aanpassingen is verwarrend en zou vereenvoudigd moeten worden.;Graag meer interactieve quizzen en kleine groepsopdrachten tijdens de online colleges.;We need mandatory checks to ensure all uploaded PDFs meet WCAG accessibility standards.
744;2;2026/27;Venlo;ICT & Business;Full-time;Fourth-year;Could we get an update on [NAME]'s grading? We are getting very anxious.;I wish more assignments used real-world data and company case studies for analysis.;Het is geweldig dat de docenten zo proactief zijn met extra sessies en begeleiding.;Het zou fijn zijn als het contact minder voorspelbaar en meer ad-hoc zou zijn.;Het is goed om meer voorbeelden te geven bij het stellen van theoretische vragen.;De frequentie en inconsistentie van de updates maakt het moeilijk om goed voorbereid te zijn.;Het is fijn dat er opties zijn, maar ik wil meer duidelijkheid over de procedures voor ziekteverlof.
745;1;2026/27;Eindhoven;HBO-ICT;Full-time;First-year;I feel like the pace is often too fast, making some complex topics hard to grasp fully.;I really hope we get access to industry-standard tools like SolidWorks for our design projects.;De ervaring van de mentoren is super waardevol voor onze toekomst in de sector.;The personalized mentoring sessions have given me actionable advice for my career path.;Het helpt als de instructies specifiek benoemen wat we moeten gebruiken bij de antwoord.;Het lijkt erop dat we meer variatie in lesvormen zouden kunnen hebben om gemotiveerd te blijven.;Het zou fijn zijn als de counselingdiensten na avonduren of in het weekend geopend konden worden.
746;2;2026/27;Tilburg;Software Engineering;Full-time;Second-year;The grading from [NAME] is perpetually delayed, causing unnecessary stress for us students.;Het zou helpen als de begeleiders meer industrie-ervaring hadden om betere adviezen te geven.;Super om te horen van mensen die al in de field zijn, het geeft richting.;Ik voelde me vaak ongemakkelijk tijdens de groepswerk vanwege culturele misverstanden.;Could the department provide clearer rubrics before the assignments are due, please?;Wij zouden het waarderen als er een vaste, wekelijkse updatebijeenkomst zou zijn voor alle studenten.;I appreciate how supportive the teaching staff was, always making time to listen to my situation.
747;2;2026/27;Den Bosh;Cyber Security;Part-time;Third-year;The workload seems immense for such limited contact hours, we need more practical sessions.;Using real market data makes the learning so much more relevant to future careers.;It would be helpful if the teachers dedicated some time to one-on-one consultations.;My mentor’s advice on interviewing techniques has greatly boosted my confidence for job applications.;Het zou helpen als de feedback ook suggesties bevat voor gerichte oefeningen, naast de kritiek.;Ik hoop dat de staf meer bereikbaar is voor dringende vragen buiten kantooruren.;Het is goed dat er ondersteuning is, maar de communicatie over de specifieke faciliteiten was te vaag.
748;1;2026/27;Venlo;Artificial Intelligence;Full-time;Fourth-year;It's really hard to catch the professors outside of class hours, they seem always unavailable.;Could we incorporate modules on intercultural communication, as that's increasingly important?;Het constant wisselen van docenten zorgt voor veel onzekerheid en verwarring.;Het was heel fijn om te horen dat mijn vooruitgang gezien en gewaardeerd wordt.;We really need better communication regarding the official grading schedule and estimated completion dates.;De ondersteuning voor internationale studenten zou nog veel meer proactieve communicatie kunnen gebruiken.;Ik hoop op meer begrip van docenten over de uitdagingen van tegelijkertijd studeren en zorgen.
749;2;2026/27;Eindhoven;ICT & Business;Full-time;First-year;The course materials are incredibly thorough, really connecting theory with practical industry insights.;Could the institution organize smaller, more intimate networking sessions with local industry leaders?;De interactie voelt te oppervlakkig, we hebben meer directe, individuele aandacht nodig.;Het zou mooi zijn met meer workshops over het omgaan met onzekerheid.;We merken dat de trage feedback de motivatie voor de studie vermindert, echt waar.;Meer verplichte groepswerkbeurten zouden de kans op contact en discussie flink vergroten.;I wish the counselors spent less time on forms and more on actual emotional support.
750;2;2026/27;Tilburg;HBO-ICT;Full-time;Second-year;Zou [NAME] misschien wat meer duidelijkheid kunnen geven over de timing van de grading?;I think regular company visits would greatly enhance our understanding of industry practices.;Het is onprofessioneel om zo vaak de begeleiders te laten roteren binnen één jaar.;More consistent follow-up would be really beneficial, right now it feels too spaced out.;Ik zou meer grotere, praktijkgerichte projecten willen doen in plaats van alleen examens.;Having one main phone number and a quick triage system would be extremely beneficial for students.;Het zou fijn zijn om meer mogelijkheden te zien voor alternatieve examenformaten dan alleen een herhaald examen.
751;2;2026/27;Den Bosh;Software Engineering;Full-time;Third-year;Kortom, de communicatie is wisselvallig en onvoorspelbaar, wat erg frustrerend is.;It would be really helpful to have more dedicated practice groups for behavioral interview questions.;De constante verandering van begeleiders vermindert de kwaliteit van het onderwijs merkbaar.;Ik waardeer de één-op-één sessies, het gaf me veel duidelijkheid over mijn loopbaanpad.;Could the rubrics provide more detailed examples for each scoring criterion mentioned in the assessment?;Het zou fijn zijn als er meer peer-to-peer interactie gestimuleerd zou worden, zodat we elkaar meer kunnen helpen.;Overall support is good, but better mechanisms for grade adjustments related to rigorous performance schedules are needed.
752;1;2026/27;Venlo;Cyber Security;Full-time;Fourth-year;The reliance on technical tools that frequently malfunction is quite discouraging.;Could we host smaller, industry-specific meetups instead of one large, overwhelming career fair?;Het lijkt alsof de docenten meer gescript lesgeven dan dat er sprake is van natuurlijke interactie.;Having peer-to-peer mentoring specifically focused on emotional resilience would be incredibly valuable.;Het was lastig om te begrijpen wat precies werd gevraagd bij de vragen.;Het zou fijn zijn met meer directe en persoonlijke feedback over de cursusinhoud.;Minder nadruk op de diagnoses en meer op praktische, alledaagse vaardigheden zou ik willen.
753;1;2026/27;Eindhoven;Artificial Intelligence;Full-time;First-year;Ik moet zeggen dat de feedbackloop met sommige docenten echt traag is en vaak onduidelijk.;Ik wil graag praktijkervaring zien met data die we echt in de industrie tegenkomen.;Ik hoop dat ze dit aanpakken, drie verschillende mensen in één jaar is mentaal vermoeiend.;Soms voel ik me alleen met de academische druk, extra sociale evenementen zouden helpen.;Perhaps reviewing the assessment guidelines against the syllabus would improve student clarity.;De studiegids was erg behulpzaam en hielp me echt bij mijn studieplanning. (Dutch);Kunnen de quizvragen en de uitlegvideo’s meer afzonderlijk worden gemaakt om een beter overzicht te krijgen?
754;1;2026/27;Tilburg;ICT & Business;Full-time;Second-year;When will we receive grades for this module? [NAME]'s grading pace is really hindering our progress.;Integrating real-life case analyses makes the curriculum much more relevant for our careers.;Having so many new faces constantly is draining, a consistent mentor would improve the overall student experience.;The guidance on resume building and interview preparation was incredibly helpful for my job search.;Could we incorporate more group work and collaborative problem-solving into the grading?;Het zou geweldig zijn met een feedbackronde na elk groot project om te zien wat we beter kunnen.;"The communication about rescheduling felt slow; a dedicated portal would make this much smoother."
755;1;2026/27;Den Bosh;HBO-ICT;Full-time;Third-year;De uitleg was te snel en de reactie op onze vragen was te kort om echt te helpen.;Het zou waardevol zijn om case studies van echte, grotere bedrijven te zien.;Alle mentoren zijn zeer toegankelijk en bereid om extra tijd te nemen voor ons.;Ik merk dat de reactietijd op belangrijke academische vragen soms echt te lang is, wat mij zorgen baart.;Meer specifieke feedback op mijn argumentatie en structuren zou de volgende keer een groot verschil maken.;Misschien zouden we een virtuele ‘vragen-op-moment’ sessie kunnen houden.;Het zou nuttig zijn als we de studiebelasting kunnen afstemmen op onze persoonlijke voortgang.
756;2;2026/27;Venlo;Software Engineering;Part-time;Fourth-year;I am so impressed by the quality and depth of the curriculum offered here.;Het zou fijn zijn als de gastsprekers meer diepgang konden bieden op nichegebieden binnen de sector.;Could the faculty perhaps incorporate more peer-to-peer learning activities to improve engagement?;Kortom, de mentoring heeft mij enorm geholpen met mijn carrièrevisie en vakkeuze.;Could the marking criteria for the open-ended questions be clearer beforehand?;I wish the platform offered more varied ways for students to contribute beyond just submitting text answers.;Perhaps a centralized platform could manage all special consideration requests efficiently.
757;2;2026/27;Eindhoven;Cyber Security;Full-time;First-year;Could we please get an adjustment to increase our weekly class time? It's too little.;Adding dedicated career panels with recent graduates would greatly improve job exposure.;Wat een teleurstelling dat we zo snel drie mentoren zien wisselen, het zorgt voor onzekerheid.;While the academic support is great, I really need better access to emotional check-ins.;Zouden we kunnen krijgen dat de feedback gekoppeld is aan specifieke leerdoelen, niet alleen een cijfer?;Ik denk dat regelmatiger, korte virtuele ‘check-ins’ de betrokkenheid van de studenten zouden verhogen.;Zou het mogelijk zijn om de documentatie te standaardiseren zodat deze altijd qua toegankelijkheid voldoet?
758;1;2026/27;Tilburg;Artificial Intelligence;Full-time;Second-year;Seriously, we need to talk to someone about [NAME]'s consistently delayed marking.;A dedicated resource hub with templates and job market statistics would be really useful.;Het klinkt meer als een voorlezing dan een workshop met persoonlijke interactie.;Zouden er meer reserve-sessies kunnen worden gepland zodat we niet constant teleurgesteld zijn?;The rubric was helpful, yet some grading felt arbitrary without clear justifications for deductions.;More flexible appointment times would significantly enhance the accessibility of the guidance.;Ik denk dat er meer opties voor alternatieve beoordelingen zouden kunnen komen.
759;1;2026/27;Den Bosh;ICT & Business;Full-time;Third-year;Ik ben zeer tevreden met de kwaliteit en de academische diepgang van de aangeboden lessen.;I wish there were more sessions focused on salary negotiation strategies for entry-level jobs.;Het was fijn dat er iemand was, maar de sessies waren te algemeen en niet gericht op studiepunten.;More frequent check-ins would help us identify issues much sooner rather than later.;I believe the assessment criteria should more closely reflect the core content taught in class.;Could you please clearly separate the contact details for academic advising versus financial aid?;Het is fijn dat er begrip is, maar meer specifieke studiemethoden voor ouders zijn wenselijk.
760;2;2026/27;Venlo;HBO-ICT;Full-time;Fourth-year;De docenten geven niet alleen theorie, maar ook praktische, bruikbare vaardigheden mee.;More specialized help with professional branding and personal online presence is needed.;It is incredibly frustrating when urgent queries about coursework are left unanswered for weeks.;Overall, the guidance has significantly boosted my confidence in my academic future here.;Het zou nuttig zijn om minder grote afname-examens en meer kleinere, frequente toetsen te hebben.;Could the institution please consolidate all updates into one reliable portal?;I recommend more standardized captioning practices for all instructional videos.
761;2;2026/27;Eindhoven;Software Engineering;Full-time;First-year;The delay in grades from [NAME] is negatively impacting our progress.;Het is geweldig, maar de thematische focus van de experts zou beter kunnen zijn.;Ik verwacht een snellere reactie, weken wachten op een antwoord is onprofessioneel.;I appreciated the deep dives into industry-specific networking strategies and job market trends.;Zou het mogelijk zijn om enkele examens te vervangen door grotere, meer gestructureerde projecten?;Please ensure that all department staff have a consistent and timely approach to student communication.;Meer psychologen beschikbaar tijdens kantooruren, dan kan ik het echt beter aan.
762;2;2026/27;Tilburg;Cyber Security;Full-time;Second-year;Het is te lang wachten op feedback, [NAME] moet de grading process verbeteren.;We really need more exposure to professional software packages, making us feel more ready.;De docenten zouden meer moeite moeten doen om een connectie te maken met ons als individuen.;It would be great to have alternative mentors available if the primary one is consistently unreachable.;"The feedback on grading felt somewhat arbitrary; I wish the rubric was clearer for everyone.";I appreciate the staff, but the process of finding the right person is currently too complicated.;Meer transparantie over de mogelijkheden en voorwaarden voor het aanpassen van deadlines zou helpen.
763;2;2026/27;Den Bosh;Artificial Intelligence;Full-time;Third-year;Meer aandacht voor de manier waarop gender en ras elkaar beïnvloeden zou het leerproces verrijken.;Could the curriculum incorporate more real-world datasets for our assignments, please?;De communicatie is traag en het zorgt voor een enorme stress en onzekerheid binnen het programma.;I feel like some of our concerns are just getting lost in the current system.;Implementing case studies or group presentations would be much more helpful for learning.;Could we get more accessible physical spaces and better signage throughout the campus?;Het is waardevol dat er een centraal punt voor advies is, maar de wachttijden waren te lang.
764;2;2026/27;Venlo;ICT & Business;Full-time;Fourth-year;Soms lijkt het alsof de focus te veel ligt op de theorie en te weinig op praktische toepassingen.;Zouden jullie kunnen kijken naar een meer regelmatige inzet van gastsprekers?;The assignments seem to be based on very old case studies, I feel that way.;Ik vond de sessie over studiekeuze heel waardevol, het gaf me veel richting.;Please could the institution provide more timely updates regarding grade release dates?;"Ik waardeer het dat jullie ons vragen; ik hoop dat dit echt invloed heeft op de colleges.";It would be great if more ramps were installed near the main entrance for easier access.
765;1;2026/27;Eindhoven;HBO-ICT;Part-time;First-year;Ze waren erg toegankelijk en antwoordden altijd op vragen, hoewel het materiaal best zwaar is.;Consider integrating more practical professional certifications, perhaps through elective courses.;I wish the institution could provide more consistent faculty assignments for students.;Het is lastig om consistent contact te houden met de mentor.;Het zou nuttig zijn als de feedback meteen na de proefversie beschikbaar zou zijn, zodat we kunnen verbeteren.;I wish the support was less scripted and more focused on actionable, personalized academic strategies.;Please consider adding more ground-floor access points instead of relying solely on stairs.
766;1;2026/27;Tilburg;Software Engineering;Full-time;Second-year;Meer uren zou helpen om de verschillen tussen de vakken duidelijker te maken.;Zou het mogelijk zijn om een module toe te voegen over de software die momenteel in de praktijk wordt toegepast?;De instructie is vaak te generiek en mist de diepte van één-op-één begeleiding.;More structured workshops on thesis writing and academic writing techniques would be beneficial.;Ik merk dat veel van de opmerkingen te vaag zijn om daadwerkelijk mee aan de slag te gaan.;"I really appreciate the weekly check-ins; it made a huge difference in keeping my motivation up.";I wish there was a more empathetic and adaptable approach to handling academic pressure.
767;2;2026/27;Den Bosh;Cyber Security;Full-time;Third-year;De docenten reageren te traag op belangrijke vragen, wat ons veel tijd kost.;Ik zou graag meer praktische mock-interviews gehad hebben, met echte feedback op mijn antwoorden.;De koppeling tussen theorie en de echte arbeidsmarkt is perfect op dit niveau.;Het zou helpen als er meer spontane, informele check-ins zouden komen, niet alleen gepland momenten.;De examens lijken te wijzen op kennisgebieden die we nauwelijks aandacht hebben gegeven.;I often feel overlooked when my questions are not answered promptly by the teaching staff.;The current support is good, but personalized check-ins with an advisor would be even better.
768;1;2026/27;Venlo;Artificial Intelligence;Full-time;Fourth-year;The assignments seem excessive, it’s difficult to manage this workload with a job.;Het zou helpen als er meer workshops over LinkedIn profielen en optimalisatie zouden zijn.;De docenten moeten meer tijd besteden aan ons, we voelen ons wat genegeerd.;The department resources provided great insights into postgraduate options and further study.;The weighting of different parts of the exam needs to be clearer in the question prompt.;Is het beter om de faculteit of de centrale helpdesk te contacteren voor dit probleem?;Could the institution consider more personalized pathways rather than a one-size-fits-all curriculum?
769;2;2026/27;Eindhoven;ICT & Business;Full-time;First-year;Het zou helpen als er meer variatie in de presentatiestijl zou zijn, anders wordt het saai.;Incorporating industry-standard tech into assignments would vastly improve our job readiness skills.;Het was geweldig dat ze een extra sessie organiseerden, dat toonde veel betrokkenheid.;Zouden er meer vangnetten zijn als de vaste mentoren plotseling onbeschikbaar zijn?;De taal in de vragen is soms te vaag, wat het moeilijk maakt om een definitief antwoord te formuleren.;Zouden er meer 'office hours' kunnen komen zodat we individueel vragen kunnen stellen?;Ik zou meer voorlichting willen over het aanvragen van vervangende financiële steun.
770;2;2026/27;Tilburg;HBO-ICT;Full-time;Second-year;I think more visual aids would greatly improve understanding of these complicated systems.;Het zou geweldig zijn om studenten bloot te stellen aan diverse, actuele industriële projecten.;Kunnen de mentoren ervoor zorgen dat hun advies consistent is met de officiële universiteitsrichtlijnen?;They helped me narrow down my options effectively, which gave me confidence in my academic path.;Ik heb vaak problemen gehad met de platformresponsiviteit, wat frustrerend was.;We need more opportunities for informal discussions, not just formal, impersonal survey forms.;"Niemand oordeelde; ze keken eerder naar mijn welzijn dan alleen naar mijn cijfers."
771;1;2026/27;Den Bosh;Software Engineering;Full-time;Third-year;It would be helpful to include guest speakers from diverse backgrounds, enriching the overall student experience.;De vakken moeten meer gericht zijn op de vaardigheden die de echte werkgevers vragen.;Meer specifieke online mentoring zou enorm helpen met de overgang naar zelfstudie.;Misschien zou men meer zichtbaarheid kunnen geven aan studenten uit diverse culturele achtergronden.;Combining practical work with exams would give a clearer picture of overall understanding.;I think more informal chats with the lecturers would make the course feel more connected.;Het zou helpen als de deadlines voor deze speciale grants meer worden gecommuniceerd.
772;1;2026/27;Venlo;Cyber Security;Full-time;Fourth-year;De communicatie met de docenten is slecht, en ze reageren op e-mails heel traag.;Ik hoop dat de school vaker optreedt met experts die hun kennis delen.;Its simply unacceptable that urgent queries take this long to receive a reply.;I appreciate the welcoming environment, but some resources lack consideration for different backgrounds.;Een mix van praktijkgerichte en theoretische beoordelingen zou ideaal zijn voor ons.;Could you create specific guides distinguishing admin issues from academic ones?;Het is nuttig om een centraal punt te hebben voor al soort aanpassingen in het studieplan.
773;2;2026/27;Eindhoven;Artificial Intelligence;Full-time;First-year;The material could be improved by including voices and narratives from various marginalized groups.;Meer georganiseerde netwerkevents met bedrijven zouden echt nuttig zijn voor de carrièresfeer.;It would be helpful if the mentors focused more on career path discussions.;I feel included most of the time, but there's definitely room for improving cultural awareness.;Het was moeilijk om te snappen wat precies gevraagd werd bij sectie drie van de toets.;Organisatorisch zou een studentenraad met meer sociale initiatieven een positieve impact hebben.;Het zou fijn zijn met meer proactieve check-ins, in plaats van alleen reactief advies.
774;2;2026/27;Tilburg;ICT & Business;Part-time;Second-year;The course content is massive, but the allotted lecture time feels far too short.;The access to alumni contacts for job leads could be greatly expanded and promoted.;Please ensure mentors are up-to-date with the latest research findings.;Het zou helpen als we duidelijker feedback krijgen over wat 'goed genoeg' precies betekent.;Meer duidelijke richtlijnen voor de rubrics zouden het hele proces verbeteren enorm.;Het was super dat ze mij doorverwezen naar de juiste hulp, ik voelde me echt geholpen.;Having adjustable study plans would greatly reduce academic stress and improve focus.
775;1;2026/27;Den Bosh;HBO-ICT;Full-time;Third-year;Het is lastig om op de hoogte te blijven door de inconsistente updates van de docenten.;Ik zou graag meer feedback willen over carrières die nog niet in het curriculum worden behandeld.;Kunnen we meer sessies hebben waar docenten individuele vragen kunnen beantwoorden zonder grote groep?;Could the mentoring sessions occur more regularly, instead of just during crunch time?;It would be helpful if the assessment guidelines were provided with concrete examples of answers.;Het is verwarrend dat er zoveel verschillende e-mailadressen zijn voor vergelijkbare zaken.;Ik zou graag een betere balans willen zien tussen academische druk en mentale gezondheidszorg.
776;2;2026/27;Venlo;Software Engineering;Full-time;Fourth-year;[NAME] always takes forever, this grading process needs a major overhaul.;It would be helpful to host more dedicated sessions connecting students directly with alumni professionals.;The general feel of the mentoring session is too broadcast-oriented, not individual enough.;Zou het kunnen dat er een centrale contactpersoon is, die ons kan helpen met planning en afspraken?;Het is heel frustrerend dat we zo lang moeten wachten op onze eindexamens en feedback.;Ik ervaar dat het moeilijk is om snel contact te krijgen als het niet over de lesstof gaat.;The lack of proper seating breaks in long study sessions is quite noticeable.
777;1;2026/27;Eindhoven;Cyber Security;Full-time;First-year;Kunnen we een overzicht krijgen van de gewichten per onderdeel? Dat was onduidelijk.;Would it be possible to use actual client case studies for our final year assignments?;Please implement a system that ensures stable faculty assignments for better student support.;Het advies dat ik kreeg over mijn carrièrepad was heel nuttig en duidelijk.;Could we have a meeting to discuss the objective standards used for essay grading?;Overall, de manier waarop wijzigingen worden gecommuniceerd is traag en vaak onvolledig.;Het is cruciaal dat de wc's op alle verdiepingen voldoende ruimte hebben voor manoeuvreerruimte.
778;1;2026/27;Tilburg;Artificial Intelligence;Full-time;Second-year;Het zou nuttig zijn als er meer sessies waren, ik voelde dat de stof te snel ging.;Kunt u meer aandacht besteden aan de vaardigheden die bedrijven nu echt verlangen?;Extra sessies over industriële software en hun gebruik in de praktijk zouden helpen.;Kunt u meer workshops aanbieden over het omgaan met verschillende religieuze achtergronden?;Assessment needs more direct alignment with the practical examples shown during our weekly sessions.;Mijn mentor nam de tijd om mijn carrièresporen te bespreken, wat zeer waardevol was.;Could the institution offer personalized consultations regarding financial aid eligibility?
779;2;2026/27;Den Bosh;ICT & Business;Full-time;Third-year;Misschien kan het systeem worden aangepast zodat [NAME] sneller met het beoordelen kan zijn.;Het zou goed zijn als de gastsprekers meer gericht zouden zijn op de ethische kant van ons vakgebied.;I really wish the academic staff could respond to emails within a couple of days, not weeks.;It would greatly help if follow-up calls addressed the core concerns raised in the initial meeting.;Kunnen we meer gericht advies krijgen over hoe we onze zwakke punten daadwerkelijk kunnen verhelpen?;Meer check-ins met de coach, misschien bi-weekly, zou het leerproces echt verbeteren.;"De ondersteuning was uitmuntend; ze wisten hoe ze het beste konden aanpassen."
780;1;2026/27;Venlo;HBO-ICT;Full-time;Fourth-year;Ik twijfel aan mijn prestatie omdat de criteria voor de presentatie zo vaag waren.;I really wish there were more focused sessions connecting us with alumni working in tech fields.;I really appreciate the practical insights the lecturers provide, making the theory tangible.;Kunnen we de frequentie van de mentorgesprekken wat opvoeren, dan voelt het beter?;Some material tested was not adequately reinforced in the lecture hours, making it difficult to answer.;It would be really helpful if the staff could make themselves more available for ad-hoc questions.;Ik stel voor dat de studieruimtes op de bovenverdiepingen meer lifttoegang krijgen.
781;2;2026/27;Eindhoven;Software Engineering;Full-time;First-year;The instructors truly brought the complex concepts to life, offering practical context we can use.;Ik zou meer concrete voorbeelden en feedback op mijn portfolio willen ontvangen, vooral voor de creatieve industrie.;I keep trying to book, but the slots are always taken up when I need them most.;Het zou helpen als er meer open gesprekken waren over faalangst en druk.;The general comments didn't explain the *why* behind the lower marks given.;Could the lecturers provide more varied methods for us to interact with the material?;Could the learning portal ensure that all PDF documents are screen-reader friendly for better access?
782;1;2026/27;Tilburg;Cyber Security;Full-time;Second-year;I feel pressured by the constant stream of deliverables, it's too much stress.;Ik denk dat er een betere brug geslagen kan worden naar de werkvloer door meer netwerk-evenementen.;Het is geweldig om te zien dat ze echt geïnteresseerd zijn in ons succes als studenten.;Super helpful resources and clear direction on course requirements, thank you!;De feedback over de tentamens was nuttig, maar de gradatie bleef soms onduidelijk.;Het zou nuttig zijn om meer gedeelde maaltijden te organiseren om de gemeenschapszin te versterken.;More designated quiet study spaces on campus would make focused study time much easier to achieve.
783;1;2026/27;Den Bosh;Artificial Intelligence;Part-time;Third-year;Ik zou graag zien dat er meer flexibiliteit is in de opleverdata van de grote projecten.;Could the curriculum include more options for site visits to diverse companies, please?;Ik voel me soms echt genegeerd wanneer de campusacties zo erg gericht zijn op fysiek aanwezig zijn.;The lack of quick feedback on assignment drafts makes me feel very unsupported.;Het zou nuttiger zijn als feedback gekoppeld is aan specifieke literatuurbronnen.;Het zou helpen als de docenten meer bereikbaar zouden zijn buiten de vaste lesuren.;Ik denk dat individuele modules of specialisaties beter zouden passen dan een vast rooster.
784;2;2026/27;Venlo;ICT & Business;Full-time;Fourth-year;Ik zou graag meer vertegenwoordiging van verschillende culturele achtergronden in de lesmateriaal zien.;Zouden meer projecten met analyses van echte zakelijke scenario's helpen?;Could the institution optimize the booking flow? It feels constantly unavailable or broken.;I wish there was a clearer system for booking appointments without so much back-and-forth.;I think the feedback often focuses too much on the grade and not enough on my development path.;Het is fantastisch dat alle wijzigingen gecentraliseerd staan, dus geen gemiste info meer.;Please make sure that all external links are also checked for accessibility compliance.
785;1;2026/27;Eindhoven;HBO-ICT;Full-time;First-year;Honestly, more lecture time would greatly help with grasping the complex theories presented here.;More frequent, diverse guest lectures are crucial for bridging the gap between theory and professional reality.;Het gevoel dat we niet alleen zijn, komt door de continue, vriendelijke ondersteuning.;I often struggle to schedule a slot that works for both of us.;"Het systeem was te omslachtig; de navigatie van het examenplatform was erg verwarrend en tijdrovend.";"Ik waardeer de proactieve check-ins; het helpt enorm om gemotiveerd te blijven tijdens studeren.";De empathie van het personeel was top, maar de reactietijd op vragen is vaak te traag.
786;1;2026/27;Tilburg;Software Engineering;Full-time;Second-year;Maybe adding modules on global citizenship and social justice issues would be beneficial for the program.;Het zou super zijn als we meer simulaties konden doen met echte bedrijfsprocessen.;Could the institution enforce a faster response time for academic mentors, please?;It would greatly help if there was a single point of contact for urgent student welfare issues.;Minder vage opmerkingen en meer gerichte, bruikbare feedback zou het lerenproces optimaliseren.;Ik zou graag meer georganiseerde activiteiten willen die de banden tussen verschillende studenten versterken.;I think the support structure is excellent and the staff are very supportive when you need it.
787;1;2026/27;Den Bosh;Cyber Security;Full-time;Third-year;Kunnen we ergens feedback geven over het langzame tempo van [NAME] cijferopleving?;Meer gekoppelde sessies met voormalige studenten die een loopbaan hebben in marketing zouden nuttig zijn.;Ik hoop dat de organisatie de communicatie met mentoren stroomlijnt om sneller te reageren.;Perhaps having a group mentoring session once a month would be less stressful than one-on-one.;The platform kept freezing intermittently, which really disrupted my concentration and learning flow.;I wish there was a dedicated chat bot for quick questions about schedule changes, that would be helpful.;A formal recognition system for caregiving hours could greatly reduce academic stress.
788;2;2026/27;Venlo;Artificial Intelligence;Full-time;Fourth-year;I wish the assessment criteria were more transparent so we knew exactly how to maximize our grades.;Incorporating real professional software would significantly boost our confidence when entering the workforce.;The teachers seemed disconnected from the actual industry applications we discussed in class.;De erkenning van kleine prestaties zorgt ervoor dat je gemotiveerd blijft, echt geweldig.;Could you please speed up the grade release process after major exams?;Sometimes het voelt alsof mijn vragen niet meteen worden beantwoord, zeker bij deadlines.;Ik zou graag meer toegankelijke en laagdrempelige psychologische hulp op de campus willen zien.
789;2;2026/27;Eindhoven;ICT & Business;Full-time;First-year;Het is echt moeilijk om de docenten te bereiken voor vragen buiten collegeuren.;Could we get more hands-on experience with project management tools, because that is key in most jobs?;Honestly, having three different people means I never get to build a solid relationship with any single mentor.;Finding a support system among my peers was invaluable and helped my motivation increase significantly.;Assessment options should include more flexible formats to suit diverse learning needs.;Het zou fijn zijn als de communicatie over mentale gezondheid meer toegankelijk en minder stigmatiserend was.;Zelfs de docenten die ik minder vaak zag, waren verrassend begripvol en hulpvaardig.
790;2;2026/27;Tilburg;HBO-ICT;Full-time;Second-year;Het is frustrerend dat [NAME] beoordelingen zo traag zijn, we moeten weten wat de status is.;Could you integrate more skills like project management into the career workshops?;I wish we had more dedicated small-group sessions instead of these large lectures.;Het zou fijn zijn als er meer workshops over stressmanagement en mindfulness zouden worden georganiseerd.;Het is fijn dat er een speciale begeleider is, maar ik zou meer persoonlijke aandacht willen.;Het zou helpen als de docenten meer spontane discussieonderwerpen zouden introduceren tijdens de virtuele colleges.;It would be really helpful to have more flexible pacing options instead of a rigid schedule.
791;1;2026/27;Den Bosh;Software Engineering;Full-time;Third-year;De verhouding tussen theorie en praktijk voelt onevenwichtig vanwege te weinig lesuren.;Meer hulp met het opbouwen van een sollicitatiestrategie voor mijn eerste echte baan.;Kunt u de reactietijd verbeteren? We hebben sneller antwoorden nodig voor tentamens.;Het is goed dat het onderwerp besproken wordt, maar de implementatie voelt te oppervlakkig.;Het zou geweldig zijn met meer simulaties en praktijkgerichte beoordelingsmogelijkheden.;Het was moeilijk om echt verbinding te maken met de studentenondersteuningspersoneel.;"Everyone showed such kindness and understanding regarding my family situation; it helped greatly."
792;2;2026/27;Venlo;Cyber Security;Part-time;Fourth-year;Kunnen we wat feedback geven over [NAME] grading? Het tempo is erg traag, echt.;Could you organize more career days specifically for technical placement opportunities?;It would be wonderful to have dedicated online student liaisons to address our specific needs.;Het gemak om direct met medestudenten vragen te stellen was een enorme pluspunt voor mij.;Some questions felt ambiguously worded, making it hard to know the exact scope.;Seriously, better communication about room changes weeks in advance would be greatly beneficial for students.;More accessible, informal drop-in sessions with specialized counselors would make a huge difference for me.
793;2;2026/27;Eindhoven;Artificial Intelligence;Full-time;First-year;Het materiaal was duidelijk gepresenteerd, de manier van uitleggen was erg behapbaar en overzichtelijk.;Real business case studies greatly enhance our preparation for entry into the professional field.;Soms krijg ik tegenstrijdige informatie van verschillende docenten over het beoordelingsbeleid. Dat is lastig.;It would be nice to have resources tailored for international students from various regions.;Kunnen we de zware examenperiodes iets meer spreiden over het hele semester, alsjeblieft?;Zouden jullie een centrale inbox kunnen opzetten die de vragen correct sorteert en doorstuurt?;We really need better ramps leading up to the library's entrance for wheelchairs.
794;1;2026/27;Tilburg;ICT & Business;Full-time;Second-year;The instructors genuinely connected the theory to real-world industry scenarios, which I really appreciate.;Zouden jullie eens kijken naar een 'speed networking' evenement met diverse sectoren?;It would be helpful if the mentors received better training on subject matter.;We need clearer communication on who is responsible for addressing student concerns promptly and effectively.;Het gevoel van falen door een examen lijkt mijn academische prestaties te ondermijnen.;Perhaps more in-person forums where we can discuss things face-to-face would improve things.;Could the athletic department offer more dedicated study spaces near the training complex?
795;1;2026/27;Den Bosh;HBO-ICT;Full-time;Third-year;Het zou veel beter zijn als de docenten meer proactief zouden communiceren over wijzigingen.;Het is goed, maar meer directe begeleiding bij het sollicitatieproces zou het perfect maken.;Het is lastig om te weten wat de juiste weg is als elk mentoren verschillende meningen geven.;Ik heb soms het gevoel dat emotionele ondersteuning nog niet voldoende is.;Could we incorporate more real-world case studies instead of just multiple-choice questions?;I wish we had more scheduled small group discussions with the lecturers to really flesh out the material.;Het zou fijn zijn als de docenten meer begrip hadden voor onverwachte zorgverplichtingen.
796;2;2026/27;Venlo;Software Engineering;Full-time;Fourth-year;Het curriculum wordt zo goed uitgelegd dat het direct aansluit bij wat ik in de toekomst nodig heb.;Meer oefenen met feedback geven en ontvangen is cruciaal voor een professionele mindset.;Het voelt alsof we nooit echt een mentor kunnen vasthouden vanwege de turnover.;Het gevoel van gemeenschap dat de netwerken creëerden, is echt geweldig voor studentenwelzijn.;Het zou geweldig zijn als we binnen een week na de toetsing al wat resultaten en feedback zouden krijgen.;Adding more multimedia elements and collaborative tools would make the remote learning experience much richer.;Could the institution consider reviewing the ramp gradient for easier wheelchair access?
797;2;2026/27;Eindhoven;Cyber Security;Full-time;First-year;I feel that the readings often lack perspectives from non-Western cultures, which is concerning.;Het zou helpen om de link naar de praktijk te zien via analyses van recente bedrijfsrapportages.;I expected a much quicker response regarding the project guidelines, waiting is disruptive.;I wish there was a clearer process for escalating issues beyond the primary contact.;Kunt u meer aandacht besteden aan de manier waarop feedback wordt gegeven, zodat het actiever is?;Could you provide a clearer timeline for when we can expect these pending structural updates?;Zou het mogelijk zijn om meer flexibele oproepdiensten voor studenten met zorgtaken aan te bieden?
798;1;2026/27;Tilburg;Artificial Intelligence;Full-time;Second-year;Honestly, more dedicated time slots are needed for deeper discussion and Q&A sessions.;Kunt u meer cursussen aanbieden die specifiek gericht zijn op de gekoesterde certificeringen in uw vakgebied?;Het is geweldig dat de docenten proactief zijn, ze wachten niet tot we vragen.;Het is lastig om te weten wat de verwachtingen zijn voor de volgende fase, meer structuur helpt enorm.;More precise wording in the prompts would really improve the overall student experience.;I appreciate the follow-up emails, but please make them less generic and more tailored to our courses.;Perhaps more resources are needed for student parents managing academic stress.
799;2;2026/27;Den Bosh;ICT & Business;Full-time;Third-year;Het zou veel beter zijn met meer sessies, want de stof is echt te uitgebreid voor de huidige tijdsduur.;Het zou fijn zijn als meer workshops over groepsdynamiek en effectieve vergaderingen werden georganiseerd.;I found the response time from the assigned mentor highly problematic and slow.;Please ensure that student complaints are logged and addressed without unnecessary delays.;We hopen op een verbetering in de snelheid waarmee de cijfers en de evaluaties worden uitgereikt.;Could we get more departmental town halls to discuss resource allocation and student needs openly?;Could there be more opportunities for self-paced learning in difficult subjects?
800;2;2026/27;Venlo;HBO-ICT;Full-time;Fourth-year;My main issue is the lack of clear response times, waiting days for an email is extremely inefficient.;Het zou helpen met meer simulaties van bedrijfsvergaderingen en besluitvormingsprocessen.;I think more tailored mentoring would significantly improve my understanding of the course material.;Ik zou graag willen zeggen dat de studieadviezen erg goed en praktisch waren.;Ik zou meer specifieke suggesties willen voor hoe ik mijn geschrijfvaardigheid kan verbeteren.;The resources are fantastic, but the human element of personal connection needs strengthening.;Could you invest in better lifts and maintenance across all academic buildings?
801;1;2026/27;Eindhoven;Software Engineering;Part-time;First-year;Ik heb het gevoel dat we meer begeleiding nodig hebben om de gemiste stof in te halen.;A more robust alumni network could connect current students with professional opportunities in their field.;Ik moet sneller hulp krijgen met mijn project, de reactietijd is echt te lang.;Zouden we meer feedback kunnen krijgen over onze zwakste punten, in plaats van alleen een algehele beoordeling?;Ik raad aan om meer ondersteuning voor mentaal welzijn aan te bieden tijdens de toetsweek.;Is the academic support team for major grade concerns, or is that handled by the departmental head?;Ik zou feedback willen geven over de noodzaak van flexibele examenplanning rondom bijzondere omstandigheden.
802;1;2026/27;Tilburg;Cyber Security;Full-time;Second-year;The delay in receiving grades from [NAME] makes it hard to know where we stand with the material.;I think focusing on specialized software training, rather than general theory, would be more beneficial.;De open communicatie en de proactieve hulp zijn perfect voor een goede leeromgeving.;Het duurt te lang voordat er een reactie komt op mijn academische vragen, dat is stressvol.;Generally, the accommodations provided are supportive, but the initial sign-up process is overly complicated.;I feel like we don't know who to contact for specific, immediate technical issues.;Zonder de steun van het personeel zou ik deze periode niet kunnen overleven.
803;1;2026/27;Den Bosh;Artificial Intelligence;Full-time;Third-year;Het is moeilijk om goed te presteren zonder een heldere uitleg van wat precies wordt beoordeeld.;Een beter overzicht van de vaardigheden die de arbeidsmarkt echt vraagt zou enorm helpen.;Please provide clearer guidelines for the mentors regarding their specific topics.;Meer proactieve communicatie en sneller antwoord op geformuleerde bezorgdheden is gewenst.;Kortom, het is lastig om te zien hoe de examens aansluiten bij de daadwerkelijke lesinhoud.;Can we consolidate the contact information so I don't have to search multiple websites?;Ik waardeer de inspanningen, maar het systeem voor het aanvragen van aanpassingen is nog te rommelig.
804;2;2026/27;Venlo;ICT & Business;Full-time;Fourth-year;Ik hoop echt dat [NAME] de beoordeling sneller krijgt, want we zitten te wachten.;I suggest increasing the frequency and depth of industry-led professional seminars.;Het zou geweldig zijn als we een expert uit de sector konden betrekken voor een dagworkshop.;I wish there was a dedicated space or group for talking about mental health concerns.;Maybe consider rolling out a system for instant feedback on smaller assessments to build confidence.;Het is frustrerend dat we te vaak via verschillende kanalen meldingen krijgen.;Could the platform provide a centralized checklist for materials accessibility before publication, please?
805;1;2026/27;Eindhoven;HBO-ICT;Full-time;First-year;Het team geeft uitstekend inzicht in de nieuwste ontwikkelingen, wat zeer waardevol is.;Het zou enorm helpen met meer gespecialiseerde CV-workshops voor verschillende industrieën.;Kunnen de mentoren echt sneller reageren? Deze vertragingen zijn een groot struikelblok voor ons.;Better centralized communication methods are needed to improve our access to support.;"Het ritme van constante deadlines is te veel; we hebben behoefte aan meer rustperiodes.";Het zou super zijn met meer gezamenlijke studiegroepen die een informeel karakter hebben.;De ondersteuning was oké, maar het gebrek aan flexibiliteit in de afspraken was frustrerend.
806;1;2026/27;Tilburg;Software Engineering;Full-time;Second-year;Ik vind het teleurstellend dat de contacturen te beperkt zijn voor een goed begrip van de stof.;Ik zou meer guest lectures van praktijkprofessionals willen, misschien één per maand.;We deserve consistent guidance, the rotating mentors make the curriculum feel disjointed.;Ik voelde me echt gezien en gewaardeerd door de positieve feedback van mijn mentor.;It felt like the exam covered some advanced topics not properly introduced during seminars.;Het zou fijn zijn met meer flexibele afspraken, omdat ik niet altijd op de vaste tijd kan.;Dutch spraakles waren erg nuttig bij het managen van mijn gecombineerde schema.
807;2;2026/27;Den Bosh;Cyber Security;Full-time;Third-year;I feel like I'm constantly chasing the professor for clarification on assignments.;Meer praktijkgerichte modules over projectmanagement en Agile methodologieën zijn echt nodig.;Mijn mentor was fantastisch, hij nam de tijd voor al mijn vragen.;The consistent recognition of our hard work really boosted my confidence this semester.;Het was prima, behalve dat het concept van 'creatieve output' te breed en daarmee te subjectief bleef.;Het is verwarrend of ik eerst de studentendecaan of het administratieve kantoor moet contacteren.;I think a more informal support group, led by peers, would be incredibly beneficial.
808;1;2026/27;Venlo;Artificial Intelligence;Full-time;Fourth-year;Ik wacht al te lang op feedback over mijn project, het is frustrerend.;It would be helpful to host workshops that teach us how to effectively utilize the contacts made at career fairs.;Het voelt meer als een grote groep dan een echt mentorschap, te weinig persoonlijke touch.;Het is fijn dat je niet alleen kijkt naar cijfers, maar ook naar de persoonlijke groei.;Kan de school meer structuur aanbrengen om de angst rond grote toetsen te verminderen?;Overall, the communication about location changes needs much clearer and earlier notice from the department.;Ik zou graag een betere analyse willen zien van de toegankelijkheid van de kunstfaciliteiten.
809;1;2026/27;Eindhoven;ICT & Business;Full-time;First-year;The assessment expectations changed halfway through the course, leaving us unprepared for grading.;De theorie is prima, maar meer tijd besteden aan industrie-specifieke software zou helpen.;De begeleiding is fantastisch, ze zorgen ervoor dat we altijd de nodige ondersteuning krijgen.;Misschien een wekelijks Q&A sessie waar we onze gemelde problemen direct kunnen bespreken?;The instructions for the case study section were quite confusing and needed more detailed guidance.;De WhatsApp groepschats worden vaak overspoeld met irrelevante berichten, wat verwarring veroorzaakt.;Ik hoop op workshops over copingmechanismen, zodat we meer leren over zelfmanagement.
810;2;2026/27;Tilburg;HBO-ICT;Part-time;Second-year;Ik begreep niet wat de beoordelingscriteria waren voor dit project, het was te vaag.;Meer begeleiding bij het opbouwen van een professioneel online profiel, zoals LinkedIn, zou geweldig zijn.;I think more structured sessions or mandatory follow-ups are needed for quality control.;Overall, the academic guidance has been excellent and highly supportive of my goals.;The comments felt very general and didn't offer a clear path forward for my academic growth.;Ik zou graag meer mogelijkheden zien voor informele gesprekken met de docenten.;Het zou fijn zijn als er meer gestandaardiseerde opties waren voor het inhalen van gemiste colleges.
811;2;2026/27;Den Bosh;Software Engineering;Full-time;Third-year;[NAME] needs to improve the communication regarding grade release dates.;Ik denk dat we meer praktijkgerichte projecten zouden moeten hebben die echt de arbeidsmarkt nabootsen.;I feel like my learning is being interrupted by the frequent rotation of instructors.;My mentor was great at connecting me with industry professionals for networking.;Het zou helpen als de beoordeling niet uitsluitend afhangt van één grote examen dag.;Ik hoop dat de feedback over de bibliotheek meer invloed heeft op de openingstijden.;Het personeel was zeer attent en liet me de ruimte om gemarkeerde lessen te halen.
812;1;2026/27;Venlo;Cyber Security;Full-time;Fourth-year;Het curriculum is enorm compleet, ik krijg een brede en diepgaande kijk op het onderwerp.;Meer sessies over salarisonderhandelingstechnieken en loonverhoging zijn nodig.;Het zou helpen als we meer persoonlijke interactie konden krijgen tijdens de collegeuren.;Ik hoop op meer respectvolle aanpak van culturele verschillen in de dagelijkse interacties.;Zou het mogelijk zijn om feedback te geven per individuele vaardigheid in plaats van als één geheel?;Het contact was goed, maar het miste soms die persoonlijke, menselijke touch.;Ik zou graag meer opties willen zien voor het aanpassen van de studielast per semester.
813;2;2026/27;Eindhoven;Artificial Intelligence;Full-time;First-year;De diepgang van de stof is echt indrukwekkend en de docenten maken het heel begrijpelijk.;Ik zou meer praktijkgerichte projecten willen, zodat we direct relevante vaardigheden kunnen oefenen.;It feels like there's a serious delay in getting necessary advice from the course faculty members.;Het traject gaf me concrete vaardigheden die ik direct in de arbeidsmarkt kon gebruiken.;Meer praktische beoordelingen in plaats van alleen maar grote schriftelijke examens zou motiverend zijn.;Kunt u er voor zorgen dat docenten meer bereikbaar zijn tijdens de geplande werktijden?;De toiletten op de grond zijn prima, maar de liften tussen de vleugels werken niet altijd.
814;2;2026/27;Tilburg;ICT & Business;Full-time;Second-year;Wat is de reden voor de trage grading van [NAME]? Dit heeft echt invloed op onze planning.;Increased frequency of industry talks would solidify our real-world knowledge significantly.;I appreciate the support, but I think clearer guidelines for the mentors are urgently required.;Having those informal chats with classmates was really helpful for navigating the curriculum and making friends.;Would it be possible to receive preliminary feedback before the final official grades are published?;The current method for notifying us about class cancellations is quite unreliable.;Zou het mogelijk zijn om een intakegesprek te plannen over financiële ondersteuning?
815;2;2026/27;Den Bosh;HBO-ICT;Full-time;Third-year;The expectations regarding critical analysis feel quite ambiguous to the students.;Meer netwerkgelegenheden en workshops over het opbouwen van een professioneel contactenbestand zijn gewenst.;Ik wacht al weken op feedback, dit is echt te traag voor een moderne studie.;Having a strong support system among students greatly improved my overall university experience.;Het zou nuttig zijn om meer over alternatieve, minder stressvolle beoordelingsvormen te informeren en aan te bieden.;Het zou geweldig zijn als we een vaste week hadden waarop alle veranderingen worden samengevat.;Het beleid rondom tijdelijke aanpassingen mist soms begrip voor de werkelijke studentenlast.
816;1;2026/27;Venlo;Software Engineering;Full-time;Fourth-year;The course feels rushed, we desperately need additional practical sessions to solidify these concepts.;Building industry partnerships beyond the immediate city area would be very valuable to us.;Alleen de mentor zelf is super, maar de cursus zou meer algemene studietechnieken moeten aanbieden die verder gaan dan de mentor.;Ik merk dat de beschikbaarheid van de mentoren soms lastig is, meer roosterplanning zou helpen.;Ik ben tevreden met de structuur, maar een betere uitleg van de afwegingsfactoren helpt enorm.;Knowing more about unofficial office hours would help us plan our study time better.;"De counselors waren erg behulpzaam; ik voelde me echt begrepen qua mijn specifieke leerbehoeften."
817;2;2026/27;Eindhoven;Cyber Security;Full-time;First-year;I am really frustrated with the grading process, [NAME] is grading so slowly.;Het is goed om gastcolleges te hebben, maar de kwaliteit en diepgang zou verbeterd kunnen worden.;Ik denk dat de feedback over de docenten erg vaag is en meer specifiek hoort te zijn.;Kunnen we meer groepsgesprekken organiseren over het omgaan met faalangst tijdens het studeren?;Het zou geweldig zijn als de feedback gekoppeld was aan specifieke vaardigheden die ik moet ontwikkelen.;I really appreciate the open-door policy, but sometimes scheduling is difficult.;Het was duidelijk dat de docenten empathie voor de studenten hadden en bereid waren te helpen.
818;2;2026/27;Tilburg;Artificial Intelligence;Full-time;Second-year;The communication regarding assignments was really vague and slow, making it hard to keep up.;Het is superbelangrijk dat we meer leren over het opstellen van een echt professioneel portfolio voor onze sollicitaties.;We need more prompt support, waiting several weeks for a simple reply is unacceptable.;Het gevoel van waardering is enorm waardevol, en ik voel me daardoor meer betrokken.;I wish the feedback could guide me toward better study methods, rather than just pointing out errors.;Het zou handig zijn om meer structuur te hebben voor het vragen om extra hulp van de docenten.;More choice in study load adjustment options would greatly reduce academic stress and improve focus.
819;2;2026/27;Den Bosh;ICT & Business;Part-time;Third-year;Het zou helpt om meer lesstof over queer theory en genderstudies toe te voegen aan de cursus.;Ik zou meer gespecialiseerde workshops over LinkedIn optimalisatie en online netwerken waarderen.;Het is moeilijk om vragen te stellen omdat de aandacht te vaak verdeeld lijkt te zijn.;I really appreciate the resources provided for job searching and professional networking skills.;Meer nadruk op de kernconcepten in plaats van zeldzame, gespecialiseerde details zou nuttig zijn.;Ik zou graag meer structurele groepssessies willen zien over studievaardigheden.;Please ensure all recorded lectures include accurate captions, especially the technical ones.
820;1;2026/27;Venlo;HBO-ICT;Full-time;Fourth-year;Het feedbackbeleid van de docenten is te vaag en maakt het moeilijk om te verbeteren.;Kortingen op professionele licenties of tools die we in de praktijk nodig hebben, zouden fijn zijn.;Wij zouden meer praktische casestudy's van echte bedrijven willen zien in de lessen.;Het zou nuttig zijn als er een dedicated 'helpdesk' was voor acute studiegerelateerde knelpunten.;I feel like the current assessment model relies too much on one single, high-stakes exam.;Perhaps a dedicated office hour for optional review would boost engagement considerably.;A personalized curriculum would allow deeper dives into subjects I find particularly interesting.
821;1;2026/27;Eindhoven;Software Engineering;Full-time;First-year;Ik hoop dat toekomstige programma's meer aandacht besteden aan intersectionaliteit in de analyses.;Het is super waardevol, maar een grotere variatie in de industrie zou nog beter zijn.;Het voelt alsof de docenten de stof gewoon afvinken zonder echt begrip voor de studenten.;Soms voelt het alsof we pas gebeld worden als er al problemen zijn.;Het systeem lijkt eerlijk, maar ik zou graag meer weten over hoe de punten precies worden verdeeld en gewogen.;The resources provided online are great, but real human contact is still necessary.;It would be beneficial to have flexible assignment deadlines recognizing caregiving commitments.
822;1;2026/27;Tilburg;Cyber Security;Full-time;Second-year;I wish there was a more structured way to get help, the teachers are almost unreachable.;Zou het mogelijk zijn om een excursie naar een gerelateerd bedrijf te plannen?;Honestly, the lack of timely response from mentors is making us feel unsupported.;I wish the check-ins were more systematic, maybe every two weeks minimum.;Some assessment instructions felt vague, making it difficult to determine the correct scope of the answer.;Meer duidelijkheid over wie te contacteren bij vragen voor een sneller antwoord is gewenst.;It zou fijn zijn als de deadline-aanpassingen meer gecommuniceerd zouden worden aan het begin.
823;1;2026/27;Den Bosh;Artificial Intelligence;Full-time;Third-year;Teachers are almost impossible to reach outside of class time, which is frustrating.;More emphasis on utilizing authentic client scenarios would bridge the theory-practice gap.;Ik zou graag meer praktijkvoorbeelden willen zien in plaats van alleen theoretische, geschreven slides.;De psychologische ondersteuning was geweldig, maar ik had meer focus op stressmanagement gehoopt.;More simulations would really help us understand the practical application of theory.;Het zou helpen om de contacturen te spreiden over meer verschillende formaten.;I think a more proactive system for monitoring our individual needs would be beneficial.
824;2;2026/27;Venlo;ICT & Business;Full-time;Fourth-year;We hebben meer directe en duidelijke communicatie nodig over de veranderingen in het cursusplan, alstublieft.;It would be great to structure these talks around specific career paths we are considering.;I really wish there was more dedicated one-on-one time with the instructors to discuss complex topics.;Het beleid rondom feestdagen en culturele vieringen is te beperkt en te uniform.;The criteria for passing seemed inconsistently applied across different examination groups this semester.;Are staff always available for quick questions, or do we need to wait for formal replies?;Ik zou graag meer transparantie willen over de aanvraagprocedure voor examenshiftjes.
825;1;2026/27;Eindhoven;HBO-ICT;Full-time;First-year;De beoordeling van [NAME] kost te veel tijd, waardoor ik mijn volgende vakken niet kan plannen.;Kunnen we meer casestudies doen die ons leren hoe we effectief in een team moeten functioneren?;Het zou fantastisch zijn als er meer gastsprekers uit de industrie zouden komen, dat helpt enorm.;Could we please have more frequent, yet still helpful, check-ins to keep us on track?;Sommige onderwerpen die getoetst werden, waren nauwelijks behandeld tijdens de colleges of discussies.;Het zou nuttig zijn om meer contactmomenten te creëren die rekening houden met verschillende tijdszones.;I think integrating technology advice into the counseling sessions would be extremely beneficial for us.
826;1;2026/27;Tilburg;Software Engineering;Full-time;Second-year;I feel like the teachers are often unresponsive to student inquiries regarding course materials.;More emphasis on using real-world operational data would greatly enhance our understanding.;Ik vind het echt moeilijk om bij te blijven met zo veel verschillende docenten, het is te veel.;Het is geweldig dat de cursus rekening houdt met verschillende feestdagen en culturele tradities.;Extra begeleiding en minder druk zou enorm helpen bij het managen van testangst.;When staff reply takes days, it really delays my progress on the assignment submissions.;It feels like getting approved for an extension requires too much back-and-forth paperwork.
827;1;2026/27;Den Bosh;Cyber Security;Full-time;Third-year;Zou de afdeling kunnen checken waarom [NAME] feedback zo vertraagd wordt gegeven? Het is echt nodig.;Ik zou graag meer projecten willen die interactie hebben met echte zakelijke stakeholders.;Het is lastig om suggesties te geven zonder meer directe, persoonlijke interactie met de docenten.;Het netwerk evenement gaf me contacten die cruciaal zijn voor mijn toekomstige carrière.;Het is goed dat er duidelijke feedback wordt gegeven, maar de weging van verschillende delen kan beter.;Please ensure that departmental staff are consistently available for immediate support when needed.;Zou de institutionele website meer begeleiding moeten geven over het aanpassen van de leermateriaal?
828;2;2026/27;Venlo;Artificial Intelligence;Part-time;Fourth-year;The teachers do a wonderful job of keeping the content relevant to modern industry practices.;Het zou helpen als we meer case studies zien over de nieuwste industrie standaarden.;De constante wijzigingen in de begeleiding maken het bijna onmogelijk om echt diepgang te bereiken.;Meer aandacht voor slaaphygiëne en de impact van academische stress op het welzijn.;Het voelde alsof het feedback kwam van een machine, niet van een mens.;Ik waardeer de moeite, maar ik mist het persoonlijke contact dat fysiek aanwezigheid biedt.;De docenten waren zeer geduldig en hielpen mij met de gemiste stof.
829;2;2026/27;Eindhoven;ICT & Business;Full-time;First-year;De docenten zijn te weinig beschikbaar, we hebben meer begeleiding nodig om goed te studeren.;I think regular networking happy hours would really help connect us with local industry professionals.;Wachten weken op een antwoord is onpraktisch voor de snelheid van ons studiejaar.;Het zou fijn zijn met wat vaker, misschien wekelijks, informeel contact.;Ik zou graag meer nadruk willen zien op continue leerprocessen in plaats van eindtoetsen.;I wish we had one consistent system for all announcements, rather than emails, texts, and announcements.;Het was fijn om te zien dat ze rekening hielden met mijn beperkingen zonder vragen te stellen.
830;1;2026/27;Tilburg;HBO-ICT;Full-time;Second-year;Ik waardeer de enthousiasme, maar de theorieën worden soms te abstract gebracht zonder concrete koppeling.;Could the department upgrade our simulation software to match current industry requirements?;De responstijd van de begeleiders is vaak te traag, zeker als het om dringende vragen gaat.;Het gebrek aan directe feedback over mijn gemelde problemen is erg demotiverend voor mij.;More scenario-based assessments would better reflect real-world professional challenges.;Ik zou graag meer feedback willen over mijn voortgang, niet alleen op de examens.;It would be helpful if there were clearer lifts or alternative routes for students with mobility challenges.
831;2;2026/27;Den Bosh;Software Engineering;Full-time;Third-year;Ik voel me soms wat achtergesteld omdat de stof zo gehaast wordt door de beperkte uren.;Het zou geweldig zijn als we case studies zouden gebruiken die de meest recente markttrends behandelen.;Could the institution establish a clear SLA for mentor email replies? Please improve it.;Deze workshops over salarisonderhandelingen waren echt cruciaal en boden veel nieuwe kennis.;Could the feedback focus more on structural improvements rather than just grading my effort?;Ik zou graag willen dat er meer structureel contact is om onze vragen te bespreken, in plaats van alleen per e-mail.;Meer transparantie over de verschillende fondsen en aanvraagcriteria is gewenst.
832;2;2026/27;Venlo;Cyber Security;Full-time;Fourth-year;It feels like [NAME] deliberately delays grades, which is incredibly demoralizing for the students.;It would be extremely helpful to have mock interviews with industry professionals, not just faculty.;Wat fijn dat de docenten altijd beschikbaar zijn, zowel online als in persoon, echt makkelijk.;The career fair provided excellent exposure to diverse industries and job paths.;Er zou meer structuur moeten komen in het beoordelingsproces om minder willekeurig te zijn.;De huidige evenementen zijn goed, maar ik zou meer variatie in sociale activiteiten graag zien.;Could the library extend operating hours to accommodate evening caregiving responsibilities?
833;1;2026/27;Eindhoven;Artificial Intelligence;Full-time;First-year;De hoeveelheid lessen voelt onvoldoende voor het grondig begrijpen van het vak.;Ik zou graag meer gastcolleges willen van professionals die de laatste markttrends kennen.;De studentenmentoren zijn echt geweldig, ze helpen mij met de moeilijke vakstof.;Ik waardeer de tijd die u nam om mijn carrièreoriëntatie te bespreken, dat was erg waardevol.;Het zou de stress verminderen als de feedback directer na het examen zou komen.;Misschien zouden we meer peer-teaching sessies kunnen organiseren, dat is goed voor iedereen.;Ik zou graag meer opties willen zien voor aangepast tempo en flexibele deadlines.
834;1;2026/27;Tilburg;ICT & Business;Full-time;Second-year;Seriously, the assignment load is too much, I spend all my time just catching up.;It would be helpful to schedule industry experts covering various specialized career paths.;Perhaps setting clearer expectations on response times would help greatly.;Zou het mogelijk zijn om een reserve mentor te krijgen als de primaire mentor niet kan komen?;"De vraagstelling was te vaag; het was moeilijk te begrijpen wat precies werd verwacht.";Het zou fijn zijn als er na deze enquêtes daadwerkelijk iets mee gebeurt, anders voelt het als tijdverspilling.;Could we look into adjusting the study load to better match my current energy levels?
835;1;2026/27;Den Bosh;HBO-ICT;Full-time;Third-year;The professors explain complex topics with remarkable clarity and enthusiasm.;Kunnen we meer simulaties doen die daadwerkelijke industriële problemen oplossen?;De mentor reageert zo langzaam dat ik echt twijfel aan hun betrokkenheid bij de studenten.;Ik waardeer de hulp, maar de materialen zijn soms te Westers georiënteerd.;The assessments were fine, maar de feedback was te kort om echt te verbeteren.;Het zou fijn zijn als docenten sneller antwoorden op e-mails zouden geven, vooral voor praktische vragen.;Could you please increase the availability of counselors outside standard business hours?
836;1;2026/27;Venlo;Software Engineering;Full-time;Fourth-year;Het rooster is te druk en de hoeveelheid huiswerk zorgt ervoor dat we nooit echt kunnen inhalen.;We really need more workshops on advanced communication and pitching, as presentation skills are crucial for career success.;Seriously, the constant change in mentors makes it really hard to build a consistent understanding.;Super bedankt voor de complimenten, het geeft echt een extra boost om verder te komen.;Het is lastig om te antwoorden omdat de opdrachtomschrijvingen erg dubbelzinnig waren en verwarrend.;Sometimes we feel disconnected, so maybe an optional casual coffee chat with the module leader would be great.;Could the institution offer more resources for time management when balancing work and family life?
837;2;2026/27;Eindhoven;Cyber Security;Part-time;First-year;Het is onrealistisch om zo veel ingewikkelde taken binnen de gestelde week te krijgen.;Kunt u meer hulp bieden bij het opstellen van motivatiebrieven die echt opvallen?;Het voelt alsof de campus-aanwezigheid leert en de online studenten compleet over het hoofd zien.;It's great that I feel included, yet I often encounter cultural blind spots in the curriculum.;Please ensure that all tested knowledge is adequately represented in the lecture materials provided.;I wish the teaching staff were more proactive in suggesting extra support or follow-up sessions.;Het is fijn dat er zo’n begripvolle sfeer heerst op de campus.
838;1;2026/27;Tilburg;Artificial Intelligence;Full-time;Second-year;Please incorporate more viewpoints from [NAME] and [NAME] thought into the core texts.;More partnerships with local SMEs would significantly boost our chances of getting practical experience.;Ik vind het lastig om met zo veel wisselende mensen een goed ritme te houden.;Het netwerk met medestudenten was erg nuttig, en het gevoel van ondersteuning was onmisbaar voor mij.;It felt like some units were tested that received very little depth in the required reading.;Could the career services improve outreach to first-generation college students?;Kunt u meer helderheid bieden over de deadlines voor extra subsidies?
839;2;2026/27;Den Bosh;ICT & Business;Full-time;Third-year;Smith's grading process is far too slow, we really need a more efficient turnaround time, honestly.;Het zou helpen om ons te voorbereiden op de communicatie-uitdagingen van de echte werkplek.;Het is erg onduidelijk hoe je een plekje moet reserveren, de interface is gewoon verwarrend.;We really need more accessible drop-in sessions, not just scheduled appointments.;Could the institution provide clearer technical support access during high-stakes online testing?;Mijn studiemateriaal en de begeleiding waren uitstekend, echt een steunpilaar voor mij.;Providing workshops on sleep hygiene and burnout prevention would be extremely valuable for us.
840;2;2026/27;Venlo;HBO-ICT;Full-time;Fourth-year;Ik verwachtte meer uren om de vaardigheden voldoende te kunnen oefenen en beheersen.;Ik zou meer workshops over het optimaliseren van mijn cv en sollicitatiestrategenies willen.;Wat een teleurstelling over de reactiesnelheid, ik moet sneller geholpen worden.;Groot waarderen van de aanmoediging, het helpt om niet snel op te geven.;"Could the institution please speed up the release of grades; the wait is becoming too long.";Could we get clearer guidelines on who to contact for different types of issues promptly?;Ik kreeg het gevoel dat ze echt meeleefden met wat ik doormaakte.
841;2;2026/27;Eindhoven;Software Engineering;Full-time;First-year;Het programma is zo grondig en modern, waardoor ik mij optimaal voorbereid voel op mijn carrière.;Het zou geweldig zijn als er meer beta-afspraken waren met alumni die al in de industrie werken.;De wachttijden zijn te lang en het maakt het moeilijk om op schema te blijven.;The peer mentorship aspect really helped me feel more integrated into the campus life.;A greater emphasis on smaller assignments might reduce the stress of those huge final exams.;The coaches are friendly, but the feedback loop needs to be more actionable and less theoretical.;The process for requesting extensions often feels inconsistent, which creates unnecessary anxiety.
842;1;2026/27;Tilburg;Cyber Security;Full-time;Second-year;Could the institution look into [NAME]'s marking process? We are waiting too long for feedback.;Kunnen we meer projecten doen die aansluiten bij de actuale marktuitdagingen?;I wish the mentor training included more conflict resolution skills for everyone.;More explicit rubrics for projects would really help us understand expectations better.;Could you provide clearer guidelines on how essay components are marked?;More culturally specific mental health resources would make us feel more supported.;More flexible and adaptable classroom setups, suitable for various physical needs, are much needed.
843;1;2026/27;Den Bosh;Artificial Intelligence;Full-time;Third-year;Seriously, the delays from [NAME] are unbelievable, it makes planning impossible for students.;Het zou nuttig zijn om workshops te organiseren over recente arbeidsmarkttrends.;De wisselende mentoren zijn erg desoriënterend en vermindert de kwaliteit van de begeleiding.;My mentor gave excellent advice on electives, it really helped me tailor my curriculum.;I really need faster feedback because waiting for grades is too stressful right now.;Het zou helpen als docenten vaker zouden wijzen op externe bronnen voor extra verdieping.;Er zou meer focus kunnen komen op het erkennen van de impact van burn-out binnen studeren.
844;2;2026/27;Venlo;ICT & Business;Full-time;Fourth-year;It feels like the teaching content is too broad for the available contact time, making us feel unprepared.;More industry partnerships and networking events would greatly enhance our placement chances.;I love that the teaching staff is so attentive, they anticipate our struggles before we do.;The academic pathway advice was really helpful, I feel much clearer about my major now.;Het zou geweldig zijn als het feedbackproces na elk examen wat versneld kon worden.;Over het algemeen goed, maar de locatiewijzigingen hadden meer voorafgaande aankondiging nodig.;Kunt u overwegen om de loopbruggen te verbeteren zodat ze beter toegankelijk zijn?
845;1;2026/27;Eindhoven;HBO-ICT;Full-time;First-year;The professor is knowledgeable, but sometimes the lectures lack practical examples needed for real-world application.;Het zou helpen als de cursussen meer aansluiting vonden bij de eisen van de lokale economie.;Het is onaanvaardbaar dat we weken moeten wachten op een e-mailbevestiging over studiemateriaal.;Het voelt alsof de support te sporadisch is, regelmatiger contact zou geweldig zijn.;I wish the assessment reflected the balance of lectures and self-study material.;Het contact voelde soms te oppervlakkig, alsof ik gewoon een case file was.;Could the school offer subsidized transport to various competition venues in the city?
846;2;2026/27;Tilburg;Software Engineering;Part-time;Second-year;The expectation setting is poor, leading to constant confusion about module requirements.;The curriculum needs to better integrate practical skills like digital marketing and content creation.;Het is fantastisch dat u ons de realiteit van de arbeidsmarkt laat zien.;Het is lastig om altijd een plek te vinden op de agenda van de huidige mentoren.;A shift toward project-based learning would genuinely improve overall understanding.;A single source of truth for course material and schedule changes would save so much stress.;Some of the reading materials feel outdated regarding accessibility standards for students.
847;2;2026/27;Den Bosh;Cyber Security;Full-time;Third-year;Het is echt jammer dat er zo weinig contacturen zijn voor dit vak, we hebben meer behoefte.;Ik zou graag meer georganiseerde kansen willen om alumni te ontmoeten die in mijn gekozen vakgebied werken.;Het gebrek aan vaste begeleiding maakt de leerervaring zeer chaotisch en frustrerend.;Your positive reinforcement and recognition have genuinely helped me feel seen and valued.;Ik stel voor dat de examens meer gericht zijn en minder vaag in hun opdrachtomschrijving.;De ondersteuning is prima, maar meer workshops over stressmanagement zouden helpen.;The faculty was quite understanding and adjusted the workload for me, which was a huge help.
848;2;2026/27;Venlo;Artificial Intelligence;Full-time;Fourth-year;It feels like we're only getting an overview, not the deep dive we require for mastery.;We really need more opportunities to use specialized software that employers actually use in the field.;I wish the mentors responded more quickly, waiting weeks for critical advice is highly disruptive.;Het zou fijn zijn als er meer diverse studiegroepen voor verschillende opleidingen waren.;Could the exam question paper include a glossary or definitions for technical terms used?;Het is moeilijk om geëngageerd te blijven als de lessen te veel theoretisch blijven.;Het zou fijn zijn met meer duidelijkheid over de financiële aanvraagprocedures.
849;1;2026/27;Eindhoven;ICT & Business;Full-time;First-year;Smith's grading speed is seriously affecting my overall academic planning, echt frustrerend.;Meer contact met echte bedrijven via projecten zou de brug naar de praktijk slaan.;It would be helpful if the course allowed more opportunities for spontaneous discussion and deeper analysis.;De mentor was geweldig, maar de ondersteuning voelde soms wat te algemeen.;It would be better if the feedback included specific examples of where I lost marks.;Het zou nuttig zijn als er meer kleine groepsprojecten zouden komen om samen te werken.;I suggest developing clearer guidelines regarding deadline extensions for special cases.
850;1;2026/27;Tilburg;HBO-ICT;Full-time;Second-year;Could we have more structured summaries after every major topic to consolidate the knowledge?;Meer focus op het geven van professionele presentaties voor een echt publiek zou waardevol zijn.;Het is goed dat er een systeem is, maar ik verwacht een hoger niveau van deskundigheid van de student-mentoren.;Ik waardeer het enorm dat de staff ons keer op keer aanmoedigt bij onze doelen.;Het zou fijn zijn als de beoordelingscriteria duidelijker zouden aansluiten op de kernlessen.;More proactive check-ins, not just waiting until I ask for help, would make a huge difference.;Kunnen we vaker workshops over financiële hulp voor speciale situaties krijgen?
851;2;2026/27;Den Bosh;Software Engineering;Full-time;Third-year;Het is frustrerend dat de laatste handouts altijd achterlopen op de lessen.;Het zou helpen als de modules meer rekening zouden houden met de huidige markttrends en technologische eisen.;Het is een enorme pluspunt dat ze zo proactief en toegankelijk zijn met hun feedback.;Connecting with peers outside of class hours made the learning process more enjoyable.;Some grading seemed inconsistent across different assignments, which was quite frustrating.;Super dat jullie de syllabusupdates zo snel en duidelijk naar ons stuurden, bedankt!;Misschien meer programma's gericht op het voorkomen van isolatie en sociale druk.
852;1;2026/27;Venlo;Cyber Security;Full-time;Fourth-year;Meer directe en duidelijke communicatie van de docenten zou enorm helpen.;Ik zou meer behoefte hebben aan sessies die directe case studies en industrie-insider knowledge delen.;Zou het beter zijn als de feedback meer gericht is op individuele stijlen, niet algemeenheden.;Het zou fijn zijn om meer opvolging te krijgen, elke twee weken zou echt helpen.;More explicit examples in the question paper would greatly help students understand the scope.;Het zou nuttig zijn met meer student-georganiseerde sociale gebeurtenissen en aankondigingen.;Het is prima, maar het monitoren van de verschillende regels kan erg verwarrend zijn.
853;2;2026/27;Eindhoven;Artificial Intelligence;Full-time;First-year;It feels like the teachers are too busy with research to actually help the students properly.;Het zou helpen als we meer casestudies over ethische dilemma's in het werkveld zouden bestuderen.;Zou het niet beter zijn om één docent voor het hele jaar te krijgen?;I feel much more confident now about my career direction and future options.;More coursework weight would allow us to demonstrate learning progress more evenly.;I really wish there was a dedicated student hub or common area to hang out and study.;The staff showed great empathy, making me feel that my struggles were taken seriously.
854;2;2026/27;Tilburg;ICT & Business;Full-time;Second-year;De deadlines komen te snel, het is moeilijk om alle onderwerpen diepgaand te behandelen.;More high-quality guest talks would definitely prepare us better for the job market.;Graag meer tips over het opbouwen van een robuust professioneel netwerk.;Het zou een sessie kunnen zijn over hoe we feedback het beste kunnen omzetten in actiepunten.;Het is erg frustrerend om zo lang te moeten wachten op een grade, het is echt lastig.;Het is fijn dat men ons vraagt, maar de praktische uitvoering van wijzigingen mist nog.;Het is superbelangrijk om duidelijke informatie te krijgen over financiële steun voor studenten in mijn situatie.
855;2;2026/27;Den Bosh;HBO-ICT;Part-time;Third-year;Sometimes the lectures feel overwhelmingly academic and lack real-world context.;Field trips help students understand the real-world applications of what we learn in class.;It would be helpful if the mentors were more consistently informed about program requirements.;Could we get at least a quick check-in after group projects, just to make sure we're on track?;Could the exam questions be phrased more clearly? Some sections felt unnecessarily ambiguous.;More readily available office hours would greatly improve our ability to connect.;A simplified guide to emergency scholarships would significantly reduce student stress.
856;2;2026/27;Venlo;Software Engineering;Full-time;Fourth-year;Could the instructors spend more time breaking down complex modules into smaller, digestible parts?;I think rotating speakers from different industries would provide a broader perspective for us.;Zou de school kunnen faciliteren met meer gekoppelde stageplekken naar echte bedrijven?;I appreciate the supportive feedback and the recognition of our achievements this year.;Het was lastig te snappen wat precies gevraagd werd bij die case study, meer uitleg helpt.;Zou het mogelijk zijn om meer groepsactiviteiten te organiseren buiten de academische context?;Overweeg het aanbieden van keuzestromen die flexibel aan te passen zijn aan de student.
857;1;2026/27;Eindhoven;Cyber Security;Full-time;First-year;Zou het kunnen dat we meer sessies krijgen voor meer diepgang?;Het zou nuttig zijn om meer workshops te organiseren over moderne data-analyse tools.;De responsiviteit van de begeleiders moet dringend worden verbeterd, het is te traag.;De focus op academische druk is prima, maar emotionele veerkracht moet ook aandacht krijgen.;When will we realistically receive the detailed feedback after the final assessments?;"Het helpt niet om enkel over online leerplatforms te praten; de fysieke sfeer ook.";"Alle docenten waren zo begripvol; het voelde niet als een probleem."
858;1;2026/27;Tilburg;Artificial Intelligence;Full-time;Second-year;Ik hoop dat er een verbetering komt in hoe snel [NAME] beoordeelt en feedback geeft.;Ik denk dat meer bedrijfsbezoeken cruciaal zijn om een realistisch beeld van de toekomstige carrière te krijgen.;Het systeem geeft constant meldingen dat het vol is, zelfs als er theoretisch ruimte zou zijn.;It would be greatly appreciated if there was a clear timeline for addressing student complaints regarding resources.;Minder all-or-nothing examen, meer mogelijkheden om kennis te laten zien in verschillende formaten.;Could you please clarify the best point of contact for course enrollment issues? I'm confused.;More peer-to-peer support groups would really complement the counselor's one-on-one advice.
859;1;2026/27;Den Bosh;ICT & Business;Full-time;Third-year;Zou het kunnen dat de docenten meer proactief zijn met het delen van extra bronnen?;It would be beneficial to have an updated database of alumni working in various industries.;It would be beneficial to have smaller group settings for more personal feedback exchange.;Building connections outside of lectures made the whole university experience better.;Please provide clearer guidance on interpreting the assessment objectives.;Ik hoop dat er meer diverse studentengezelschappen worden georganiseerd, zodat iedereen zich welkom voelt.;Het zou goed zijn met een proactieve uitleg over de financieringsmogelijkheden.
860;1;2026/27;Venlo;HBO-ICT;Full-time;Fourth-year;Can we talk about [NAME]'s grading timelines? The current pace is really hindering our studies and progress.;Graag meer directe interactie met mensen die in deze specifieke rollen werken, niet alleen bedrijven die rekruteren.;De ondersteuning voelt echt persoonlijk, ze zijn altijd bereikbaar als je een vraag hebt.;Their availability seems very limited, which makes consistent guidance nearly impossible.;De vragen waren soms te vaag, waardoor ik niet zeker wist wat precies werd verwacht.;It would be great if the institution provided clearer timelines on when student suggestions will be reviewed and implemented.;Het zou nuttig zijn als we meer controle hadden over hoe snel we de stof doorkomen.
861;1;2026/27;Eindhoven;Software Engineering;Full-time;First-year;Kunnen we meer focus krijgen op de belangrijkste onderwerpen, en minder op de extra kleine opdrachten?;Het zou handig zijn met meer georganiseerde workshops over het solliciteren naar professionele banen.;We need more dedicated check-ins that focus solely on our personal learning struggles.;De peer support netwerken waren erg waardevol, ik vond het fijn om met andere studenten te praten.;Ik vond de toetsing eerlijk, maar de feedback was te vaag om echt te verbeteren.;"Het is lastig om antwoorden te krijgen; de reactietijd van sommige staff is te traag.";Het zou helpen als de counselors meer weten over de nieuwste therapieën en hulpmiddelen.
862;2;2026/27;Tilburg;Cyber Security;Full-time;Second-year;We desperately require an increase in scheduled class time to keep up with the material.;Ik zou graag meer hulp willen met het bedenken van een professionele doelstelling voor mijn CV.;Please fix the mentorship assignments, we need reliable guidance, not a revolving door.;The resources for various cultural backgrounds could definitely use more dedicated attention.;Ik vond dat de relatie tussen de vragen en de leerdoelen minder duidelijk was.;Some lecturers could improve their responsiveness when students need quick clarification.;Het zou nuttig zijn met meer opvangmogelijkheden voor kinderopvang tijdens examenperiodes.
863;2;2026/27;Den Bosh;Artificial Intelligence;Full-time;Third-year;Smith’s grading speed is really frustrating, we need a better timeline for our course feedback.;Could we please have more guest lectures from people working directly in the tech industry?;Het is verwarrend wanneer de instructies van de docenten niet overeenkomen met de geschreven beleidslijnen.;Ik voel me echt gesteund door de psychologische hulp, wat heel fijn is.;"Ik voel me constant onder druk door de frequentie van de tentamens; een pauze zou helpen.";Offering diverse support groups would really boost feelings of belonging for everyone.;It would really help if the platform explicitly checked for captioning on every single lecture video.
864;2;2026/27;Venlo;ICT & Business;Part-time;Fourth-year;Ik had meer helderheid nodig over de verwachtingen van de uiteindelijke opdrachtbeoordeling.;More mock interviews with industry professionals would really boost my confidence.;Meer georganiseerde virtuele studiegroepen zouden een enorm verschil maken in ons gevoel van verbondenheid.;De voorbereiding op sollicitatiegesprekken maakte het verschil, ik voelde me veel zelfverzekerder.;De examenvragen leken soms te wijzen op bepaalde bronnen, wat de eerlijkheid in vraag stelt.;Mijn begeleider was geweldig en gaf mij veel strategieën om met de stress om te gaan.;My tutors were incredibly accommodating, which made the transition during my special circumstances much easier.
865;2;2026/27;Eindhoven;HBO-ICT;Full-time;First-year;We really need better support for the digital infrastructure used in this program.;Een cursus over het schrijven van betoverende motivatiebrieven voor stageplekken zou geweldig zijn.;De supportstructuren lijken niet goed toegespitst op de unieke behoeften van thuisleren.;Could the institution consider offering more group mentoring sessions? It might be less time-intensive.;The wording of Question 4 seemed intentionally ambiguous, which was frustrating.;Nog meer workshops over time management zouden enorm helpen om de druk te verminderen.;The willingness of the teaching staff to adjust was truly commendable and reassuring.
866;2;2026/27;Tilburg;Software Engineering;Full-time;Second-year;De docenten stimuleren kritisch denken en laten ons complexe materie op een toegankelijke manier begrijpen.;Ik zou graag meer verplichte bedrijfsbezoeken willen om de echte werkvloer te zien.;De feedback is echt over de responstijd, ik heb weken gewacht op een antwoord over een klein onderzoek.;Community building is so important, and the workshops really made me feel part of the institution.;Could the instructors please provide more actionable advice instead of just a grade?;Het zou goed zijn als de staff proactiever was in het opvolgen van studenten die achterlopen.;It would be great to have dedicated quiet zones on campus for short breaks.
867;2;2026/27;Den Bosh;Cyber Security;Full-time;Third-year;Wij moeten betere communicatiekanalen hebben, want de docenten zijn bijna onbereikbaar.;We would appreciate excursions to various professional settings to understand industry workflows better.;The rotation of mentors makes it hard to track progress, maybe assign us one person for the whole year?;Het zou ideaal zijn met een wekelijks, laagdrempelig check-in moment voor iedereen.;Seriously, could the grades be released quicker? The waiting period is extremely frustrating.;Ik waardeer de hulp, maar ik heb meer behoefte aan diepgang dan oppervlakkige tips.;It would be very helpful to have a centralized point of contact for financial aid queries.
868;1;2026/27;Venlo;Artificial Intelligence;Full-time;Fourth-year;Kunnen we de werklast wat verlagen? Ik voel me constant overbelast met deadlines.;Wij zouden meer en meer guest lectures willen, vooral van degenen die echt aan de voorkant werken.;The current booking mechanism is needlessly complex and often fails when needed most.;I feel well supported by my advisor, but the general wellbeing resources could be more proactive.;De toetsen waren eerlijk, maar de feedback richtte zich meer op het 'hoe' dan op het 'waarom' van fouten.;It would be great to get direct notifications for any sudden schedule alterations.;Could the institution ensure all PDF documents are fully tagged and screen-reader compatible?
869;2;2026/27;Eindhoven;ICT & Business;Full-time;First-year;The professors seem overwhelmed and are rarely available for personalized student guidance.;Ik zou meer opties willen voor virtuele netwerkgelegenheden, zodat het makkelijker is voor mensen buiten de stad.;Het gebrek aan directe interactie maakt het moeilijk om specifieke vragen te stellen.;Het voelt alsof mijn opmerkingen over de cursus niet echt worden opgevolgd, wat teleurstellend is.;I appreciate the effort, yet some assessments seem biased towards certain learning styles.;Het is nuttig, maar meer spontane Q&A’s na de colleges zouden de betrokkenheid vergroten.;Het is geweldig dat er sportfaciliteiten op de campus zijn voor mijn extra training.
870;1;2026/27;Tilburg;HBO-ICT;Full-time;Second-year;Ik hoop dat er meer structuur komt in de beschikbaarheid van de docenten.;Het zou helpen als er meer praktijkgerichte projecten waren die de industriële ervaring nabootsen.;Super dat ze hulp aanbieden voordat je er zelf om vraagt, erg professioneel.;I feel that the focus should shift more towards proactive emotional resilience training.;Kunt u de procedure bekijken om de feedbackdrempel na een examen te verlagen?;"De coaches waren geweldig; ik voelde me écht gezien en begrepen door hun begeleiding.";The designated study carrels often lack adequate space for mobility aids, requiring improvement.
871;1;2026/27;Den Bosh;Software Engineering;Full-time;Third-year;Could the instructors please provide clearer expectations regarding assignment submissions?;Ik zou graag meer informatie willen over het vinden van mentors in verschillende vakgebieden.;Getting contacted before I even realized I needed help was incredibly reassuring and timely.;Ik zou graag meer sessies over het opbouwen van een persoonlijke merk in de industrie willen.;De afweging tussen deeltoetsen en het eindexamen voelt niet altijd evenredig.;Ik mis de gezellige, spontane sfeer die je soms op school voelt.;I really appreciate the flexibility shown by the lecturers regarding my medical appointments.
872;1;2026/27;Venlo;Cyber Security;Full-time;Fourth-year;Het tempo van de lessen is te hoog, en er is te veel te leren tegelijkertijd.;Het zou heel waardevol zijn om meer professionele training te kunnen volgen die direct toepasbaar is.;Graag meer transparantie over de beschikbare slots, want de boeking is constant chaotisch.;Meer ondersteuning en directe toegang tot deskundig advies zou onze studiervaring verbeteren enorm.;"The wait for grades feels endless; providing preliminary feedback would be much appreciated.";Could we get more small group breakouts to talk through the readings together?;I think more proactive support is needed regarding adapting assignments for diverse student needs.
873;1;2026/27;Eindhoven;Artificial Intelligence;Part-time;First-year;I was really confused about the rubric for the final project, it felt arbitrary.;Het is goed dat er een centraal punt is, maar meer persoonlijke begeleiding is gewenst.;Miscommunicatie en vertraging zijn constant. De mentoren moeten sneller reageren.;Het is nuttig om te weten welke vaardigheden in de arbeidsmarkt het meest gevraagd zijn.;Could the institution provide clearer guidelines for technical failure reporting?;We really need more structured peer-to-peer interaction to supplement the direct lecture time.;Kunt u de parkeergelegenheid voor mensen met een beperking vergroten en beter markeren?
874;2;2026/27;Tilburg;ICT & Business;Full-time;Second-year;Could we get some practical workshops on how to balance this extreme course load?;I think organized field trips would give us a much clearer picture of the industry.;They seem passionate, maar soms raken ze afgeleid en wijkt het onderwerp af.;Het was fijn om te weten dat er altijd iemand was die mijn academische vragen kon beantwoorden.;Ik pleit voor meer projecten die ons laten werken met echte bedrijfssituaties.;Please consolidate all important notices into one single, reliable communication channel.;Meer flexibiliteit in de afspraken zou geweldig zijn, zodat het past bij mijn drukke schema.
875;2;2026/27;Den Bosh;HBO-ICT;Full-time;Third-year;I wish the supplementary materials were uploaded by the agreed-upon deadline, please.;I think more simulations using industry-standard tools would be very beneficial.;The mentor response time is unacceptable, I need timely guidance for my thesis.;Wat betreft diversiteit, meer voorlichting en begrip van andere culturen zou echt waardevol zijn.;Could the marking criteria be provided beforehand? It would greatly improve my preparation.;Het zou fijn zijn met wat meer korte Q&A sessies na de colleges, zodat we directe feedback krijgen.;Could the policy for exam deferrals be made clearer for special circumstances students?
876;2;2026/27;Venlo;Software Engineering;Full-time;Fourth-year;I feel like the explanations jump too quickly, more stepwise guidance on complex calculations would be ideal.;Meer aandacht voor ethische dilemma's in de industrie zou de link met de werkelijkheid versterken en ons beter voorbereiden.;Kunnen we meer docenten beschikbaar maken? Dit boekingssysteem is simpelweg niet werkbaar.;De begeleiding bij mijn studievoortgang was echt waardevol en heel duidelijk.;Kan de uitleg bij de examenvragen wat toegankelijker en concreter worden gemaakt?;Ik hoop dat er vaker korte, informele check-ins zijn, niet alleen grote examens.;Perhaps installing automatic doors at all main entrances would make navigation easier.
877;1;2026/27;Eindhoven;Cyber Security;Full-time;First-year;Can anyone tell me when [NAME] plans to finish marking these exams? It’s frustrating.;Het zou fijn zijn met meer workshops over het solliciteren voor stageplekken in de sector.;The support system feels very proactive, and the instructors are always ready to assist.;Het zou fijn zijn met meer structurele check-ins, anders raken we in de loop van het semester afgeleid.;Zou het mogelijk zijn om de toetsing meer te richten op de hoofdthema's van de cursus?;I felt like I was talking to a real person, not just reading from a script every time.;Zonder mijn feedback is het lastig om te zeggen, maar de meeste lecturers waren flexibel en behulpzaam.
878;1;2026/27;Tilburg;Artificial Intelligence;Full-time;Second-year;De lessen zijn zo diepgaand, het gevoel is dat we echt de materie begrijpen.;It would be great to get access to the specific project management software utilized in real-world job settings.;De beschikbaarheid van begeleiding is fantastisch, en de docenten zijn altijd bereikbaar.;Meer helderheid over de volgende stappen na het afronden van dit project zou fijn zijn.;Kortom, een duidelijkere communicatie over de verwachte tijdslijn van beoordelingen zou enorm helpen.;Graag meer live, interactieve workshops in plaats van alleen opgenomen materiaal om betrokkenheid te vergroten.;The pathways leading from parking to the main building could be better paved and smoother.
879;2;2026/27;Den Bosh;ICT & Business;Full-time;Third-year;I think the curriculum is too [NAME] and could benefit from Indigenous knowledge systems.;Workshops on advanced conflict resolution skills in a corporate setting would be amazing.;The quality of support suffers when the attention is spread across too many students.;It would be great if there was an emergency contact or backup mentor when the main one is out.;I think more emphasis should be placed on practical application rather than pure memorization for exams.;I think specialized mentorship programs would greatly improve the integration of new students.;Nog meer manieren om de stof te leren, bijvoorbeeld in kleine, hapklare videoletjes.
880;1;2026/27;Venlo;HBO-ICT;Full-time;Fourth-year;Smith's grades are perpetually delayed, please look into improving the turnaround time.;English: More time using professional software, similar to what companies utilize daily, would be perfect.;It feels like the instructors are just going through the motions and lack genuine enthusiasm.;I really need a quicker turnaround time when dealing with technical or enrollment issues.;I think a clearer breakdown of expected analytical depth for different question types is needed.;Het is lastig als ik dringend iets moet weten en er niemand bereikbaar is buiten kantooruren.;Wat als er een duidelijke gids is over alle financiële opties voor speciale studenten?
881;2;2026/27;Eindhoven;Software Engineering;Full-time;First-year;Smith's grading speed is unacceptable, we need clearer timelines for course feedback.;"Organizeer vaker carrièreworkshops die specifieke industrieën behandelen; dat helpt veel.";Het zou geweldig zijn als we meer industriële sprekers konden uitnodigen voor de vakken.;I appreciate the network event, it really helped me understand potential career paths outside academia.;Could we please incorporate more real-world project simulations into the final grades?;Het zou geweldig zijn om een groter mentorschapsprogramma te hebben, zodat de nieuwkomers beter geïntegreerd worden.;I appreciated how understanding my lecturers were about my difficult circumstances.
882;2;2026/27;Tilburg;Cyber Security;Part-time;Second-year;We zouden het fijn vinden als [NAME] sneller zou zijn met het nakomen van de cijfers.;Het zou goed zijn als we meer projecten konden doen met de actuale AI- en machine learning tools.;Honestly, the rapid turnover of mentors is making it hard to form strong academic relationships.;De communicatiekanalen zouden kunnen worden geoptimaliseerd om sneller advies te krijgen.;Het is moeilijk om te studeren als we constant met een deadline race.;Het zou helpen als de faculteit meer zichtbaar was tijdens de sociale evenementen.;Ik wil graag zien dat er meer aandacht is voor het voorkomen van burn-out binnen de studieomgeving.
883;1;2026/27;Den Bosh;Artificial Intelligence;Full-time;Third-year;Het voelt alsof de criteria voor het examen wisselend waren, waardoor ik me onzeker voelde.;The inclusion of actual industry reports would bridge the gap between theory and practice.;Ik voel me niet goed begeleid door al die verschillende docenten dit jaar, een vast punt zou beter zijn.;Het is fijn dat er zo’n toegankelijke en deskundige begeleiding beschikbaar is voor studenten.;The evaluation needs to pinpoint exactly where I went wrong and why those mistakes happened.;Het zou fijn zijn als meer docenten vaste drop-in tijden hadden, dan is het makkelijker.;A consistent and clear protocol for special circumstances adjustments would be greatly appreciated by students.
884;2;2026/27;Venlo;ICT & Business;Full-time;Fourth-year;Could the department somehow improve teacher communication and response time for students?;Kunt u meer informatie geven over alumni die in de industrie werken en kunnen spreken?;Het voelt alsof alle feedback slechts een algemene groepsboodschap is, geen persoonlijk advies.;De complimenten en de erkenning van mijn groei geven me een enorme mentale boost.;The instructions for the essay component felt quite ambiguous, making it hard to know what was expected.;Ik zou willen dat de wijzigingen in de campuslocaties duidelijker per e-mail komen.;Would considering varied study loads be possible for struggling or excelling students?
885;2;2026/27;Eindhoven;HBO-ICT;Full-time;First-year;Het is erg frustrerend dat [NAME] zo lang wacht met het beoordelen van ons werk.;Could you connect us with professors who have strong ties to professional organizations?;Generally, the support is appreciated, but the quality highly depends on the individual mentor's effort.;Het zou helpen als er meer praatgroepen waren, zodat we makkelijker kunnen praten over angst.;Kortom, een betere afstemming tussen de collegeinhoud en de examenvragen zou gewenst zijn.;I really wish the suggestions we give actually lead to noticeable changes in campus life.;Het zou helpen als de hulpbronnen voor financiële ondersteuning meer op één plek stonden.
886;2;2026/27;Tilburg;Software Engineering;Full-time;Second-year;De feedback over de tentamens was te vaag over de verwachte diepgang.;Meer betaalde stageplaatsopties en subsidies voor bedrijven die studenten willen aannemen zouden helpen.;Ik verwachtte meer van de mentoren, ze waren soms te onzeker in hun uitleg.;Could we look into establishing an open drop-in mentoring time slot each week?;It feels too intense having multiple final exams packed into the same two weeks.;Worden er overwogen om meer spontane kantooruren te creëren voor studentencontact?;Ik stel voor dat er meer specifieke workshops komen over het navigeren door digitale leermaterialen.
887;1;2026/27;Den Bosh;Cyber Security;Full-time;Third-year;De uitleg was heel helder en makkelijk te volgen, echt een verbetering.;Misschien meer modules over het gebruik van LinkedIn en professioneel online netwerken, dan alleen advies.;Meer interactieve projecten met lokale bedrijfsleven zouden de leerervaring versterken.;Could the professors offer more specific feedback on how to improve rather than just listing areas for improvement?;Meer coursework en minder examenfocus, dat zou echt een enorme opluchting zijn voor de studenten.;It would be very useful to have a dedicated phone number just for alumni or career guidance.;I think integrating mental health support earlier into the curriculum would be beneficial.
888;1;2026/27;Venlo;Artificial Intelligence;Full-time;Fourth-year;Ik zou graag meer feedback geven over de traagheid van [NAME] bij beoordelen.;More networking events focused solely on connecting students with recruiters would be amazing. (English);De wachttijd op feedback is te lang, dit vertraagt ons leren en de planning van onze hele studie.;The multicultural activities were nice, yet I wish there was deeper sensitivity to religious observances.;The difference between parts A and B was not clearly explained in the instructions.;Het zou geweldig zijn met een duidelijke timeline voor alle aankomende aanpassingen.;De counselors waren erg begripvol en gaven me concrete tips voor mijn tijdelijke moeilijkheden.
889;2;2026/27;Eindhoven;ICT & Business;Full-time;First-year;It feels like the teachers are physically present but mentally inaccessible to students.;More structured help with networking and industry contacts would significantly boost job placement chances.;Graag zouden we meer cursussen willen die specifiek ingaan op het navigeren door een hybride leeromgeving.;I really valued the open dialogue about potential career pivots and necessary skills.;Perhaps an oral examination focused on depth of understanding would be more valuable.;It would be helpful if teaching staff could provide more immediate feedback on assignments.;Ik zou graag zien dat er meer training komt over het omgaan met burn-out bij studenten.
890;2;2026/27;Tilburg;HBO-ICT;Full-time;Second-year;We really need extra lab time, the current schedule doesn't allow deep enough exploration.;More industry networking opportunities alongside the lectures would help us connect our studies to real jobs.;My professors are always available, their willingness to connect really enhances the learning process.;De groepenondersteuning gaf me het gevoel dat ik niet alleen was in mijn studies.;Can you please expedite the grading process? The delay is really affecting our study plans.;De contactinformatie is erg verspreid, wat maakt het lastig om snel hulp te krijgen.;Ik zou graag meer flexibiliteit zien in het tempo van de lessen en de toetsen.
891;1;2026/27;Den Bosh;Software Engineering;Part-time;Third-year;Het is lastig om te weten wat ik moet doen omdat de uitleg vaag blijft.;Could the university help facilitate mock interviews with industry professionals to boost our confidence?;More individualized attention would significantly improve my understanding of the subject matter.;Consistency in our check-ins would make such a noticeable positive difference.;Seriously, getting grades weeks later makes it really hard to know where we stand academically.;Ik zou meer behoefte hebben aan vaste, toegankelijke uren voor studentenvragen.;Providing immediate access to telehealth counseling options would significantly improve the support.
892;1;2026/27;Venlo;Cyber Security;Full-time;Fourth-year;Het lijkt alsof er niet genoeg tijd is om alle vereiste taken goed uit te voeren.;We zouden meer gespecialiseerde mentorprogramma's willen die gekoppeld zijn aan specifieke sectoren.;Always struggling to find time due to the very unreliable scheduling platform.;It would be beneficial to incorporate global perspectives beyond the typical Western viewpoints.;Kunt u meer uitleg geven over de gewichten van de verschillende beoordelingsonderdelen?;The current level of one-on-one contact feels a bit insufficient for complex subjects.;They handled my academic accommodations with incredible understanding and professionalism throughout the term.
893;1;2026/27;Eindhoven;Artificial Intelligence;Full-time;First-year;We are struggling to plan our studies because Smith's grades are consistently late.;Ik zou een workshop willen over het onderhandelen over salaris en voorwaarden bij een eerste baan.;Het gebrek aan snelle feedback zorgt ervoor dat ik vastloop in mijn leerproces.;De cultuur is erg open, maar meer aandacht voor verschillende achtergronden zou helpen.;Connectivity drops repeatedly were extremely disruptive and caused significant academic anxiety.;Ik zou graag meer zichtbaar feedback moeten zien over hoe onze suggesties daadwerkelijk de lesstructuur veranderen.;It would be extremely helpful if the LMS provided an accessibility statement regularly.
894;1;2026/27;Tilburg;ICT & Business;Full-time;Second-year;Too many readings and projects simultaneously, my schedule is completely overloaded.;Het zou helpen als de speakers meer diepgaand ingingen op de praktische kant van hun werk.;Please consider expanding support beyond scheduled classes to general study support.;Ik voelde me erg begrepen en gerespecteerd, en de ondersteuning was echt cultureel sensitief.;Het zou helpen als er meer praktijkcomponenten zouden zijn naast de schriftelijke toetsing.;Kortom, meer consistentie in de reactie van het personeel is wat we nodig hebben.;I wish the counseling services offered more practical workshops on time management for students with disabilities.
895;1;2026/27;Den Bosh;HBO-ICT;Full-time;Third-year;I wish [NAME] could grade us quicker, we are waiting for results that are desperately needed.;Having more guest insights from different career paths would make our curriculum feel more relevant.;Seriously, the mentorship response time needs a massive overhaul, we are waiting ages.;Please continue offering workshops focused on industry-specific software and certifications.;Het voelde alsof sommige examenvragen losstonden van wat we in de colleges besproken hebben.;We zouden baat hebben bij meer interactieve online polls tijdens de online colleges om betrokken te blijven.;Het zou fijn zijn als er een centrale plek was waar alle toegankelijke bronnen bij elkaar stonden, zonder technische haperingen.
896;2;2026/27;Venlo;Software Engineering;Full-time;Fourth-year;Could the faculty please integrate more diverse viewpoints when analyzing contemporary social issues?;Could we incorporate more site visits to see real-world professional applications?;[NAME] aanscherpen? Weeks are simply not acceptable for urgent support.;The discussions about career paths after graduation were very encouraging and well-directed.;"Ik raad aan om het tempo in de examenperiode wat te verlagen; we hebben ademruimte nodig.";Could the library hours be extended during exam periods? That would improve my study focus.;Het personeel was erg begripvol en hielp me om een plan te maken dat bij mijn omstandigheden paste.
897;1;2026/27;Eindhoven;Cyber Security;Full-time;First-year;Het is moeilijk om alles bij te houden, de hoeveelheid materiaal is overweldigend.;I think more regular guest lectures from active industry professionals would greatly benefit our understanding.;De uitleg van de docent over de module lijkt niet helemaal overeen te komen met de handleiding.;Het is fijn dat de docenten altijd bereikbaar zijn voor studieadvies.;Kortom, de examens moeten dichter bij de kernstof van de lessen blijven.;"De coaches zijn echt geweldig; ze hebben mij geholpen de juiste studievaardigheden te vinden.";Kunt u de toegankelijkheid van de bibliotheek op oudere gebouwen verbeteren, alsjeblieft?
898;2;2026/27;Tilburg;Artificial Intelligence;Full-time;Second-year;The updates we receive are often confusing and lack proper detail.;I wish there was a dedicated platform for alumni to mentor current students seeking placements.;The lack of continuity from the teaching staff is a major drawback for this program.;Could we please have more frequent check-ins? Twice a month would be much better.;De mentale belasting gedurende het studiejaar is soms te groot en te onvoorspelbaar.;Het zou helpen als de docenten sneller antwoordden op e-mails, vooral voor dringende vragen.;A clearer link between counseling and academic departments would be greatly appreciated.
899;2;2026/27;Den Bosh;ICT & Business;Full-time;Third-year;De deadlines komen te snel en het geeft ons te weinig ademruimte voor een goede inlevering.;Het is belangrijk dat de technologie die we leren gebruiken, overeenkomt met wat de industrie daadwerkelijk gebruikt.;De interactie voelt te algemeen, we verlangen meer diepgaand, individueel advies.;Ik wil meer zien van de culturele diversiteit in het curriculum en de activiteiten.;Er was te veel vertraging met de server bij het openen van de vragen, waardoor ik een deel van mijn tijd verloor.;Sometimes communication feels delayed, especially when practical help is needed right away.;Het zou een cursus in basispsychologie of copingmechanismen van pas kunnen komen voor iedereen.
900;1;2026/27;Venlo;HBO-ICT;Part-time;Fourth-year;I really need to know if [NAME] will ever release these grades, the waiting is unbearable.;Could the institution organize regional career days with major local employers present?;Waarom is de reactiesnelheid zo traag? Het belemmert mijn studie aanzienlijk.;De complimenten van de docenten zorgden echt voor een enorme mindset shift en energieboost.;It would be much better if the comments explained *why* I lost points in specific sections.;Het zou helpen om de Nederlandse cultuur en het academische leven beter te introduceren aan nieuwkomers.;Zou er een mentorprogramma komen voor studenten die voor een familielid zorgen?
901;1;2026/27;Eindhoven;Software Engineering;Full-time;First-year;De lessen zijn te kort om alle complexe onderwerpen adequaat te behandelen, echt te weinig.;Zou de ondersteuning kunnen uitbreiden naar het voorbereiden op de overstap naar freelance of ZZP-werk?;Het is frustrerend dat de docenten zo vaak veranderen, we willen stabiliteit.;I appreciate the resources that facilitate connecting with students in my major.;Replacing written tests with presentations allows us to demonstrate deeper understanding.;Organizeer eens een keer een campus-uitje of een sportdag om de groep meer te laten samenkomen.;Het zou een grotere helpdesk kunnen zijn voor technische vragen rondom digitale materialen.
902;1;2026/27;Tilburg;Cyber Security;Full-time;Second-year;Het zou fijn zijn als er meer vaste, gemakkelijk toegankelijke spreekuuropties waren.;Het zou fantastisch zijn als we meer sessies konden hebben van mensen die net in dit vakgebied werken.;Het is echt frustrerend om drie verschillende docenten te hebben binnen één jaar, het maakt het leerproces onvoorspelbaar.;Het was heel helpful om te horen van professionals in verschillende sectoren over hun werkervaring.;Meer focus op *hoe* ik moet verbeteren, in plaats van alleen te zeggen dat ik het fout heb.;Het is onduidelijk wie van het college nog verantwoordelijk is voor de recente cursusaanpassingen.;Het zou nuttig zijn om meer keuzevrijheid te krijgen over de inleverdata van grote projecten.
903;2;2026/27;Den Bosh;Artificial Intelligence;Full-time;Third-year;Smith's grading turnaround needs improvement, we need timely feedback to adjust our studies.;Het zou goed zijn om de link tussen vaktheorie en daadwerkelijke bedrijfspraktijk duidelijker te maken.;Could the tutors elaborate more on the 'why' behind the concepts, rather than just the 'what'?;It would be great to have more mentorship opportunities with alumni in different fields.;The high-stakes nature of exams creates a massive amount of anxiety for everyone, honestly.;I feel like key details get lost in the sheer volume of emails we receive.;The captions on the pre-recorded lectures often cut out, making understanding difficult for me.
904;1;2026/27;Venlo;ICT & Business;Full-time;Fourth-year;I wish the professors could pace the workload more realistically for us.;Het zou nuttig zijn met een cursus over het navigeren door de realiteit van de arbeidsmarkt.;Het zou fantastisch zijn met meer sessies over het navigeren door de huidige arbeidsmarkt.;It would be useful to have clear criteria for what constitutes a passing grade.;"Het examenstress is echt overweldigend; meer focus op mentaal welzijn zou geweldig zijn.";Would multilingual advising sessions improve the experience for exchange students?;Ik vond de begeleiding respectvol, maar het miste soms het gevoel van echte persoonlijke betrokkenheid.
905;2;2026/27;Eindhoven;HBO-ICT;Full-time;First-year;Overall, the course provided an exceptional depth of knowledge with strong professional applicability.;It would help if the careers office maintained a broader database of potential employers.;Zou het mogelijk zijn om meer één-op-één consultaties in te plannen, alstublieft?;De workshops over CV's waren echt waardevol, ik heb direct ideeën gekregen voor mijn sollicitaties.;I wish the grades came with more detailed explanations of my weak points.;I appreciate the effort, but sometimes it feels like we are being managed rather than genuinely guided.;"De lift naar de derde verdieping is echt essentieel; hij functioneert vaak slecht."
906;2;2026/27;Tilburg;Software Engineering;Full-time;Second-year;Kortom, de lessen waren super relevant en de kwaliteit van de begeleiding was [NAME];It would be great to have dedicated career days with various company recruiters present on campus.;Wij hebben echt meer structurele begeleiding nodig, de reactietijden zijn simpelweg te lang.;Het plan met de mentoring zou baat hebben bij vaker, onverwachte check-ins om de voortgang te bespreken.;De ambiguïteit in sommige vraagstellingen was een probleem, het moet concreter.;Please provide more distinct channels for technical support and course content questions.;They were very accommodating and made sure I still understood the material.
907;1;2026/27;Den Bosh;Cyber Security;Full-time;Third-year;Ze begeleiden ons perfect in het verbinden van theorie en de praktijk van de industrie.;Offering specialized courses focused on finding and securing placements would be excellent.;The lack of standardized mentorship advice is causing real confusion among the student body.;Zou meer sessies over het navigeren door de corporate wereld gewenst zijn? Heel waardevol.;De beoordelingen voelen soms meer als een cijfer dan als een leerinstrument voor mij.;Graag een meer proactieve communicatie over mogelijke vertragingen of wijzigingen.;Ze zouden meer duidelijkheid moeten geven over de verschillende beschikbare hulpmiddelen op campus.
908;1;2026/27;Venlo;Artificial Intelligence;Full-time;Fourth-year;The mix of readings and lectures was good, yet the pace felt overwhelming on certain days.;Het zou helpen als we vaker mochten praten met professionals die net hun studie afgerond hebben.;Ik had gehoopt op snellere feedback, het wachten is behoorlijk tijdrovend.;Ik wil graag een meer gestructureerd en bereikbaar mentorprogramma zien.;"Het was een mix; sommige delen van de toetsing leken te willekeurig ingeschat.";Het zou nuttig zijn om de docenten vaker via een online forum te kunnen raadplegen.;Het zou fijn zijn als er meer peer support groepen voor jonge ouders worden opgezet.
909;2;2026/27;Eindhoven;ICT & Business;Part-time;First-year;I wish [NAME] would provide more transparent updates on the grading schedule.;Using actual corporate case studies would make the learning process much more applicable.;I felt the curriculum advice was occasionally contradictory to the established academic rules.;Ik zou meer regelmatige follow-ups waarderen om echt betere feedback te kunnen geven.;Het was frustrerend om te zien dat de quiz niet goed synchroniseerde, waardoor ik vragen miste.;The feedback provided by the academic advisor was extremely actionable and helpful for my goals.;Could the institution offer options to adjust the study load based on individual needs?
910;1;2026/27;Tilburg;HBO-ICT;Full-time;Second-year;Het voelt alsof de docenten te druk zijn om echt goed op studenten binnen te komen.;Ik denk dat meer optionele specialisaties aan de carrières zouden helpen.;Het boekingssysteem is echt frustrerend, het zit altijd vol tijdens de piektijden.;Het zou fijn zijn als de feedback directer was over *hoe* we die vaardigheden kunnen ontwikkelen.;Zou een deel van de eindbeoordeling kunnen komen uit een langlopend project?;Ik weet niet zeker of ik de administratie of het studieadvies moet bellen.;Meer tijd voor individuele sessies zou echt helpen met mijn studiekeuze en planning.
911;1;2026/27;Den Bosh;Software Engineering;Full-time;Third-year;Please slow down on the complex statistical concepts, I need more time to process that.;Zou het mogelijk zijn om meer interactie met lokale bedrijven voor werkelijke projectopdrachten te krijgen?;We need clearer guidelines because the input from different instructors is often contradictory.;They helped me understand the connections between my electives and job market needs.;Exam questions seemed to jump ahead of the material we were scheduled to cover next.;We need more opportunities for direct contact, maybe a mandatory check-in session.;Overall, the support is good, but a clearer link between counseling and academic departments is needed.
912;2;2026/27;Venlo;Cyber Security;Full-time;Fourth-year;Ik had echt meer contacturen verwacht, de lessen voelen te kort en vluchtig.;Het is lastig om inzicht te krijgen in de echte eisen van de professionele wereld buiten de lesstof.;I wish the instructors would engage with us on a more conversational and student-focused level.;It was helpful to meet people who share similar academic struggles and goals.;I believe the weighting given to the final project needs more explicit guidelines to ensure fairness for everyone.;Some professors are fantastic, but others seem difficult to reach when you need help.;It feels like the approval process for extensions is too complicated and time-consuming right now.
913;2;2026/27;Eindhoven;Artificial Intelligence;Full-time;First-year;Het is moeilijk om al deze opdrachten tegelijk te doen, de werkdruk is te hoog.;"Ik zou graag meer feedback willen geven over de kwaliteit van de uitgenodigde sprekers; ze waren erg goed.";Het gebrek aan stabiliteit bij de docenten zorgt voor een enorm gebrek aan consistent advies.;Het zou helpen als de mentor meer flexibele kantooruren kon aanbieden.;Het is erg frustrerend dat we weken moeten wachten op feedback en cijfers.;Ik zou meer groepsactiviteiten willen die meer gericht zijn op praktische samenwerkingsvaardigheden.;Het is soms onduidelijk welke documentatie precies nodig is voor een verlenging.
914;1;2026/27;Tilburg;ICT & Business;Full-time;Second-year;Gewoon, de werkdruk is gigantisch en het is moeilijk om een gezond ritme te vinden.;Could we get more hands-on workshops specifically for different industry interview styles?;Wij zouden meer focus willen op het toepassen van theorie in een echte bedrijfspraktijk.;I really appreciate the counseling services, but more proactive check-ins would be beneficial.;Meer duidelijke instructies op het examen zelf zouden de stress en verwarring enorm verminderen.;Meer kansen om elkaar buiten de lesomgeving te zien zou de sfeer echt verbeteren.;Alle documenten zouden voorzien moeten zijn van alt-teksten zodat visueel beperkten ze ook begrijpen.
915;2;2026/27;Den Bosh;HBO-ICT;Full-time;Third-year;Het is ontmoedigend dat de theorie zo snel wordt behandeld in zo weinig uren.;Kunnen we meer projecten doen die gebaseerd zijn op echte zakelijke uitdagingen?;Ik waardeer het proactieve contact enorm, het voelt alsof we gezien worden als studenten.;Het positieve sentiment en de erkenning van onze groei is echt super waardevol geweest.;Could the assessment structure shift towards more holistic evaluation rather than just high-intensity testing?;Het contact met de begeleiders was inconsistent en soms voelde het alsof ik niet belangrijk genoeg was.;Het zou ideaal zijn als er meer keuzemogelijkheden waren voor specifieke vakgebieden.
916;2;2026/27;Venlo;Software Engineering;Full-time;Fourth-year;Really impressive how much industry knowledge they integrate into the core coursework.;Graag meer directe interactiemogelijkheden met professionals in mijn specifieke vakgebied.;Ik voel me erg gesteund door de docenten die altijd bereid zijn extra uitleg te geven.;More proactive reminders about availability changes would make a big difference in our planning.;Kunnen we sommige vakken beoordelen met een groter, eindig project? Dat zou beter zijn.;Ik merk dat we te weinig individuele aandacht krijgen, vooral bij de zwaardere vakken.;Het was duidelijk dat de docenten geduldig waren met mijn aanpassingsproces en het waren ze waardevol.
917;2;2026/27;Eindhoven;Cyber Security;Full-time;First-year;Kunt u zorgen voor meer gestructureerde en tijdige updates over het curriculum?;Zou de docent meer echte, actuele bedrijfsbeelden kunnen gebruiken in de lessen?;My mentor was supportive, but they often provided outdated information.;Ik zou graag een grotere, meer informele groepssessie over mentale veerkracht zien.;Ik vind dat een mix van toetsen en projecten de stof beter laat beklijven dan alleen examenonderwerpen.;Ik denk dat er meer interdisciplinaire workshops nodig zijn om de praktijkvaardigheden te vergroten.;Het is nuttig, maar de links in de documenten leiden soms naar niet-toegankelijke bestanden.
918;2;2026/27;Tilburg;Artificial Intelligence;Part-time;Second-year;More dedicated workshop hours would greatly help us grasp complex concepts effectively.;Het is goed, maar meer directe hulp bij het actualiseren van onze CV's voor de arbeidsmarkt zou top zijn.;Ik had echt moeite met het reserveren, het loopt constant vast of toont foutmeldingen.;A more consistent schedule for quick check-ins would greatly improve my sense of support.;Het systeem crashte midden in de examenperiode, wat enorm veel stress veroorzaakte en mijn resultaat beïnvloedde.;Het zou helpen als er meer studentfeedback zou komen bij het ontwerp van nieuwe cursussen.;Better communication about ongoing financial aid options would be very helpful.
919;2;2026/27;Den Bosh;ICT & Business;Full-time;Third-year;It would be helpful if [NAME] could improve the turnaround time for feedback, please.;Het zou goed zijn om meer simulaties te doen met echte zakelijke scenario’s en datasets.;Ik heb meer behoefte aan persoonlijke aandacht, niet aan een grote groepspresemontage.;Graag meer informele momenten om de prestaties van studenten te vieren en te erkennen.;Please incorporate more continuous learning assessments to balance the weight of the final examinations.;Kunt u ons meer feedback geven over het gebruik van het online leerplatform voor alle updates?;Het is geweldig dat de docenten zo flexibel en menselijk zijn in het omgaan met speciale omstandigheden.
920;1;2026/27;Venlo;HBO-ICT;Full-time;Fourth-year;Could someone clarify what constitutes 'good' work, because the grading standards are ambiguous.;More advanced mock interview sessions, especially for tech roles, would be really useful.;I wish the institution could improve mentor retention, three people in one year is unsustainable.;Please organize more practical sessions focused on different career paths and skill gaps.;Ik vond de weging van de verschillende examenonderdelen onduidelijk en wenselijk om te verduidelijken.;Could the institution offer more tailored mentorship for students with specific learning needs?;Perhaps more resources for self-paced learning outside of fixed class schedules would be useful.
921;2;2026/27;Eindhoven;Software Engineering;Full-time;First-year;I think more hands-on time is necessary, the limited hours make deep learning difficult for us.;Het zou fantastisch zijn als er meer bedrijven op de locatie van de carrièrebeurs waren.;Honestly, it's really frustrating having three different mentors this year, it disrupts the whole learning process.;Graag meer praktische tips over het onderhandelen van salarissen tijdens het sollicitatieproces.;Het zou beter zijn als de examens strikter blijven bij de stof die in de cursus wordt behandeld.;More timely responses on office hours would really help students who need urgent clarification.;It would be helpful if counseling offered more flexible hours for working parents.
922;2;2026/27;Tilburg;Cyber Security;Full-time;Second-year;We desperately need more practical sessions, the current contact time is too minimal.;I hope we can arrange more deep-dive talks with professionals working hands-on every semester.;Its wonderful that the faculty makes themselves available outside of class hours for questions.;A bi-weekly system would be much better than the currently sporadic check-ins we receive.;I think the grading scale needs more transparency, especially for subjective assignment components.;Ik stel voor dat er een betere manier is om studenten te bereiken voor advies.;"Ik waardeer echt de empathie van de counselors; het hielp enorm met mijn angst."
923;1;2026/27;Den Bosh;Artificial Intelligence;Full-time;Third-year;Het programma is uiterst relevant en de docenten zijn experts in hun velden.;Het zou fijn zijn met meer workshops over het zoeken naar passende stageplekken en sollicitatievaardigheden.;Its unreasonable to expect timely support when the mentors are so slow.;Ik zou het fijn vinden als de mijlpalen en verwachtingen duidelijker werden vastgelegd.;Zou je de examens wat meer afstemmen op de kernthema's die we in de zaal besproken hebben?;Graag meer campus-brede initiatieven die iedereen, ongeacht het jaar, betrekken.;The staff showed great empathy regarding my need for flexible scheduling.
924;1;2026/27;Venlo;ICT & Business;Full-time;Fourth-year;Wat precies wordt verwacht? The marking scheme needs to be much clearer for us.;De sessies over netwerken waren nuttig, maar meer focus op LinkedIn zou helpen.;Ik hoop dat de mentorresponstijd wordt verbeterd, het is momenteel erg frustrerend.;My mentor provided clear direction, which was really helpful for my major selection this semester.;I think the assessment methods are good, but there needs to be more clarity on the grading scale itself.;Ik hoop dat de docenten meer aandacht hebben voor onze academische vragen na college.;I wish there were clearer guidelines regarding eligibility for emergency grants.
925;1;2026/27;Eindhoven;HBO-ICT;Full-time;First-year;I appreciate the effort, but the pace of the lectures felt incredibly fast at times.;Het zou goed zijn als er meer koppelingen zijn met lokale bedrijven voor stages en projectwerk.;De gegeven raad was te vaak inconsistent met wat ik van het department verwacht.;De begeleiding rondom het opzetten van een startende carrière was precies wat ik nodig had.;Er is een mismatch tussen de cursusinhoud en de manier waarop de examens gesteld worden.;Het zou geweldig zijn als er een duidelijk kalenderoverzicht is voor alle toekomstige assignments.;We need more readily available alternatives for assessments that don't rely solely on timed exams.
926;1;2026/27;Tilburg;Software Engineering;Full-time;Second-year;Het zou prettig zijn als er meer casestudies waren die de theorie direct toepassen.;Het zou fijn zijn als meer informatie over lokale stageplekken beschikbaar zou zijn voor studenten.;Het was duidelijk dat de docent een script volgde in plaats van echt te interacteren met de klas.;Ik vond de carrièrebegeleiding echt nuttig om mijn volgende stappen te plannen.;Zou de instelling overwegen om meer portfolio-evaluatie te gebruiken?;Ik zou meer informele netwerkevenementen willen, zodat studenten elkaar beter kunnen leren kennen.;Could the institution provide more flexible options for final assessment dates?
927;2;2026/27;Den Bosh;Cyber Security;Part-time;Third-year;Ik waardeer de kennis, maar de uitleg zou meer stap-voor-stap en minder overzichtelijk kunnen zijn.;Graag meer projecten die aansluiten bij de huidige uitdagingen van echte bedrijven in de sector.;When was the last time we received a quick reply? It feels like ages to get guidance.;Ik zou graag willen weten wat de precieze criteria zijn voor een A-niveau, zodat we weten wat we moeten richten.;Could the assessments provide feedback on my study methods, not just the final answer?;Ik zou graag meer te horen willen over ondersteuning voor studenten met een laag inkomen.;Het is nuttig, maar een duidelijkere structuur voor het combineren van zorg en studie zou wenselijk zijn.
928;2;2026/27;Venlo;Artificial Intelligence;Full-time;Fourth-year;De beschikbaarheid van de docenten moet serieus verbeteren voor het welzijn van de student.;Het zou enorm waardevol zijn om meer sitebezoeken te organiseren naar lokale bedrijven. Dit helpt met realistische voorbeelden.;More interactive online workshops are crucial, the current resources feel too one-sided.;I appreciate the effort, yet I wish there was deeper acknowledgement of global perspectives.;Het zou geweldig zijn als we sneller feedback en cijfers zouden krijgen na de examens.;Misschien meer interdepartementale events om een breder gevoel van gemeenschap te creëren.;Het zou helpen als de openbare wifi-punten ook in de meer afgelegen bibliotheeksecties zouden komen.
929;1;2026/27;Eindhoven;ICT & Business;Full-time;First-year;Ik weet niet wat ik moet geven, de beoordelingscriteria voor dit vak waren echt vaag.;Would it be possible to offer more integrated pathways for professional certification like PMP or CISSP?;The system glitches constantly during peak hours, making scheduling a complete nightmare.;Mijn ervaring is positief, maar de ondersteuning mist soms interculturele nuance.;Ik zou graag willen dat de examenvragen directer verwijzen naar specifieke hoofdstukken in het lesmateriaal.;Het zou nuttig zijn om meer mogelijkheden te creëren voor studenten die de taal nog aan het leren zijn.;Having a predictable framework for late submissions would be much appreciated by the student body.
930;2;2026/27;Tilburg;HBO-ICT;Full-time;Second-year;The professors make complex topics manageable by connecting them to current industry challenges.;Adding more guest speakers from companies could give us real-world insight into the industry.;Seriously, the delay in communication from the teaching staff is unacceptable and causes significant stress.;Maybe offering virtual office hours outside of typical working hours would help.;Kunt u de vraagstelling per module iets preciezer maken, dat zou veel helpen?;Ik zou graag een meer centraal dashboard willen waar alle cursusupdates bij elkaar staan.;Het voelt soms alsof we alleen maar als een probleem worden gezien, niet als mensen.
931;2;2026/27;Den Bosh;Software Engineering;Full-time;Third-year;I rarely manage to get timely advice from the instructors regarding challenging topics.;Meer duidelijke koppelingen tussen specifieke vakken en mogelijke carrièrestraatjes, per module.;De begeleiding voelt meer als een algemene aankondiging dan een persoonlijke consultatie.;Het gevoel van gemeenschap is belangrijk, en ik zou meer sociale evenementen graag zien.;Het zou nuttig zijn om te weten wat de verwachte wachttijd is voordat de beoordeling klaar is.;Het zou goed zijn om een mentorprogramma in te voeren voor student-mentor interactie.;Ik wil graag een meer uniforme aanpak zien voor het delen van digitale studiematerialen.
932;1;2026/27;Venlo;Cyber Security;Full-time;Fourth-year;The workload feels impossible, especially with so many overlapping deadlines this semester.;Could we get more case studies that reflect current industry challenges and decision-making processes?;The support felt standardized, and I wanted more tailored guidance specific to my career path.;I appreciate the focus on community building, it made starting university less intimidating.;Could the assessments better reflect the balance between readings and lecture content?;Having dedicated, casual times outside of class would improve my sense of connection.;Het zou geweldig zijn als de online platforms een duidelijke toegankelijkheidscheck hadden.
933;2;2026/27;Eindhoven;Artificial Intelligence;Full-time;First-year;De docent is erg deskundig, maar sommige delen werden te snel behandeld voor ons.;I think workshops focused on specific professional skills, like interviewing, would be beneficial.;De bereidheid om extra tips en support te geven, zonder dat we eraan hoeven te denken, is fantastisch.;De begeleiding is prima, maar het voelt soms wat te anoniem en afstandelijk.;Could the instructors provide more actionable strategies for improving my essays?;Ik zou graag meer mogelijkheden zien voor één-op-één begeleiding om mijn voortgang te bespreken.;Het zou helpen als er meer begeleiding was over het gebruik van de beschikbare toegankelijkheidsfuncties.
934;2;2026/27;Tilburg;ICT & Business;Full-time;Second-year;Can the program reduce the required readings? It's consuming too much of my study time.;I feel stronger training in professional networking and stakeholder management would be extremely beneficial.;Het mentorschap voelt meer als een algemene aankondiging dan als echt persoonlijk advies.;Please improve the communication channels to ensure prompt responses from mentors.;Ik vond dat de technische ondersteuning tijdens het examen onvoldoende was en ik moest te lang wachten.;More cross-year mentoring sessions would really boost our sense of belonging in the program.;Het zou fijn zijn als er meer duidelijke bordjes waren voor de rolstoeltoegankelijke routes.
935;2;2026/27;Den Bosh;HBO-ICT;Full-time;Third-year;De docenten reageren vaak te traag op e-mails, wat ons studieproces vertraagt.;Ik zou het geweldig vinden als de universiteit meer directe contacten met lokale bedrijven kon leggen.;Het zou helpen als we meer over de huidige trends in de industrie zouden leren.;Ik waardeer echt de begeleiding, het hielp me bij het kiezen van een nieuwe focus.;Ik zou willen dat de beoordelingen beter aansluiten bij de dagelijkse lesstof en discussies.;More spontaneous Q&A sessions after lectures would really help clarify the tougher concepts.;Could we get a centralized hub that verifies the accessibility of all course content?
936;2;2026/27;Venlo;Software Engineering;Part-time;Fourth-year;Overall great, but sometimes the material is presented too abstractly without concrete examples.;Het zou geweldig zijn als we meer projecten met echte bedrijven konden doen.;Het gevoel was alsof de docenten een standaardpresentatie volgden zonder enige aanpassing.;Het is fijn dat er ondersteuning is, maar de focus op stressmanagement voelt nog te oppervlakkig.;Ik zou meer flexibiliteit willen zien in de beoordeling, minder nadruk op één grote examen.;The response time for feedback on assignments feels excessively slow and unhelpful.;Kunt u meer informatie geven over de geldelijke ondersteuning voor studenten in mijn situatie?
937;2;2026/27;Eindhoven;Cyber Security;Full-time;First-year;Could the department provide a clearer breakdown of the assessment weighting for final exams?;Meer focus op data-analyse van reële bedrijfsgevallen zou fantastisch zijn.;Het is erg frustrerend om drie verschillende docenten te krijgen in één jaar.;Sometimes the limited availability makes it feel like the mentorship isn't a priority.;Ik hoop dat de school meer nadruk legt op het beoordelen van leerproces in plaats van alleen de eindtoets.;Zouden jullie een centrale pagina kunnen maken met alle relevante contactpersonen en hun bevoegdheden?;Ze waren altijd bereid om extra uitleg te geven, wat enorm geruststellend was voor mij.
938;1;2026/27;Tilburg;Artificial Intelligence;Full-time;Second-year;I appreciate the deep dives, but the pace felt a bit too abstract for practical application.;"Ik pleit voor een grotere variëteit aan gastspreker-onderwerpen; niet alleen de standaardbedrijven.";It's a real hassle trying to book anything, the system needs a serious technical overhaul.;Soms voel ik me wat geïsoleerd en zou meer informele groepsactiviteiten helpen mijn welzijn.;Algemeen gezien was het eerlijk, maar de uitsplitsing van de punten was lastig te volgen.;Het is lastig om te zien wie verantwoordelijk is voor mijn examenplanning en wie voor mijn diploma-aanvraag.;While supportive, I need counselors who specialize not just in emotional, but also career guidance.
939;2;2026/27;Den Bosh;ICT & Business;Full-time;Third-year;More proactive communication about changes and expectations would be very beneficial.;It would be extremely beneficial to visit various professional sites to see operations firsthand.;De responstijd van de mentors is veel te traag voor een moderne academische omgeving.;More explicit recognition of student effort would be incredibly motivating for the cohort.;While the exam covered all topics, the grading mechanism needs clearer, quantifiable standards.;I appreciate the quick feedback, but I need more depth in the guidance offered.;Kunt u meer voorbeelden geven van wat 'gemakkelijke aanpassing' precies inhoudt in de praktijk?
940;2;2026/27;Venlo;HBO-ICT;Full-time;Fourth-year;[NAME] heeft een geweldige manier om complexe onderwerpen simpel te maken.;Could we please have more site visits? Seeing the actual workflow is incredibly valuable for understanding the industry.;Het zou prettig zijn als er specifieke online resources waren die niet op de fysieke campus beschikbaar zijn.;Perhaps establishing core weekly office hours would improve accessibility significantly.;We zouden meer flexibiliteit moeten hebben in het type alternatief beoordelingswerk.;The live Q&A sessions could benefit from more structured prompts to keep everyone involved.;De video's hebben vaak ondertiteling nodig, anders is de informatie moeilijk te volgen.
941;2;2026/27;Eindhoven;Software Engineering;Full-time;First-year;We zouden meer flexibiliteit willen met de inleverdata om de stress te verminderen.;Het zou fijn zijn als het college meer concrete stageplekjes in de buurt kon aanreiken.;Perhaps smaller tutorial groups would allow for more meaningful, focused interaction with the faculty.;Het was fijn om te zien dat ik niet de enige was met die specifieke zorgen.;Het is goed om te weten wat ze beoordelen, maar het feedbackgedeelte miste specifieke richting.;We need clearer communication channels for students with chronic health issues.;Het zou fijn zijn om opties voor een gepersonaliseerd leerpad te krijgen.
942;1;2026/27;Tilburg;Cyber Security;Full-time;Second-year;Het is moeilijk om te studeren als je wacht op [NAME] beoordeling, echt.;We hope for more real-world simulations that mirror actual professional challenges and data.;I really appreciate that the staff consistently reaches out with helpful resources before we even ask.;Ik voel me gerespecteerd, maar de culturele verschillen worden nog te weinig besproken in de lessen.;Ik vond de terminologie in de examenopdracht onduidelijk en te ingewikkeld voor de studenten.;The guidance sessions are fantastic, offering personalized advice that feels tailored just for me.;Het is cruciaal dat alle studieruimtes op de begane grond zijn voor maximale toegankelijkheid.
943;2;2026/27;Den Bosh;Artificial Intelligence;Full-time;Third-year;De criteria voor het groepsproject zijn lastig te interpreteren, echt.;Het zou geweldig zijn met meer excursies zodat we de bedrijfswereld beter begrijpen.;Meer mentoring zou geweldig zijn, niet alleen een algemene presentatie van stof.;Consistent check-ins, even short ones, make a huge difference in motivation and direction.;De aanpassing van tentamens was goed geregeld, maar het melden ervan was te ingewikkeld.;Het zou goed zijn als de faculteiten meer transparant waren over hun besluitvormingsprocessen.;Zou het kunnen dat er een vaste contactpersoon is voor dit soort aanpassingsvragen?
944;2;2026/27;Venlo;ICT & Business;Full-time;Fourth-year;I struggle to understand the grading rubric, the expectations feel vague and inconsistent.;Het zou goed zijn om meer vakinhoud te koppelen aan de recente ontwikkelingen op de markt.;Ik hoop echt dat er meer praktische voorbeelden worden gegeven, meer dan nu.;I appreciated the sessions focused on industry-specific career paths.;The assessment needs feedback that addresses the 'how' rather than just the 'what' of my mistakes.;Het zou helpen als de communicatie over evenementen toegankelijker zou zijn voor iedereen.;Het zou een enorme verbetering zijn als alle gedeelde video's alvast met duidelijke en correcte transcripties beschikbaar waren.
945;1;2026/27;Eindhoven;HBO-ICT;Part-time;First-year;The scoring guide seems contradictory, making it hard to aim for a passing grade.;Meer faculteitsleden die echt industrie-ervaring hebben zouden onze begeleiding enorm verbeteren.;Het is lastig om echt te verbinden met de docenten zonder voldoende 1-op-1 tijd.;Ik voelde me over het algemeen goed geaccepteerd door de groepsactiviteiten en de docenten.;Zeker meer voorlichting over wie precies verantwoordelijk is voor de aanpassing.;I wish the guidance sessions were more individualized and less like a group lecture.;I think dedicated quiet spaces for students who are feeling overwhelmed or anxious would be beneficial.
946;2;2026/27;Tilburg;Software Engineering;Full-time;Second-year;Waarom duurt het zo lang met de toetsen van [NAME]? Het tempo is echt onhoudbaar.;Offering practical professional credentialing would make the degree much more valuable on the job market.;Zijn er meer virtuele studiegroepen? We voelen ons te geïsoleerd achter het scherm.;I wish the feedback wasn't just general, but pointed towards actionable changes I can make.;Het is lastig om te weten wat de scope van het antwoord moet zijn als de vraag zo breed is.;De ondersteuning was waardevol, maar ik zou meer focus op carrièrepaden willen zien.;Meer duidelijkheid over wanneer en hoe een verlenging daadwerkelijk mogelijk is, zou fijn zijn.
947;2;2026/27;Den Bosh;Cyber Security;Full-time;Third-year;We zouden meer proactieve updates van de docenten willen, het is te vaak onduidelijk wat de volgende stappen zijn.;Ik zou graag meer sessies zien over de ethische dilemma's in de industrie, gegeven de expertise.;Het is frustrerend om te moeten starten met een nieuwe docent elke semester, het kost te veel energie.;Can we establish a clearer, more predictable schedule for check-ins, please?;More coursework options would help reduce the pressure of back-to-back comprehensive exams.;Wat betreft contact, meer directe beschikbaarheid in de pauzes zou de studiemogelijkheden verbeteren.;Please establish a central point of contact for all academic adjustments and questions.
948;1;2026/27;Venlo;Artificial Intelligence;Full-time;Fourth-year;Ik hoop dat de afdeling de grading process van [NAME] kan optimaliseren, het is te traag.;It would be great to have a centralized platform for job postings and networking contacts.;Het zou helpen als de mentoren niet alleen de stof, maar ook studievaardigheden beter kunnen uitleggen.;Het is moeilijk om afspraken te maken, de beschikbaarheid van de mentoren is te beperkt.;I think a combination of practical assessments and theory exams would be much more manageable.;Het zou helpen als de staff een meer uniforme reactietijd voor verschillende soorten vragen hanteert.;A clearer guide regarding special grants and application requirements would be beneficial.
949;2;2026/27;Eindhoven;ICT & Business;Full-time;First-year;Het zou helpen als de beoordelingsverwachtingen in meer detail waren uitgelegd aan ons.;More specific guidance on different industry vertical expectations would really help our placement success.;Seriously, Im really annoyed by the constant rotation of teachers, it makes learning so difficult.;Het zou helpen als we een meer voorspelbaar schema voor ons begeleidingsgesprek zouden hebben.;Gerçek feedback zou moeten wijzen op de best mogelijke volgende stappen voor mijn studie.;Zou het mogelijk zijn om een keer per week een vrijblijvende chat met de docent te organiseren?;It would greatly help if the financial aid options were consolidated on one page.
950;1;2026/27;Tilburg;HBO-ICT;Full-time;Second-year;I feel like reaching the teaching staff requires too much effort, almost impossible.;Het zou geweldig zijn als we meer workshops krijgen over specifieke, gevraagde softwaretools in het huidige arbeidsveld.;Het is fijn dat de mentoren zo laagdrempelig zijn en hulp aanbieden voordat je erom hoeft te vragen.;Het is goed dat het er is, maar het bereik van de emotionele begeleiding moet zeker worden uitgebreid.;Hoewel goed bedoeld, was de beoordeling niet altijd transparant genoeg om te begrijpen.;Ik zou meer formele sessies gewaardeerd hebben om de stof beter te kunnen verwerken.;Would it be possible to have anonymous mental health check-ins through a dedicated platform?
951;2;2026/27;Den Bosh;Software Engineering;Full-time;Third-year;We need clearer expectations regarding how our final grades will be calculated and weighted.;Ik zou meer workshops over 'storytelling' voor sollicitatiegesprekken willen volgen.;Ik raad aan dat de docenten een vast team vormen, de rotatie is te hoog.;Could there be more workshops focusing on specific professional certifications and career jumps?;It would be beneficial if the instructions for different sections were more explicitly separated.;"Ik hoop dat er meer feedback wordt gegeven over onze voortgang; dat motiveert ons.";My tutors were very empathetic and adjusted the workload accordingly, making things manageable.
952;2;2026/27;Venlo;Cyber Security;Full-time;Fourth-year;Het zou fijn zijn als de docenten meer aandacht gaven aan postkoloniale perspectieven in hun lessen.;I hope the assignments reflect current industry challenges and data sources.;Het voelt vaak als een groepslectuur, ik mis echt persoonlijk advies van docenten.;I wish there was a centralized platform for booking mentor appointments that wasn't so difficult.;De feedback was te algemeen en gaf mij weinig concrete stappen voor mijn volgende poging.;Meer samenwerking met lokale bedrijven zou de stagekansen voor ons enorm verbeteren.;The accommodation for my demanding training schedule is excellent, allowing me to focus fully on my studies.
953;1;2026/27;Eindhoven;Artificial Intelligence;Full-time;First-year;I found the supplementary materials were inconsistently uploaded, which made studying difficult.;Het zou helpen als er meer inzicht gegeven zou worden in de verschillende carrièrepaden na afstuderen.;Ik hoop op een grotere focus op het integreren van online leerlingen in de algehele campuscultuur.;I think a set of clear benchmarks would really help manage expectations throughout the course.;Ik vind de mentale belasting van opeenvolgende examens onhoudbaar, echt waar.;Het zou helpen als de docenten vaker check-ins zouden doen om te zien of we vastlopen.;Would a modular system allow for students to tailor their own learning modules?
954;2;2026/27;Tilburg;ICT & Business;Part-time;Second-year;De hoeveelheid leesmateriaal en assignments is simpelweg te veel voor een normale studieverplichting.;It would greatly enhance our skills if the software mirrored what we encounter in professional corporate environments.;Meer persoonlijke feedback op projecten zou het leerproces enorm verbeteren.;De studentenborrels en discussiegroepen boden een geweldig platform om vriendschappen te knopen.;Het helpt me meer als u aangeeft waar mijn tekortkomingen precies liggen in de structuur.;It would be helpful if office hours were more consistently advertised and adhered to by the faculty.;Could the institution offer elective paths to customize the learning experience for better engagement?
955;2;2026/27;Den Bosh;HBO-ICT;Full-time;Third-year;Kunt u de grading van [NAME] versnellen? De wachttijd is te lang en we kunnen niet plannen.;More hands-on workshops led by professionals would be extremely valuable for our career development right now.;I really feel like I need dedicated one-on-one time rather than general classroom discussions.;Zouden we een centrale platform kunnen krijgen om makkelijker mentorcontact te leggen?;I suggest making the grading criteria more visible and applicable throughout the module.;It would be much appreciated if staff were more proactive in checking in with students.;I noticed some images within the readings lack alt-text descriptions, making comprehension challenging for visually impaired peers.
956;1;2026/27;Venlo;Software Engineering;Full-time;Fourth-year;Ik voel me constant gestrest door de enorme hoeveelheid stof die we moeten afdekken.;Het zou nuttig zijn als er meer projecten zijn die bedrijven kunnen sponsoren voor onze studie.;Ik hoop echt dat er een vaste groep mentoren komt, de huidige situatie is onhoudbaar.;I need more timely communication regarding procedural changes affecting my enrollment.;I wish the critiques focused on deep conceptual gaps instead of superficial mistakes.;Could we have more structured opportunities for peer-to-peer learning and interaction?;Het is handig, maar sommige video's missen accurate en volledig tijdgesynchroniseerde ondertiteling.
957;1;2026/27;Eindhoven;Cyber Security;Full-time;First-year;While the passion is great, the explanations sometimes jump too quickly between different concepts.;Ik zou graag meer modules over ethiek en duurzaamheid in onze vakgebieden zien.;I found some of the mentors' advice was inconsistent with the official curriculum guidelines.;De focus ligt te veel op academische prestaties en te weinig op onze emotionele gezondheid.;Overall, the transparency of the marking scheme was acceptable, though inconsistent.;Ik zou meer directe communicatie over curriculumwijzigingen willen horen, anders voelt het passief.;They made sure I was caught up without feeling guilty or singled out.
958;2;2026/27;Tilburg;Artificial Intelligence;Full-time;Second-year;Ik zou meer tijd gewenst hebben voor die lastige chemieconcepten, ze gingen te snel.;Meer netwerkmogelijkheden met professionals in de creatieve sector zou mijn zoektocht enorm ondersteunen.;Ik ben gefrustreerd door de wisselende docenten, het maakt het leren erg lastig.;The support feels somewhat reactive, proactive emotional wellness resources would be better.;"I feel like the feedback cycle is far too slow; we need more timely insights into our performance.";Could the system implement a system where students can easily schedule quick check-ins?;Het zou super fijn zijn als er meer workshops waren over stressmanagement en mindfulness.
959;1;2026/27;Den Bosh;ICT & Business;Full-time;Third-year;De rubrics waren zo vaag dat ik niet wist wat ik moest focussen tijdens de projecten.;We zouden meer willen zien met praktijkgerichte, actuele business cases.;Could someone please improve the scheduling interface, its nearly impossible to use.;Het zou fantastisch zijn als er een 'walk-in' mentor-uren systeem bestond, zonder vooraf boeken.;A smaller percentage of the final grade coming from those clustered final exams.;Het is super fijn dat er zo'n laagdrempelige manier is om advies te vragen.;Ik zou meer duidelijkere borden op de campus nodig hebben om de looproutes te navigeren.
960;2;2026/27;Venlo;HBO-ICT;Full-time;Fourth-year;Kunt u de beoordelingen van [NAME] wat sneller krijgen? Het is frustrerend.;Het zou nuttig zijn met een betaalde stagefaciliteerder die ons door het proces leidt.;Het is moeilijk om een goede band op te bouwen met een mentor die constant wisselt.;Ik zou baat hebben bij meer frequente, laagdrempelige check-ins om gemotiveerd te blijven.;De druk voelt soms onrealistisch, waardoor de angst groter wordt dan de kennis.;A structured peer support group would help maintain connection outside of mandatory class time.;It would be really beneficial to have resources focused on balancing academic demands with personal life.
961;1;2026/27;Eindhoven;Software Engineering;Full-time;First-year;De hoeveelheid lectures voelt simpelweg te beperkt om een grondig begrip te krijgen.;Het zou veel waard zijn om te werken met bedrijven die daadwerkelijk problemen hebben die we moeten oplossen.;Het zou goed zijn als de mentors de nieuwste onderzoekstheorieën beter kenden.;We need more resources acknowledging different religious and cultural backgrounds within the student body.;De combinatie van examens en opdrachten is goed, maar de timing van de examens is te geconcentreerd.;Het zou fijn zijn om meer feedback te krijgen op mijn deelname tijdens de online discussies.;Het is lastig om een voorspelbaar beleid te krijgen voor het aanpassen van lesroosters.
962;1;2026/27;Tilburg;Cyber Security;Full-time;Second-year;Het programma biedt een uitstekende combinatie van theoretische kennis en praktische case studies.;Het zou fijn zijn met een paar meer gespecialiseerde sprekers over AI-toepassingen in de praktijk.;Sometimes the mentorship feels contradictory when their advice clashes with departmental policy.;Overall, the academic direction has been solid, thank you for the continuous support.;Het zou fijn zijn als we de examens konden verspreiden over een grotere periode, snap je?;Perhaps we could organize some optional study groups to boost peer-to-peer engagement.;De counselors zijn erg deskundig, maar meer directe, praktijkgerichte tips zouden helpen.
963;1;2026/27;Den Bosh;Artificial Intelligence;Part-time;Third-year;De docenten zijn niet alleen deskundig, maar motiveren ook tot verder onderzoek.;Maybe structure some events around industry-specific challenges or case studies, not just job announcements.;Is er een online mentorprogramma mogelijk? De huidige ondersteuning is te veel gefocust op de campus.;De check-ins voelen momenteel te ver uit elkaar om echt een goed gevoel van voortgang te hebben.;Ik zou meer keuzevrijheid willen in mijn assessering, misschien een portfolio?;I wish there was a single, easy-to-find flowchart showing who handles billing versus curriculum issues.;Ik zou graag een gespecialiseerde mentor willen die bekend is met de uitdagingen van ouderschap.
964;1;2026/27;Venlo;ICT & Business;Full-time;Fourth-year;The technical glitches with the learning portal significantly hampered my ability to prepare properly.;More projects using verifiable market data from real companies would be very beneficial.;Ze waren super attent, ze stuurden mij een mail met extra bronnen, wat erg nuttig was.;Vaker feedbacksessies zouden nuttig zijn om de druk van het studieproces wat meer te verdelen.;I think a more transparent rubric for grading would significantly help student understanding.;Ik heb soms het gevoel dat de coaches te druk zijn en weinig aandacht kunnen schenken.;Het zou nuttig zijn om meer zichtbare en functionele hulp van personeel bij de faciliteiten te hebben.
965;2;2026/27;Eindhoven;HBO-ICT;Full-time;First-year;Kunnen de docenten een vast schema communiceren voor Q&A, zodat we niet constant moeten gissen?;Het zou fijn zijn als we vaker sessies kunnen hebben van mensen met praktijkervaring.;Kunnen ze het beleid verbeteren? Het wisselen van mentoren is echt onprofessioneel.;Ik waardeer echt de erkenning van mijn inspanningen, het gaf me veel extra motivatie.;Sommige onderdelen van het examen leken dubbelzinnig en waren moeilijk te interpreteren.;Het zou geweldig zijn met meer quizavonden of sociale borrels om de vriendschappen te versterken.;Zeker, meer duidelijkheid over de procedure voor het aanvragen van verlengingen zou de stress verminderen.
966;2;2026/27;Tilburg;Software Engineering;Full-time;Second-year;We really need improvement regarding [NAME]’s grading speed, het is gewoon te traag.;Het is belangrijk dat de curriculumupdates snel inspelen op veranderingen in de sector.;The advice was helpful, yet some sessions felt disorganized and a little unguided.;Extra training over tech interview skills zou mijn zelfvertrouwen enorm verhogen.;Could the marker provide clearer guidelines on what constitutes a full answer?;Het voelt soms alsof onze input naar een zwarte doos verdwijnt zonder concrete follow-up.;Het zou helpen als er meer workshops over slaaphygiëne en stressreductie werden aangeboden.
967;2;2026/27;Den Bosh;Cyber Security;Full-time;Third-year;De diepgang van de stof is echt indrukwekkend, het voelde meteen zeer relevant voor de industrie.;We zouden meer praktische cursussen over de industrie-standaarden waarderen.;The program would benefit from mandatory advanced training for all peer leaders.;Het was geweldig om meer te connecten met mijn klasgenoten en de gemeenschapsgevoel was echt waardevol.;It seems like the scope of the exam exceeded the curriculum material we were taught.;Het zou fijn zijn als er een duidelijker kanaal was voor snelle, niet-academische vragen ook.;Counseling sessions felt very judgmental sometimes, I prefer more objective resources instead.
968;1;2026/27;Venlo;Artificial Intelligence;Full-time;Fourth-year;Ik raad aan om een betere, stabielere infrastructuur voor online lessen te gebruiken.;I wish there were more dedicated sessions for advanced technical interview skills.;I really wish the mentors could improve their response time, urgent emails often go unanswered for too long.;De faciliteiten zijn zeer toegankelijk en respecteren diverse ritmes en culturele uitingen.;The instructions for Section B were ambiguous, leading to confusion about the required format of the submission.;The resources for students with disabilities feel limited and could benefit from clearer promotion.;Graag een optie om het curriculum te verdiepen in bepaalde modules die ik interessant vind.
969;2;2026/27;Eindhoven;ICT & Business;Full-time;First-year;It’s fantastic how the teaching staff encourages independent research and critical thinking skills.;Ik stel voor dat we meer uitstapjes naar zakelijke omgevingen organiseren voor praktische ervaring.;Het constant moeten wennen aan nieuwe docenten is een enorme mentale belasting voor de student.;Staff members’ positive feedback really helped build my confidence this semester.;Het gevoel is dat examens te veel gericht zijn op nicheonderwerpen die we nauwelijks besproken hebben.;Ik raad aan om de wijzigingen duidelijker en vaker te communiceren om stress te verminderen.;Zou meer duidelijkheid gewenst zijn over de aanvraagprocessen voor speciale subsidies.
970;2;2026/27;Tilburg;HBO-ICT;Full-time;Second-year;Kunt u de hoeveelheid leeswerk verminderen? Het neemt te veel tijd in beslag.;Focusing on specific job roles rather than general fields would be beneficial for learning.;I really wish there was more dedicated time for one-on-one mentorship outside of scheduled lectures.;I need a faster mechanism to escalate concerns that aren't being handled promptly.;De feedback na het examen was erg nuttig, al was de uiteindelijke cijferberekening wat vaag.;Het is geweldig, maar de bereikbaarheid van campusbronnen voor studenten met beperkingen is nog een punt.;Sometimes the lack of flexibility in the core curriculum feels restrictive, even with accommodations.
971;1;2026/27;Den Bosh;Software Engineering;Full-time;Third-year;The professor explains concepts well, yet I struggled when the lectures became too theoretical.;Het is lastig om de brug te slaan tussen studie en de echte baanmarkt, dat mist.;I'd appreciate more dedicated time slots for one-on-one academic consultation, please.;De interactie met andere studenten maakte de studie lastiger te dragen, bedankt!;Het is fijn dat er duidelijke richtlijnen zijn, maar ik zou meer input willen over de afwijkende gradaties.;"The contact points are a bit scattered; grouping them by topic would save a lot of time.";Ik zou graag een meer flexibel tempo willen om de stof goed te kunnen verwerken.
972;2;2026/27;Venlo;Cyber Security;Part-time;Fourth-year;We hadden baat gehad bij een betere uitleg van de beoordelingsverwachtingen, echt waar.;Ik zou graag meer opties zien om industrie-specifieke training en certificering te verkrijgen.;Zou het niet beter zijn met minder docentenwisselingen? Het raakt de diepgang van het curriculum.;I really think we need more consistent check-ins, the current schedule is too sporadic.;Ik wil graag zien dat de beoordelingen dichter bij de praktische lesstof liggen, minder theoretisch.;More proactive communication channels for students who feel isolated or struggle to connect initially.;Could the university streamline the process for requesting schedule adjustments during challenging periods?
973;2;2026/27;Eindhoven;Artificial Intelligence;Full-time;First-year;Ik vind de manier waarop de docenten de stof uitleggen zowel academisch als begrijpelijk.;Perhaps integrating advanced CRM platforms, like Salesforce, would better prepare us for industry roles.;Wij zouden graag meer persoonlijke consultaties inplannen met de vakdocenten.;Het was fijn om te horen welke vakken ik kan volgen om mijn CV te versterken.;Could the exam questions be structured with clearer rubrics?;Kunnen we meer opties voor face-to-face begeleiding krijgen, bijvoorbeeld tijdens kantooruren?;I noticed a few slides that were just images, making them inaccessible for visually impaired students.
974;1;2026/27;Tilburg;ICT & Business;Full-time;Second-year;I wish we could get more varied teaching methods, maybe some hands-on workshops.;Kortingen of workshops voor het optimaliseren van onze studenten CV's en portfolio's zijn cruciaal.;Wacht je mentor soms te lang? Ik heb dringend hulp nodig met mijn project.;Het is lastig om betrouwbare support te krijgen als je de mentor zelden kunt spreken.;Het is een goed startpunt, maar meer voorbeelden van wat 'voldoende' inhoudelijk gezien betekent, zou nuttig zijn.;Het zou fijn zijn met meer groepsopdrachten om de samenwerking te verbeteren.;"Ik wil benadrukken hoe begripvol de docenten waren; het verschil maakte echt uit."
975;1;2026/27;Den Bosh;HBO-ICT;Full-time;Third-year;The expectations were vague, especially when it came to the formatting and academic rigor.;Een cursus over zakelijke communicatie en professionele e-mailschrijfvaardigheden zou erg helpen.;Altijd geconfronteerd met overvolle agenda's, het boekingsproces is gewoonweg te onbetrouwbaar.;Meer 'thank you' momenten voor de extra moeite die docenten doen voor de studenten.;The assessment structure needs to better mirror the material emphasized in the course readings.;I wish we had more small group discussions, as I feel somewhat disconnected from the material.;Overall good, but accessibility testing should be integrated into the content creation process.
976;1;2026/27;Venlo;Software Engineering;Full-time;Fourth-year;Het curriculum lijkt te gehaast door de beperkte contacttijd.;Ik zou graag meer mogelijkheden voor bedrijfsuitjes willen, het geeft een realistisch beeld van de beroepspraktijk.;We zouden echt meer kleinschalige sessies nodig hebben dan dit soort grote, algemene briefings.;Het zou helpen als de mentor meer flexibele spreektijden zou hebben, misschien een avond per week.;Het was moeilijk om te begrijpen wat ik precies moest doen om een betere score te halen.;The staff is responsive, but the communication could benefit from varied formats, perhaps short videos.;Het is lastig om examens te verplaatsen zonder veel bureaucratie en papierwerk.
977;1;2026/27;Eindhoven;Cyber Security;Full-time;First-year;The lack of timely feedback from [NAME] makes studying for the next module incredibly difficult.;Meer modules die de relevante, moderne, en commerciële software toepassen op complexe projecten.;De groepsdiscussies zijn leuk, maar de inhoudelijke diepgang ontbreekt vaak.;They do a good job, having dedicated counselors makes a big difference to student well-being.;Ik verwacht dat de criteria voor de eindtoets vooraf heel precies worden uitgelegd aan studenten.;Het zou helpen als de communicatie kan worden aangepast voor studenten met leerstoornissen.;It would be helpful to have better signage directing students with mobility aids.
978;1;2026/27;Tilburg;Artificial Intelligence;Full-time;Second-year;Het is erg frustrerend als reacties op e-mails dagenlang blijven hangen zonder antwoord.;Ik zou graag meer begeleiding willen bij het vinden van een geschikte stagebranche. (Dutch);The turnover rate of teachers is negatively impacting our learning experience significantly.;De communicatie over wijzigingen in cursussen is vaak te laat, waardoor ik achter de feiten loop.;The written feedback was often too vague to actually guide me towards better academic writing.;Het zou fijn zijn als we meer geplande groepssessies zouden hebben voor diepgaandere discussies.;Zouden jullie kunnen overwegen om meer zitplekken te creëren die geschikt zijn voor mensen met beperkte mobiliteit?
979;2;2026/27;Den Bosh;ICT & Business;Full-time;Third-year;We are constantly anxious about Smith's grades due to the unpredictable and slow grading schedule.;Zou het mogelijk zijn om een workshop over LinkedIn optimalisatie te houden?;I waited almost three weeks for clarification, which put my graduation plan at risk.;Het is belangrijk om deze sociale verbindingen te behouden, vooral voor nieuwe aankomsten.;We zouden het enorm waarderen als de resultaten en feedback binnen twee weken na de examenperiode ontvangen konden.;Het is goed om gevraagd te worden, maar we hebben ook directe kanalen nodig voor spoedproblematiek.;Ik zou graag meer workshops willen over academische vaardigheden die door gespecialiseerde begeleiders worden gegeven.
980;2;2026/27;Venlo;HBO-ICT;Full-time;Fourth-year;Many assignments were linked to outdated software, which caused technical difficulties.;English: Aligning class software with real-world industry tools would be a massive help.;Wat nuttig zou zijn om meer mentoruren met experts uit de praktijk in te plannen.;The guidance provided made me feel confident about my next academic steps.;A prompt return of grades and detailed feedback would greatly assist our academic development.;It's unclear which office manages housing disputes versus general student queries.;Het is moeilijk om het beleid te vinden over alternatieve examens, dat zou duidelijker moeten.
981;1;2026/27;Eindhoven;Software Engineering;Part-time;First-year;The delay in getting marks from [NAME] is incredibly problematic for our study schedule.;Het zou fantastisch zijn als we meer oefenen met de tools die daadwerkelijk in de industrie worden gebruikt.;Zou het kunnen dat er meer kleine sessies zijn, in plaats van één grote lezing?;Zorg ervoor dat er altijd een luisterend oor is, los van de academische verwachtingen.;Software glitches throughout the test were frustrating and negatively affected my ability to focus.;Het zou nuttig zijn om contactmomenten te creëren met studenten uit minderheidsgroepen.;It would be beneficial to have more elective choices to personalize the academic journey.
982;1;2026/27;Tilburg;Cyber Security;Full-time;Second-year;Zouden we meer modules over de bijdragen van gemarginaliseerde gemeenschappen kunnen krijgen?;Geef ons meer betaalde vacatures en directe contacten met alumni die al in de industrie werken.;It would be much better if they covered diverse career paths, not just theory.;Having established peer bonds made the challenging first semester much more manageable.;Ik zie meer waarde in een uitgebreide mondelinge verdediging dan in een standaard schriftelijk examen.;Misschien meer middelen voor studentenclubs, zodat die meer kunnen organiseren.;Meer follow-up en een gevoel van blijvende begeleiding na de initiële sessies zou ideaal zijn.
983;1;2026/27;Den Bosh;Artificial Intelligence;Full-time;Third-year;I wish there were more flexibility regarding the due dates for the major projects.;Ik vind het nuttig, maar het zou beter zijn als de lessen meer gekoppeld waren aan de nieuwste sectortrends.;I really appreciate the connections you've made with potential employers.;I really wish there was a more immediate way to get advice on coursework issues.;It would be useful to get feedback linking my performance to specific course learning outcomes.;It would be beneficial to have designated times for quick, unscheduled check-ins.;More proactive check-ins and resources for preventing burnout would be beneficial for students.
984;1;2026/27;Venlo;ICT & Business;Full-time;Fourth-year;De manier van presenteren is helder, maar de timing van de lessen kan beter gereguleerd worden.;We zouden meer carrièrebeurzen willen die gespecialiseerd zijn in tech en engineering.;Overall, the initiative is great, yet consistent quality control and resource materials are severely lacking.;I felt well supported in navigating the difficult requirements for my major specialization.;Kortom, de beoordelingsstructuur is prima, maar de feedback aan het einde is te vaag.;Could the institution offer more scheduled office hours, ensuring timely availability for students?;Het was duidelijk dat de docenten zich echt inleven in de moeilijkheden die ik doormaakte.
985;2;2026/27;Eindhoven;HBO-ICT;Full-time;First-year;I wished for more accessibility, the office hours rarely fit into a student's busy schedule.;We zouden meer moeten leren over het geven en ontvangen van professionele feedback, dat is cruciaal.;It was refreshing that the mentors reached out before we even realized we needed help.;Zouden we kunnen kijken naar een vaste, voorspelbare planning voor de volgende gesprekken?;The process itself was fair, but the curve applied felt arbitrary and opaque to many of us.;I appreciate the resources, but I need more direct feedback on my assignments rather than just automated grading.;It would be helpful to have a centralized map showing all accessible facilities and their status.
986;2;2026/27;Tilburg;Software Engineering;Full-time;Second-year;The link between the learning outcomes and the assessment criteria was not adequately explained to us.;More resources focusing on specialized industry certifications would be beneficial for placement.;Het systeem van peer mentoring is geweldig, maar de trainingsmateriaal zou beter moeten zijn.;I really enjoyed the chance to connect with classmates outside of class time.;Could the exam structure be adjusted to reflect the breadth of the course material?;Het zou helpen als de docenten vaker de studenten zouden aanspreken in de klas.;I felt totally supported when I spoke to my professors regarding my difficulties.
987;1;2026/27;Den Bosh;Cyber Security;Full-time;Third-year;De link naar de bestudingsmateriaal viel meerdere keren uit tijdens de online sessie.;More dedicated career counseling resources focused specifically on securing professional placements would be greatly appreciated.;De groepssetting maakt het moeilijk om die persoonlijke aandacht te krijgen die ik nodig heb.;Het was fijn om te weten hoe ik mijn studieprofiel kon optimaliseren voor de arbeidsmarkt.;Misschien een proefperiode met de volledige examens, zonder druk.;Kunnen we meer groepsactiviteiten organiseren zodat we elkaar beter kunnen leren kennen?;Zou het beter zijn als er direct na de intake een vervolgafspraak was ingepland?
988;1;2026/27;Venlo;Artificial Intelligence;Full-time;Fourth-year;De beoordeling door [NAME] duurt veel te lang, het beïnvloedt ons begrip en gemoedsrust.;Offering specialized certifications or micro-degrees related to industry needs would be beneficial.;I feel like my concerns are being ignored because of the extremely slow communication turnaround.;Graag een duidelijker kader over de voortgangseisen, we moeten weten wat de volgende stap is.;I appreciate the hard work, but the grading seemed subjective for certain modules.;Kunnen jullie de updates over lesroosters op een meer gestroomlijnde manier delen?;More scheduled workshops on effective coping mechanisms and time management would be really helpful.
989;2;2026/27;Eindhoven;ICT & Business;Full-time;First-year;Wat precies valt onder 'diepgang' in dit vak, dat snap ik niet.;We would greatly appreciate more diverse industry perspectives through scheduled talks.;We zouden meer directe en oprechte kritiek van de docenten waarderen, niet alleen algemeenheden.;I really appreciated the chance to connect with students from different majors and backgrounds.;Graag meer diepgang in de feedback zodat ik precies weet waar ik mijn kennis moet aan scherpen.;Het zou echt nuttig zijn met meer flexibele uren voor snelle vragen en begeleiding.;Better designated rest spots on campus would greatly improve the experience for everyone.
990;2;2026/27;Tilburg;HBO-ICT;Part-time;Second-year;Het uploaden van de aanvullende resources gebeurde te traag, wat ons vertraagde.;More site visits would significantly enhance our understanding of the applied professional environment.;Het is frustrerend dat de docenten verschillende, tegenstrijdige perspectieven geven.;Het professionele netwerk dat ik via de carrièrebeurs heb opgebouwd, is onbetaalbaar voor mijn toekomst.;Het zou fijn zijn als er een indicatie was wanneer we met de beoordelingen en het feedbacktraject kunnen rekenen.;Het zou helpen om meer praktijkvoorbeelden te krijgen die direct verbonden zijn met de theorie.;Het zou helpen als er een vaste, rustige plek op de campus was voor korte rustmomenten.
991;1;2026/27;Den Bosh;Software Engineering;Full-time;Third-year;Ik ben teleurgesteld over het lage aantal lesuren dit semester.;Could the career services department organize mock interviews with industry professionals?;De inconsistentie in de kennis van de begeleiders zorgt voor veel verwarring onder de studenten.;I found the resources for career path planning extremely valuable and actionable.;I wish the assessments included more specific critiques rather than just grades.;Ik sta te vaak voor vragen: is dit een academische kwestie of een algemeen studentenprobleem?;Het is nuttig, maar de communicatie over wijzigingen in beleid is vaak verwarrend en traag.
992;1;2026/27;Venlo;Cyber Security;Full-time;Fourth-year;Het is lastig om te weten wat de docenten precies van ons verwachten bij de grotere opdrachten.;Zou het mogelijk zijn om een module te integreren over de voorbereiding op bepaalde beroepskwalificaties?;Het initiatief van de mentoren om proactief te checken, is echt te prijzen en zeer nuttig.;Het zou fijn zijn met meer regelmatige check-ins, nu voel ik me wat verloren.;I think the assessments drifted into areas that were tangential to the actual lecture content.;Een meer zichtbaar mentorprogramma zou het gevoel van grootschalige ondersteuning vergroten.;Zou het mogelijk zijn om een modulair systeem te implementeren, zodat ik op mijn eigen tempo kan studeren?
993;2;2026/27;Eindhoven;Artificial Intelligence;Full-time;First-year;I wish the teaching incorporated diverse literary traditions from around the world, not just the Anglophone canon.;Could the department host guest speakers from various professional fields each semester?;We hebben veel meer gestructureerde online support nodig, het huidige aanbod is te minimaal en vluchtig.;It would be great to have some more consistent follow-ups, perhaps every two weeks.;Could the feedback really focus on how to improve my critical thinking skills next time?;Het zou geweldig zijn met een vaste koffiemoment voor studenten om informeel bij te kletsen.;Zij waren prachtig in het aanpassen van de belasting zonder dat het onduidelijk werd.
994;2;2026/27;Tilburg;ICT & Business;Full-time;Second-year;Ik vond dat de platformupdates de interactie met docenten ernstig belemmerden.;I feel that using live company data would make the coursework much more relevant and practical.;We need a commitment to faster mentor response times, especially during busy project periods.;The resources available are great, but more culturally specific workshops would help.;Zou het mogelijk zijn om een online portal te creëren voor snelle en directe feedback? (English);De follow-up was goed, maar ik zou graag meer materie ontvangen om zelf mee te oefenen.;Please clarify the maximum number of times we can appeal for deadline adjustments within a semester.
995;1;2026/27;Den Bosh;HBO-ICT;Full-time;Third-year;We need better communication regarding teacher availability outside of class time.;Kunt u ons meer begeleiden bij het opstellen van een cv en het voorbereiden op sollicitatiegesprekken in de praktijk?;Dit niveau van betrokkenheid bij de student is echt te prijzen, complimenten!;Kortom, de structuur van de studieadviesgesprekken was uitstekend en zeer behulpzaam.;Algemeen gezien oké, maar de manier van punten geven is soms onduidelijk.;Het zou helpen als de docenten vaker aanwezig waren voor spontane vragen.;It would really help if the extension policy was clearer and easier to access online.
996;1;2026/27;Venlo;Software Engineering;Full-time;Fourth-year;Het zou waardevol zijn om meer diverse leerlingenervaringen in de discussies te betrekken.;Het zou fijn zijn als we meer oefeningen deden met groepsdiscussies om onze samenwerkingsvaardigheden te verbeteren.;The mentor response time is unacceptable, urgent emails often go unanswered for weeks.;Het traject voor stagezoektoeslagen moet meer gestandaardiseerd worden voor alle faculteiten.;Het zou helpen als er meer beoordeling was op basis van gecombineerde projecten.;We need to see proof that our input is valued, not just collected and filed away.;I appreciated how proactive the teaching staff was in offering alternative assessment methods.
997;1;2026/27;Eindhoven;Cyber Security;Full-time;First-year;Ik vond de manier van uitleggen erg boeiend, maar sommige onderwerpen gingen te snel voor een beter begrip.;Het zou fijn zijn om te zien hoe de theorieën werken met echte bedrijfsdata in praksis.;De docenten bereiken ons met extra tips en middelen, waardoor het leren makkelijker gaat.;Ik loop tegen moeite aan bij het plannen van gesprekken op korte termijn.;I appreciate the mix, but having three exams in one week is simply too much for one academic term.;The balance between lectures and practical group work needs adjusting for better engagement.;Perhaps a standardized, simplified form for all students in difficult situations would be helpful.
998;2;2026/27;Tilburg;Artificial Intelligence;Full-time;Second-year;I worry about the timing of our submissions because of [NAME]’s incredibly slow marking process.;Kunnen we vaker stageperiodes krijgen die echt diep ingaan op bedrijfsprocessen?;Het mentoringprogramma is prima, maar de studenten coördinatoren zouden meer training moeten krijgen over conflictresolutie.;Ik waardeer de workshops, maar er miste een grotere focus op de mentale last van studie.;Perhaps we could have a combination of written tests and a final project submission.;We zouden baat hebben bij meer interdisciplinaire workshops met verschillende experts.;Consider implementing a system where students can accelerate or slow down certain subjects.
999;2;2026/27;Den Bosh;ICT & Business;Part-time;Third-year;De beoordelingsmethodiek voelt ondoorzichtig, we zijn erg verward over de grading.;We really need more formalized industry connections and practical mentorship programs.;De begeleiding mist een persoonlijk tintje, het is te algemeen en te accuraat.;Please consider scheduling check-ins more regularly to maintain our academic momentum.;I think the current assessment model is too stressful and doesn't reflect my true knowledge.;Zou het mogelijk zijn om een snellere responscycle te hanteren voor technische vragen?;A bit more proactive follow-up regarding academic accommodations would really help me transition back to full study.
